Quiz_Score,Group_Score,Research_Score,Seatwork_Score,Target_Quadrant
0.4,0.5,0.4318,0.59,Hierarchical-Collective
0.66,0.0,0.4318,0.9,Distributed-Collective
0.99,0.0,0.4318,0.67,Distributed-Individual
0.4,1.0,0.4318,0.59,Hierarchical-Collective
0.66,0.5,0.4318,0.9,Distributed-Collective
0.99,0.5,0.4318,0.67,Distributed-Individual
0.4,1.0,0.4318,0.59,Hierarchical-Collective
0.66,0.5,0.4318,0.9,Distributed-Collective
0.99,0.5,0.4318,0.67,Distributed-Individual
0.4,1.0,0.4318,0.59,Hierarchical-Collective
0.66,0.5,0.4318,0.9,Distributed-Collective
0.99,0.5,0.4318,0.67,Distributed-Individual
0.4,0.5,0.4318,0.59,Hierarchical-Collective
0.66,0.0,0.4318,0.9,Distributed-Collective
0.99,0.0,0.4318,0.67,Distributed-Individual
0.4,0.5,0.4318,0.59,Hierarchical-Collective
0.66,0.0,0.4318,0.9,Distributed-Collective
0.99,0.0,0.4318,0.67,Distributed-Individual
0.46,0.5,0.5455,0.65,Hierarchical-Individual
0.83,1.0,0.5455,0.71,Hierarchical-Individual
0.95,1.0,0.5455,0.61,Distributed-Individual
0.46,0.5,0.5455,0.65,Hierarchical-Individual
0.83,1.0,0.5455,0.71,Hierarchical-Individual
0.95,1.0,0.5455,0.61,Distributed-Individual
0.46,0.0,0.5455,0.65,Hierarchical-Individual
0.83,0.5,0.5455,0.71,Hierarchical-Individual
0.95,0.5,0.5455,0.61,Distributed-Individual
0.46,0.0,0.5455,0.65,Hierarchical-Individual
0.83,0.5,0.5455,0.71,Hierarchical-Individual
0.95,0.5,0.5455,0.61,Distributed-Individual
0.46,0.5,0.5455,0.65,Hierarchical-Individual
0.83,1.0,0.5455,0.71,Hierarchical-Individual
0.95,1.0,0.5455,0.61,Distributed-Individual
0.46,0.0,0.5455,0.65,Hierarchical-Individual
0.83,0.5,0.5455,0.71,Hierarchical-Individual
0.95,0.5,0.5455,0.61,Distributed-Individual
0.54,1.0,0.6591,0.75,Hierarchical-Individual
0.42,1.0,0.6591,0.59,Hierarchical-Collective
0.62,0.5,0.6591,0.96,Hierarchical-Individual
0.54,1.0,0.6591,0.75,Hierarchical-Individual
0.42,1.0,0.6591,0.59,Hierarchical-Collective
0.62,0.5,0.6591,0.96,Hierarchical-Individual
0.4,1.0,0.4318,0.63,Distributed-Collective
0.94,0.5,0.4318,0.86,Hierarchical-Collective
0.4,0.5,0.4318,0.63,Distributed-Collective
0.94,0.0,0.4318,0.86,Hierarchical-Collective
0.4,1.0,0.4318,0.63,Distributed-Collective
0.94,0.5,0.4318,0.86,Hierarchical-Collective
0.4,1.0,0.4318,0.63,Distributed-Collective
0.94,0.5,0.4318,0.86,Hierarchical-Collective
0.4,0.5,0.4318,0.63,Distributed-Collective
0.94,0.0,0.4318,0.86,Hierarchical-Collective
0.48,1.0,0.6591,0.57,Hierarchical-Collective
0.6,0.5,0.6591,0.74,Hierarchical-Collective
0.48,1.0,0.6591,0.57,Hierarchical-Collective
0.6,0.5,0.6591,0.74,Hierarchical-Collective
0.58,0.5,0.5682,0.91,Hierarchical-Collective
0.58,0.5,0.5682,0.91,Hierarchical-Collective
0.92,0.5,0.3864,0.74,Distributed-Collective
0.92,0.5,0.3864,0.74,Distributed-Collective
0.92,0.5,0.3864,0.74,Distributed-Collective
0.92,1.0,0.3864,0.74,Distributed-Collective
0.92,0.5,0.3864,0.74,Distributed-Collective
0.92,1.0,0.3864,0.74,Distributed-Collective
0.92,1.0,0.3864,0.74,Distributed-Collective
0.58,0.5,0.5227,0.65,Hierarchical-Collective
0.93,1.0,0.5227,1.0,Distributed-Individual
0.58,0.5,0.5227,0.65,Hierarchical-Collective
0.93,1.0,0.5227,1.0,Distributed-Individual
0.58,0.0,0.5227,0.65,Hierarchical-Collective
0.93,0.5,0.5227,1.0,Distributed-Individual
0.58,0.0,0.5227,0.65,Hierarchical-Collective
0.93,0.5,0.5227,1.0,Distributed-Individual
0.58,0.5,0.5227,0.65,Hierarchical-Collective
0.93,1.0,0.5227,1.0,Distributed-Individual
0.73,0.5,0.3864,0.68,Distributed-Individual
0.69,0.5,0.3864,0.64,Distributed-Collective
0.87,0.5,0.3864,0.68,Hierarchical-Individual
0.88,0.0,0.3864,0.64,Hierarchical-Individual
0.78,0.5,0.3864,0.73,Distributed-Individual
0.73,0.5,0.3864,0.68,Distributed-Individual
0.69,0.5,0.3864,0.64,Distributed-Collective
0.87,0.5,0.3864,0.68,Hierarchical-Individual
0.88,0.0,0.3864,0.64,Hierarchical-Individual
0.78,0.5,0.3864,0.73,Distributed-Individual
0.73,0.5,0.3864,0.68,Distributed-Individual
0.69,0.5,0.3864,0.64,Distributed-Collective
0.87,0.5,0.3864,0.68,Hierarchical-Individual
0.88,0.0,0.3864,0.64,Hierarchical-Individual
0.78,0.5,0.3864,0.73,Distributed-Individual
0.87,0.5,0.3864,0.64,Distributed-Individual
0.82,1.0,0.3864,0.7,Hierarchical-Collective
0.87,0.0,0.3864,0.64,Distributed-Individual
0.82,0.5,0.3864,0.7,Hierarchical-Collective
0.87,0.0,0.3864,0.64,Distributed-Individual
0.82,0.5,0.3864,0.7,Hierarchical-Collective
0.87,0.5,0.3864,0.64,Distributed-Individual
0.82,1.0,0.3864,0.7,Hierarchical-Collective
0.87,0.0,0.3864,0.64,Distributed-Individual
0.82,0.5,0.3864,0.7,Hierarchical-Collective
0.87,0.5,0.3864,0.64,Distributed-Individual
0.82,1.0,0.3864,0.7,Hierarchical-Collective
0.87,0.5,0.3864,0.64,Distributed-Individual
0.82,1.0,0.3864,0.7,Hierarchical-Collective
0.87,0.5,0.3864,0.64,Distributed-Individual
0.82,1.0,0.3864,0.7,Hierarchical-Collective
0.87,0.0,0.3864,0.64,Distributed-Individual
0.82,0.5,0.3864,0.7,Hierarchical-Collective
0.87,0.5,0.3864,0.64,Distributed-Individual
0.82,1.0,0.3864,0.7,Hierarchical-Collective
0.86,0.5,0.4773,0.66,Hierarchical-Collective
0.96,1.0,0.4773,0.77,Hierarchical-Individual
0.86,0.5,0.4773,0.66,Hierarchical-Collective
0.96,1.0,0.4773,0.77,Hierarchical-Individual
0.86,0.5,0.4773,0.66,Hierarchical-Collective
0.96,1.0,0.4773,0.77,Hierarchical-Individual
0.86,0.0,0.4773,0.66,Hierarchical-Collective
0.96,0.5,0.4773,0.77,Hierarchical-Individual
0.86,0.5,0.4773,0.66,Hierarchical-Collective
0.96,1.0,0.4773,0.77,Hierarchical-Individual
0.86,0.5,0.4773,0.66,Hierarchical-Collective
0.96,1.0,0.4773,0.77,Hierarchical-Individual
0.86,0.0,0.4773,0.66,Hierarchical-Collective
0.96,0.5,0.4773,0.77,Hierarchical-Individual
0.4,0.5,0.2045,0.55,Distributed-Collective
0.46,0.5,0.2045,0.73,Distributed-Collective
0.68,0.5,0.2273,0.71,Hierarchical-Collective
0.78,0.5,0.2273,0.85,Distributed-Collective
0.42,0.5,0.3864,0.75,Distributed-Collective
0.64,0.5,0.3864,0.87,Hierarchical-Collective
0.49,0.5,0.3864,0.88,Distributed-Collective
0.42,1.0,0.3864,0.75,Distributed-Collective
0.64,1.0,0.3864,0.87,Hierarchical-Collective
0.49,1.0,0.3864,0.88,Distributed-Collective
0.42,0.5,0.3864,0.75,Distributed-Collective
0.64,0.5,0.3864,0.87,Hierarchical-Collective
0.49,0.5,0.3864,0.88,Distributed-Collective
0.42,1.0,0.3864,0.75,Distributed-Collective
0.64,1.0,0.3864,0.87,Hierarchical-Collective
0.49,1.0,0.3864,0.88,Distributed-Collective
0.42,1.0,0.3864,0.75,Distributed-Collective
0.64,1.0,0.3864,0.87,Hierarchical-Collective
0.49,1.0,0.3864,0.88,Distributed-Collective
0.4,1.0,0.5,0.74,Distributed-Collective
0.4,0.5,0.5,0.74,Distributed-Collective
0.4,1.0,0.5,0.74,Distributed-Collective
0.4,1.0,0.5,0.74,Distributed-Collective
0.4,1.0,0.5,0.74,Distributed-Collective
0.56,0.5,0.3409,0.5,Hierarchical-Collective
0.89,1.0,0.3409,0.87,Hierarchical-Collective
0.75,1.0,0.3409,0.56,Distributed-Individual
0.56,0.0,0.3409,0.5,Hierarchical-Collective
0.89,0.5,0.3409,0.87,Hierarchical-Collective
0.75,0.5,0.3409,0.56,Distributed-Individual
0.56,0.0,0.3409,0.5,Hierarchical-Collective
0.89,0.5,0.3409,0.87,Hierarchical-Collective
0.75,0.5,0.3409,0.56,Distributed-Individual
0.56,0.0,0.3409,0.5,Hierarchical-Collective
0.89,0.5,0.3409,0.87,Hierarchical-Collective
0.75,0.5,0.3409,0.56,Distributed-Individual
0.56,0.5,0.3409,0.5,Hierarchical-Collective
0.89,1.0,0.3409,0.87,Hierarchical-Collective
0.75,1.0,0.3409,0.56,Distributed-Individual
0.56,0.0,0.3409,0.5,Hierarchical-Collective
0.89,0.5,0.3409,0.87,Hierarchical-Collective
0.75,0.5,0.3409,0.56,Distributed-Individual
0.71,1.0,0.2727,0.66,Hierarchical-Individual
0.48,1.0,0.2727,0.55,Hierarchical-Collective
0.71,1.0,0.2727,0.66,Hierarchical-Individual
0.48,1.0,0.2727,0.55,Hierarchical-Collective
0.91,0.5,0.6591,0.67,Hierarchical-Individual
0.91,1.0,0.6591,0.67,Hierarchical-Individual
0.56,0.5,0.4318,0.91,Distributed-Collective
0.56,0.5,0.4318,0.91,Distributed-Collective
0.56,0.5,0.4318,0.91,Distributed-Collective
0.56,1.0,0.4318,0.91,Distributed-Collective
0.56,0.5,0.4318,0.91,Distributed-Collective
0.56,1.0,0.4318,0.91,Distributed-Collective
0.56,1.0,0.4318,0.91,Distributed-Collective
0.56,0.5,0.4318,0.91,Distributed-Collective
0.56,0.5,0.4318,0.91,Distributed-Collective
0.56,1.0,0.4318,0.91,Distributed-Collective
0.56,0.5,0.4318,0.91,Distributed-Collective
0.56,0.5,0.4318,0.91,Distributed-Collective
0.97,0.5,0.4545,0.93,Distributed-Collective
0.67,0.5,0.4545,0.68,Distributed-Individual
0.65,0.0,0.4545,0.8,Hierarchical-Individual
0.97,1.0,0.4545,0.93,Distributed-Collective
0.67,1.0,0.4545,0.68,Distributed-Individual
0.65,0.5,0.4545,0.8,Hierarchical-Individual
0.97,1.0,0.4545,0.93,Distributed-Collective
0.67,1.0,0.4545,0.68,Distributed-Individual
0.65,0.5,0.4545,0.8,Hierarchical-Individual
0.97,1.0,0.4545,0.93,Distributed-Collective
0.67,1.0,0.4545,0.68,Distributed-Individual
0.65,0.5,0.4545,0.8,Hierarchical-Individual
0.97,1.0,0.4545,0.93,Distributed-Collective
0.67,1.0,0.4545,0.68,Distributed-Individual
0.65,0.5,0.4545,0.8,Hierarchical-Individual
0.77,1.0,0.25,0.59,Hierarchical-Collective
0.77,0.5,0.25,0.69,Hierarchical-Individual
0.9,0.5,0.25,0.62,Hierarchical-Individual
0.98,1.0,0.25,0.8,Hierarchical-Collective
0.83,1.0,0.25,0.96,Distributed-Collective
0.77,1.0,0.25,0.59,Hierarchical-Collective
0.77,0.5,0.25,0.69,Hierarchical-Individual
0.9,0.5,0.25,0.62,Hierarchical-Individual
0.98,1.0,0.25,0.8,Hierarchical-Collective
0.83,1.0,0.25,0.96,Distributed-Collective
0.72,0.5,0.3864,0.88,Hierarchical-Collective
0.58,0.5,0.3864,0.79,Distributed-Individual
0.72,0.5,0.3864,0.88,Hierarchical-Collective
0.58,0.5,0.3864,0.79,Distributed-Individual
0.72,0.5,0.3864,0.88,Hierarchical-Collective
0.58,0.5,0.3864,0.79,Distributed-Individual
0.72,0.0,0.3864,0.88,Hierarchical-Collective
0.58,0.0,0.3864,0.79,Distributed-Individual
0.72,0.0,0.3864,0.88,Hierarchical-Collective
0.58,0.0,0.3864,0.79,Distributed-Individual
0.46,1.0,0.4773,0.65,Hierarchical-Collective
0.46,0.5,0.4773,0.65,Hierarchical-Collective
0.46,0.5,0.4773,0.65,Hierarchical-Collective
0.63,0.5,0.2955,0.64,Hierarchical-Individual
0.77,0.0,0.2955,0.73,Distributed-Collective
1.0,0.5,0.2955,0.98,Hierarchical-Individual
0.9,0.5,0.2955,0.66,Distributed-Individual
0.46,0.5,0.2955,0.85,Distributed-Individual
0.61,0.0,0.2955,0.89,Hierarchical-Collective
0.63,1.0,0.2955,0.64,Hierarchical-Individual
0.77,0.5,0.2955,0.73,Distributed-Collective
1.0,1.0,0.2955,0.98,Hierarchical-Individual
0.9,1.0,0.2955,0.66,Distributed-Individual
0.46,1.0,0.2955,0.85,Distributed-Individual
0.61,0.5,0.2955,0.89,Hierarchical-Collective
0.75,0.5,0.5,0.96,Hierarchical-Collective
0.75,0.5,0.5,0.96,Hierarchical-Collective
0.75,0.5,0.5,0.96,Hierarchical-Collective
0.75,0.5,0.5,0.96,Hierarchical-Collective
0.75,0.5,0.5,0.96,Hierarchical-Collective
0.52,0.5,0.3636,0.9,Distributed-Individual
0.52,0.5,0.3636,0.9,Distributed-Individual
0.52,1.0,0.3636,0.9,Distributed-Individual
0.52,0.5,0.3636,0.9,Distributed-Individual
0.52,1.0,0.3636,0.9,Distributed-Individual
0.73,0.0,0.4091,0.5,Distributed-Individual
0.6,0.0,0.4091,0.57,Hierarchical-Collective
0.73,0.0,0.4091,0.5,Distributed-Individual
0.6,0.0,0.4091,0.57,Hierarchical-Collective
0.73,0.0,0.4091,0.5,Distributed-Individual
0.6,0.0,0.4091,0.57,Hierarchical-Collective
0.73,0.5,0.4091,0.5,Distributed-Individual
0.6,0.5,0.4091,0.57,Hierarchical-Collective
0.73,0.5,0.4091,0.5,Distributed-Individual
0.6,0.5,0.4091,0.57,Hierarchical-Collective
0.73,0.5,0.4091,0.5,Distributed-Individual
0.6,0.5,0.4091,0.57,Hierarchical-Collective
0.73,0.5,0.4091,0.5,Distributed-Individual
0.6,0.5,0.4091,0.57,Hierarchical-Collective
0.73,0.5,0.4091,0.5,Distributed-Individual
0.6,0.5,0.4091,0.57,Hierarchical-Collective
0.66,0.5,0.3636,0.52,Distributed-Individual
0.56,0.0,0.3636,0.96,Distributed-Individual
0.66,1.0,0.3636,0.52,Distributed-Individual
0.56,0.5,0.3636,0.96,Distributed-Individual
0.66,1.0,0.3636,0.52,Distributed-Individual
0.56,0.5,0.3636,0.96,Distributed-Individual
0.66,1.0,0.3636,0.52,Distributed-Individual
0.56,0.5,0.3636,0.96,Distributed-Individual
0.66,1.0,0.3636,0.52,Distributed-Individual
0.56,0.5,0.3636,0.96,Distributed-Individual
0.66,1.0,0.3636,0.52,Distributed-Individual
0.56,0.5,0.3636,0.96,Distributed-Individual
0.66,1.0,0.3636,0.52,Distributed-Individual
0.56,0.5,0.3636,0.96,Distributed-Individual
0.66,0.5,0.3636,0.52,Distributed-Individual
0.56,0.0,0.3636,0.96,Distributed-Individual
0.71,0.5,0.7045,0.52,Hierarchical-Collective
0.79,1.0,0.4545,0.87,Distributed-Collective
0.97,0.5,0.4545,0.82,Distributed-Collective
0.79,1.0,0.4545,0.87,Distributed-Collective
0.97,0.5,0.4545,0.82,Distributed-Collective
0.79,0.5,0.4545,0.87,Distributed-Collective
0.97,0.0,0.4545,0.82,Distributed-Collective
0.79,1.0,0.4545,0.87,Distributed-Collective
0.97,0.5,0.4545,0.82,Distributed-Collective
0.52,0.0,0.3182,0.88,Hierarchical-Individual
0.52,0.5,0.3182,0.88,Hierarchical-Individual
0.51,0.5,0.5682,0.62,Distributed-Collective
0.55,0.5,0.5682,1.0,Distributed-Collective
0.51,1.0,0.5682,0.62,Distributed-Collective
0.55,1.0,0.5682,1.0,Distributed-Collective
0.51,1.0,0.5682,0.62,Distributed-Collective
0.55,1.0,0.5682,1.0,Distributed-Collective
0.51,1.0,0.5682,0.62,Distributed-Collective
0.55,1.0,0.5682,1.0,Distributed-Collective
0.51,1.0,0.5682,0.62,Distributed-Collective
0.55,1.0,0.5682,1.0,Distributed-Collective
0.51,1.0,0.5682,0.62,Distributed-Collective
0.55,1.0,0.5682,1.0,Distributed-Collective
0.54,1.0,0.4773,0.54,Distributed-Collective
0.78,1.0,0.4773,0.96,Distributed-Individual
0.54,1.0,0.4773,0.54,Distributed-Collective
0.78,1.0,0.4773,0.96,Distributed-Individual
0.97,0.5,0.1818,0.99,Hierarchical-Collective
0.54,0.5,0.1818,0.89,Distributed-Individual
0.91,0.5,0.1818,0.59,Distributed-Collective
0.97,1.0,0.1818,0.99,Hierarchical-Collective
0.54,1.0,0.1818,0.89,Distributed-Individual
0.91,1.0,0.1818,0.59,Distributed-Collective
1.0,1.0,0.2727,0.58,Distributed-Individual
0.42,1.0,0.2727,0.51,Hierarchical-Collective
0.73,0.5,0.2727,0.61,Distributed-Individual
1.0,1.0,0.2727,0.58,Distributed-Individual
0.42,1.0,0.2727,0.51,Hierarchical-Collective
0.73,0.5,0.2727,0.61,Distributed-Individual
1.0,0.5,0.2727,0.58,Distributed-Individual
0.42,0.5,0.2727,0.51,Hierarchical-Collective
0.73,0.0,0.2727,0.61,Distributed-Individual
1.0,1.0,0.2727,0.58,Distributed-Individual
0.42,1.0,0.2727,0.51,Hierarchical-Collective
0.73,0.5,0.2727,0.61,Distributed-Individual
1.0,0.5,0.2727,0.58,Distributed-Individual
0.42,0.5,0.2727,0.51,Hierarchical-Collective
0.73,0.0,0.2727,0.61,Distributed-Individual
0.95,0.5,0.4773,0.93,Hierarchical-Individual
0.95,0.5,0.4773,0.93,Hierarchical-Individual
0.95,0.0,0.4773,0.93,Hierarchical-Individual
0.95,0.0,0.4773,0.93,Hierarchical-Individual
0.95,0.5,0.4773,0.93,Hierarchical-Individual
0.95,0.0,0.4773,0.93,Hierarchical-Individual
0.95,0.5,0.4773,0.93,Hierarchical-Individual
0.95,0.0,0.4773,0.93,Hierarchical-Individual
0.61,0.5,0.5455,0.78,Hierarchical-Collective
0.61,0.5,0.5455,0.78,Hierarchical-Collective
0.61,1.0,0.5455,0.78,Hierarchical-Collective
0.61,1.0,0.5455,0.78,Hierarchical-Collective
0.61,1.0,0.5455,0.78,Hierarchical-Collective
0.61,1.0,0.5455,0.78,Hierarchical-Collective
0.61,1.0,0.5455,0.78,Hierarchical-Collective
0.61,1.0,0.5455,0.78,Hierarchical-Collective
0.56,0.5,0.4773,0.79,Hierarchical-Individual
0.56,0.0,0.4773,0.79,Hierarchical-Individual
0.56,0.0,0.4773,0.79,Hierarchical-Individual
0.56,0.5,0.4773,0.79,Hierarchical-Individual
0.56,0.5,0.4773,0.79,Hierarchical-Individual
0.93,1.0,0.4091,0.83,Hierarchical-Individual
0.51,1.0,0.4091,0.55,Distributed-Individual
0.93,1.0,0.4091,0.83,Hierarchical-Individual
0.51,1.0,0.4091,0.55,Distributed-Individual
0.93,1.0,0.4091,0.83,Hierarchical-Individual
0.51,1.0,0.4091,0.55,Distributed-Individual
0.93,1.0,0.4091,0.83,Hierarchical-Individual
0.51,1.0,0.4091,0.55,Distributed-Individual
0.93,0.5,0.4091,0.83,Hierarchical-Individual
0.51,0.5,0.4091,0.55,Distributed-Individual
0.93,1.0,0.4091,0.83,Hierarchical-Individual
0.51,1.0,0.4091,0.55,Distributed-Individual
0.93,1.0,0.4091,0.83,Hierarchical-Individual
0.51,1.0,0.4091,0.55,Distributed-Individual
0.81,0.5,0.25,0.77,Hierarchical-Individual
0.52,1.0,0.25,0.94,Hierarchical-Collective
0.87,0.5,0.25,0.58,Hierarchical-Individual
0.81,0.5,0.25,0.77,Hierarchical-Individual
0.52,1.0,0.25,0.94,Hierarchical-Collective
0.87,0.5,0.25,0.58,Hierarchical-Individual
0.84,1.0,0.3636,0.94,Hierarchical-Collective
0.83,0.5,0.3636,0.89,Hierarchical-Individual
0.86,1.0,0.3636,0.53,Hierarchical-Collective
0.84,1.0,0.3636,0.94,Hierarchical-Collective
0.83,0.5,0.3636,0.89,Hierarchical-Individual
0.86,1.0,0.3636,0.53,Hierarchical-Collective
0.84,1.0,0.3636,0.94,Hierarchical-Collective
0.83,0.5,0.3636,0.89,Hierarchical-Individual
0.86,1.0,0.3636,0.53,Hierarchical-Collective
0.59,1.0,0.3864,0.84,Distributed-Individual
0.85,0.5,0.3864,0.9,Distributed-Collective
0.85,1.0,0.3864,0.58,Distributed-Individual
0.59,0.5,0.3864,0.84,Distributed-Individual
0.85,0.0,0.3864,0.9,Distributed-Collective
0.85,0.5,0.3864,0.58,Distributed-Individual
0.59,0.5,0.3864,0.84,Distributed-Individual
0.85,0.0,0.3864,0.9,Distributed-Collective
0.85,0.5,0.3864,0.58,Distributed-Individual
0.59,0.5,0.3864,0.84,Distributed-Individual
0.85,0.0,0.3864,0.9,Distributed-Collective
0.85,0.5,0.3864,0.58,Distributed-Individual
0.59,1.0,0.3864,0.84,Distributed-Individual
0.85,0.5,0.3864,0.9,Distributed-Collective
0.85,1.0,0.3864,0.58,Distributed-Individual
0.99,0.5,0.5909,0.69,Hierarchical-Collective
0.99,0.5,0.5909,0.69,Hierarchical-Collective
0.99,0.5,0.5909,0.69,Hierarchical-Collective
0.47,0.5,0.5,0.6,Hierarchical-Individual
0.55,1.0,0.5,0.73,Distributed-Collective
0.87,0.5,0.5,1.0,Distributed-Individual
0.96,1.0,0.5,0.86,Distributed-Collective
0.47,0.0,0.5,0.6,Hierarchical-Individual
0.55,0.5,0.5,0.73,Distributed-Collective
0.87,0.0,0.5,1.0,Distributed-Individual
0.96,0.5,0.5,0.86,Distributed-Collective
0.47,0.5,0.5,0.6,Hierarchical-Individual
0.55,1.0,0.5,0.73,Distributed-Collective
0.87,0.5,0.5,1.0,Distributed-Individual
0.96,1.0,0.5,0.86,Distributed-Collective
0.47,0.5,0.5,0.6,Hierarchical-Individual
0.55,1.0,0.5,0.73,Distributed-Collective
0.87,0.5,0.5,1.0,Distributed-Individual
0.96,1.0,0.5,0.86,Distributed-Collective
0.47,0.0,0.5,0.6,Hierarchical-Individual
0.55,0.5,0.5,0.73,Distributed-Collective
0.87,0.0,0.5,1.0,Distributed-Individual
0.96,0.5,0.5,0.86,Distributed-Collective
0.47,0.5,0.5,0.6,Hierarchical-Individual
0.55,1.0,0.5,0.73,Distributed-Collective
0.87,0.5,0.5,1.0,Distributed-Individual
0.96,1.0,0.5,0.86,Distributed-Collective
0.47,0.0,0.5,0.6,Hierarchical-Individual
0.55,0.5,0.5,0.73,Distributed-Collective
0.87,0.0,0.5,1.0,Distributed-Individual
0.96,0.5,0.5,0.86,Distributed-Collective
0.47,0.5,0.5,0.6,Hierarchical-Individual
0.55,1.0,0.5,0.73,Distributed-Collective
0.87,0.5,0.5,1.0,Distributed-Individual
0.96,1.0,0.5,0.86,Distributed-Collective
0.76,0.5,0.2045,0.63,Distributed-Collective
0.65,0.5,0.2045,0.61,Hierarchical-Collective
0.66,0.0,0.2045,0.51,Distributed-Individual
0.76,0.5,0.2045,0.63,Distributed-Collective
0.65,0.5,0.2045,0.61,Hierarchical-Collective
0.66,0.0,0.2045,0.51,Distributed-Individual
0.76,1.0,0.2045,0.63,Distributed-Collective
0.65,1.0,0.2045,0.61,Hierarchical-Collective
0.66,0.5,0.2045,0.51,Distributed-Individual
0.76,0.5,0.2045,0.63,Distributed-Collective
0.65,0.5,0.2045,0.61,Hierarchical-Collective
0.66,0.0,0.2045,0.51,Distributed-Individual
0.52,0.5,0.5,0.71,Hierarchical-Individual
0.52,0.0,0.5,0.71,Hierarchical-Individual
0.52,0.0,0.5,0.71,Hierarchical-Individual
0.52,0.5,0.5,0.71,Hierarchical-Individual
0.52,0.5,0.5,0.71,Hierarchical-Individual
0.52,0.5,0.5,0.71,Hierarchical-Individual
0.52,0.5,0.5,0.71,Hierarchical-Individual
0.92,0.0,0.4091,0.93,Hierarchical-Individual
0.98,0.0,0.4091,0.55,Distributed-Collective
0.92,0.0,0.4091,0.93,Hierarchical-Individual
0.98,0.0,0.4091,0.55,Distributed-Collective
0.92,0.5,0.4091,0.93,Hierarchical-Individual
0.98,0.5,0.4091,0.55,Distributed-Collective
0.92,0.5,0.4091,0.93,Hierarchical-Individual
0.98,0.5,0.4091,0.55,Distributed-Collective
0.92,0.5,0.4091,0.93,Hierarchical-Individual
0.98,0.5,0.4091,0.55,Distributed-Collective
0.92,0.5,0.4091,0.93,Hierarchical-Individual
0.98,0.5,0.4091,0.55,Distributed-Collective
0.92,0.5,0.4091,0.93,Hierarchical-Individual
0.98,0.5,0.4091,0.55,Distributed-Collective
0.92,0.0,0.4091,0.93,Hierarchical-Individual
0.98,0.0,0.4091,0.55,Distributed-Collective
0.92,0.5,0.4091,0.93,Hierarchical-Individual
0.98,0.5,0.4091,0.55,Distributed-Collective
0.94,1.0,0.3636,0.92,Distributed-Individual
0.98,1.0,0.3636,1.0,Hierarchical-Collective
0.92,0.5,0.3636,0.6,Distributed-Individual
0.94,0.5,0.3636,0.92,Distributed-Individual
0.98,0.5,0.3636,1.0,Hierarchical-Collective
0.92,0.0,0.3636,0.6,Distributed-Individual
0.94,1.0,0.3636,0.92,Distributed-Individual
0.98,1.0,0.3636,1.0,Hierarchical-Collective
0.92,0.5,0.3636,0.6,Distributed-Individual
0.94,1.0,0.3636,0.92,Distributed-Individual
0.98,1.0,0.3636,1.0,Hierarchical-Collective
0.92,0.5,0.3636,0.6,Distributed-Individual
0.94,0.5,0.3636,0.92,Distributed-Individual
0.98,0.5,0.3636,1.0,Hierarchical-Collective
0.92,0.0,0.3636,0.6,Distributed-Individual
0.94,0.5,0.3636,0.92,Distributed-Individual
0.98,0.5,0.3636,1.0,Hierarchical-Collective
0.92,0.0,0.3636,0.6,Distributed-Individual
0.66,0.5,0.5455,0.99,Hierarchical-Individual
0.51,0.0,0.5455,0.82,Distributed-Individual
0.62,0.0,0.5455,0.76,Distributed-Collective
0.62,0.5,0.5455,0.71,Hierarchical-Collective
0.66,0.5,0.5455,0.99,Hierarchical-Individual
0.51,0.0,0.5455,0.82,Distributed-Individual
0.62,0.0,0.5455,0.76,Distributed-Collective
0.62,0.5,0.5455,0.71,Hierarchical-Collective
0.66,0.5,0.5455,0.99,Hierarchical-Individual
0.51,0.0,0.5455,0.82,Distributed-Individual
0.62,0.0,0.5455,0.76,Distributed-Collective
0.62,0.5,0.5455,0.71,Hierarchical-Collective
0.82,1.0,0.5909,0.91,Distributed-Individual
0.43,0.5,0.5909,0.75,Hierarchical-Individual
0.63,1.0,0.5909,1.0,Hierarchical-Individual
0.82,0.5,0.5909,0.91,Distributed-Individual
0.43,0.0,0.5909,0.75,Hierarchical-Individual
0.63,0.5,0.5909,1.0,Hierarchical-Individual
0.82,1.0,0.5909,0.91,Distributed-Individual
0.43,0.5,0.5909,0.75,Hierarchical-Individual
0.63,1.0,0.5909,1.0,Hierarchical-Individual
0.82,0.5,0.5909,0.91,Distributed-Individual
0.43,0.0,0.5909,0.75,Hierarchical-Individual
0.63,0.5,0.5909,1.0,Hierarchical-Individual
0.82,1.0,0.5909,0.91,Distributed-Individual
0.43,0.5,0.5909,0.75,Hierarchical-Individual
0.63,1.0,0.5909,1.0,Hierarchical-Individual
0.62,1.0,0.5909,0.98,Distributed-Collective
0.5,0.5,0.5909,0.55,Distributed-Individual
0.54,1.0,0.5909,0.54,Hierarchical-Collective
0.62,0.5,0.5909,0.98,Distributed-Collective
0.5,0.0,0.5909,0.55,Distributed-Individual
0.54,0.5,0.5909,0.54,Hierarchical-Collective
0.62,0.5,0.5909,0.98,Distributed-Collective
0.5,0.0,0.5909,0.55,Distributed-Individual
0.54,0.5,0.5909,0.54,Hierarchical-Collective
0.62,1.0,0.5909,0.98,Distributed-Collective
0.5,0.5,0.5909,0.55,Distributed-Individual
0.54,1.0,0.5909,0.54,Hierarchical-Collective
0.93,0.0,0.3409,0.5,Distributed-Individual
0.64,0.5,0.3409,0.69,Hierarchical-Collective
0.93,0.5,0.3409,0.5,Distributed-Individual
0.64,1.0,0.3409,0.69,Hierarchical-Collective
0.93,0.0,0.3409,0.5,Distributed-Individual
0.64,0.5,0.3409,0.69,Hierarchical-Collective
0.93,0.5,0.3409,0.5,Distributed-Individual
0.64,1.0,0.3409,0.69,Hierarchical-Collective
0.93,0.0,0.3409,0.5,Distributed-Individual
0.64,0.5,0.3409,0.69,Hierarchical-Collective
0.93,0.5,0.3409,0.5,Distributed-Individual
0.64,1.0,0.3409,0.69,Hierarchical-Collective
0.42,0.5,0.5,0.79,Hierarchical-Individual
0.42,1.0,0.5,0.79,Hierarchical-Individual
0.42,1.0,0.5,0.79,Hierarchical-Individual
0.42,0.5,0.5,0.79,Hierarchical-Individual
0.42,1.0,0.5,0.79,Hierarchical-Individual
0.42,0.5,0.5,0.79,Hierarchical-Individual
0.42,0.5,0.5,0.79,Hierarchical-Individual
0.69,1.0,0.5909,0.95,Hierarchical-Individual
0.88,0.5,0.5909,0.54,Distributed-Collective
0.89,1.0,0.5909,0.8,Distributed-Collective
0.69,1.0,0.5909,0.95,Hierarchical-Individual
0.88,0.5,0.5909,0.54,Distributed-Collective
0.89,1.0,0.5909,0.8,Distributed-Collective
0.69,1.0,0.5909,0.95,Hierarchical-Individual
0.88,0.5,0.5909,0.54,Distributed-Collective
0.89,1.0,0.5909,0.8,Distributed-Collective
0.69,0.5,0.5909,0.95,Hierarchical-Individual
0.88,0.0,0.5909,0.54,Distributed-Collective
0.89,0.5,0.5909,0.8,Distributed-Collective
0.45,0.0,0.3864,0.66,Hierarchical-Individual
0.9,0.0,0.3864,0.86,Hierarchical-Collective
0.45,0.5,0.3864,0.66,Hierarchical-Individual
0.9,0.5,0.3864,0.86,Hierarchical-Collective
0.45,0.5,0.3864,0.66,Hierarchical-Individual
0.9,0.5,0.3864,0.86,Hierarchical-Collective
0.45,0.5,0.3864,0.66,Hierarchical-Individual
0.9,0.5,0.3864,0.86,Hierarchical-Collective
0.45,0.5,0.3864,0.66,Hierarchical-Individual
0.9,0.5,0.3864,0.86,Hierarchical-Collective
0.45,0.5,0.3864,0.66,Hierarchical-Individual
0.9,0.5,0.3864,0.86,Hierarchical-Collective
0.45,0.5,0.3864,0.66,Hierarchical-Individual
0.9,0.5,0.3864,0.86,Hierarchical-Collective
0.45,0.5,0.3864,0.66,Hierarchical-Individual
0.9,0.5,0.3864,0.86,Hierarchical-Collective
0.46,1.0,0.4318,0.6,Hierarchical-Individual
0.46,1.0,0.4318,0.6,Hierarchical-Individual
0.46,1.0,0.4318,0.6,Hierarchical-Individual
0.46,1.0,0.4318,0.6,Hierarchical-Individual
0.46,0.5,0.4318,0.6,Hierarchical-Individual
0.46,0.5,0.4318,0.6,Hierarchical-Individual
0.46,1.0,0.4318,0.6,Hierarchical-Individual
0.46,0.5,0.4318,0.6,Hierarchical-Individual
0.46,1.0,0.4318,0.6,Hierarchical-Individual
0.88,1.0,0.2955,0.84,Distributed-Individual
0.47,1.0,0.2955,0.79,Distributed-Individual
0.88,1.0,0.2955,0.84,Distributed-Individual
0.47,1.0,0.2955,0.79,Distributed-Individual
0.5,1.0,0.2955,0.96,Distributed-Collective
0.42,0.5,0.2955,0.62,Distributed-Collective
0.54,1.0,0.2955,0.63,Distributed-Collective
0.71,1.0,0.2955,1.0,Distributed-Individual
0.5,1.0,0.2955,0.96,Distributed-Collective
0.42,0.5,0.2955,0.62,Distributed-Collective
0.54,1.0,0.2955,0.63,Distributed-Collective
0.71,1.0,0.2955,1.0,Distributed-Individual
0.5,1.0,0.2955,0.96,Distributed-Collective
0.42,0.5,0.2955,0.62,Distributed-Collective
0.54,1.0,0.2955,0.63,Distributed-Collective
0.71,1.0,0.2955,1.0,Distributed-Individual
0.5,1.0,0.2955,0.96,Distributed-Collective
0.42,0.5,0.2955,0.62,Distributed-Collective
0.54,1.0,0.2955,0.63,Distributed-Collective
0.71,1.0,0.2955,1.0,Distributed-Individual
0.97,0.5,0.6364,0.79,Distributed-Collective
0.91,1.0,0.6364,0.63,Distributed-Collective
0.41,0.5,0.6364,0.85,Hierarchical-Collective
0.97,0.5,0.6364,0.79,Distributed-Collective
0.91,1.0,0.6364,0.63,Distributed-Collective
0.41,0.5,0.6364,0.85,Hierarchical-Collective
0.97,0.0,0.6364,0.79,Distributed-Collective
0.91,0.5,0.6364,0.63,Distributed-Collective
0.41,0.0,0.6364,0.85,Hierarchical-Collective
0.53,1.0,0.4545,0.89,Distributed-Collective
0.53,1.0,0.4545,0.89,Distributed-Collective
0.53,1.0,0.4545,0.89,Distributed-Collective
0.53,0.5,0.4545,0.89,Distributed-Collective
0.53,0.5,0.4545,0.89,Distributed-Collective
0.53,0.5,0.4545,0.89,Distributed-Collective
0.53,1.0,0.4545,0.89,Distributed-Collective
0.53,0.5,0.4545,0.89,Distributed-Collective
0.86,1.0,0.5909,0.66,Hierarchical-Collective
0.86,0.5,0.5909,0.66,Hierarchical-Collective
0.86,0.5,0.5909,0.66,Hierarchical-Collective
0.86,1.0,0.5909,0.66,Hierarchical-Collective
0.86,1.0,0.5909,0.66,Hierarchical-Collective
0.86,0.5,0.5909,0.66,Hierarchical-Collective
0.86,1.0,0.5909,0.66,Hierarchical-Collective
0.75,0.0,0.5,0.52,Distributed-Individual
0.66,0.5,0.5,0.58,Hierarchical-Individual
0.75,0.5,0.5,0.52,Distributed-Individual
0.66,1.0,0.5,0.58,Hierarchical-Individual
0.75,0.5,0.5,0.52,Distributed-Individual
0.66,1.0,0.5,0.58,Hierarchical-Individual
0.75,0.0,0.5,0.52,Distributed-Individual
0.66,0.5,0.5,0.58,Hierarchical-Individual
0.75,0.5,0.5,0.52,Distributed-Individual
0.66,1.0,0.5,0.58,Hierarchical-Individual
0.75,0.5,0.5,0.52,Distributed-Individual
0.66,1.0,0.5,0.58,Hierarchical-Individual
0.75,0.0,0.5,0.52,Distributed-Individual
0.66,0.5,0.5,0.58,Hierarchical-Individual
0.75,0.0,0.5,0.52,Distributed-Individual
0.66,0.5,0.5,0.58,Hierarchical-Individual
0.69,0.5,0.3636,0.68,Distributed-Individual
0.69,1.0,0.3636,0.68,Distributed-Individual
0.69,1.0,0.3636,0.68,Distributed-Individual
0.69,1.0,0.3636,0.68,Distributed-Individual
0.69,1.0,0.3636,0.68,Distributed-Individual
0.69,1.0,0.3636,0.68,Distributed-Individual
0.69,1.0,0.3636,0.68,Distributed-Individual
0.59,1.0,0.6591,0.9,Distributed-Individual
0.9,1.0,0.6591,0.72,Distributed-Collective
0.84,1.0,0.6591,0.5,Hierarchical-Collective
0.59,1.0,0.6591,0.9,Distributed-Individual
0.9,1.0,0.6591,0.72,Distributed-Collective
0.84,1.0,0.6591,0.5,Hierarchical-Collective
0.59,0.5,0.6591,0.9,Distributed-Individual
0.9,0.5,0.6591,0.72,Distributed-Collective
0.84,0.5,0.6591,0.5,Hierarchical-Collective
0.59,0.5,0.6591,0.9,Distributed-Individual
0.9,0.5,0.6591,0.72,Distributed-Collective
0.84,0.5,0.6591,0.5,Hierarchical-Collective
0.81,0.5,0.4545,0.68,Hierarchical-Collective
0.81,0.5,0.4545,0.68,Hierarchical-Collective
0.81,0.0,0.4545,0.68,Hierarchical-Collective
0.81,0.5,0.4545,0.68,Hierarchical-Collective
0.81,0.0,0.4545,0.68,Hierarchical-Collective
0.6,0.5,0.6591,0.96,Hierarchical-Collective
0.89,0.5,0.6591,0.72,Hierarchical-Collective
0.6,1.0,0.6591,0.96,Hierarchical-Collective
0.89,1.0,0.6591,0.72,Hierarchical-Collective
0.75,0.5,0.5682,0.65,Hierarchical-Individual
0.78,0.5,0.5682,0.75,Hierarchical-Individual
0.75,1.0,0.5682,0.65,Hierarchical-Individual
0.78,1.0,0.5682,0.75,Hierarchical-Individual
0.75,0.5,0.5682,0.65,Hierarchical-Individual
0.78,0.5,0.5682,0.75,Hierarchical-Individual
0.75,0.5,0.5682,0.65,Hierarchical-Individual
0.78,0.5,0.5682,0.75,Hierarchical-Individual
0.75,0.5,0.5682,0.65,Hierarchical-Individual
0.78,0.5,0.5682,0.75,Hierarchical-Individual
0.47,1.0,0.4773,0.73,Distributed-Collective
0.5,1.0,0.4773,0.97,Hierarchical-Individual
0.47,1.0,0.4773,0.73,Distributed-Collective
0.5,1.0,0.4773,0.97,Hierarchical-Individual
0.47,1.0,0.4773,0.73,Distributed-Collective
0.5,1.0,0.4773,0.97,Hierarchical-Individual
0.47,0.5,0.4773,0.73,Distributed-Collective
0.5,0.5,0.4773,0.97,Hierarchical-Individual
0.47,1.0,0.4773,0.73,Distributed-Collective
0.5,1.0,0.4773,0.97,Hierarchical-Individual
0.47,1.0,0.4773,0.73,Distributed-Collective
0.5,1.0,0.4773,0.97,Hierarchical-Individual
0.47,0.5,0.4773,0.73,Distributed-Collective
0.5,0.5,0.4773,0.97,Hierarchical-Individual
0.47,1.0,0.4773,0.73,Distributed-Collective
0.5,1.0,0.4773,0.97,Hierarchical-Individual
0.47,1.0,0.4773,0.73,Distributed-Collective
0.5,1.0,0.4773,0.97,Hierarchical-Individual
0.87,1.0,0.4091,0.65,Hierarchical-Collective
0.77,0.5,0.4091,0.95,Hierarchical-Individual
0.87,1.0,0.4091,0.65,Hierarchical-Collective
0.77,0.5,0.4091,0.95,Hierarchical-Individual
0.87,1.0,0.4091,0.65,Hierarchical-Collective
0.77,0.5,0.4091,0.95,Hierarchical-Individual
0.87,1.0,0.4091,0.65,Hierarchical-Collective
0.77,0.5,0.4091,0.95,Hierarchical-Individual
0.73,1.0,0.1818,0.7,Distributed-Collective
0.84,0.5,0.1818,0.92,Distributed-Collective
0.96,0.5,0.4318,0.71,Hierarchical-Individual
0.84,0.5,0.4318,0.68,Distributed-Individual
0.96,0.5,0.4318,0.71,Hierarchical-Individual
0.84,0.5,0.4318,0.68,Distributed-Individual
0.96,0.5,0.4318,0.71,Hierarchical-Individual
0.84,0.5,0.4318,0.68,Distributed-Individual
0.96,0.5,0.4318,0.71,Hierarchical-Individual
0.84,0.5,0.4318,0.68,Distributed-Individual
0.96,0.5,0.4318,0.71,Hierarchical-Individual
0.84,0.5,0.4318,0.68,Distributed-Individual
0.96,0.5,0.4318,0.71,Hierarchical-Individual
0.84,0.5,0.4318,0.68,Distributed-Individual
0.96,0.5,0.4318,0.71,Hierarchical-Individual
0.84,0.5,0.4318,0.68,Distributed-Individual
0.96,0.0,0.4318,0.71,Hierarchical-Individual
0.84,0.0,0.4318,0.68,Distributed-Individual
0.71,0.5,0.6591,0.65,Distributed-Individual
0.71,0.0,0.6591,0.65,Distributed-Individual
0.71,0.5,0.6591,0.65,Distributed-Individual
0.71,0.5,0.6591,0.65,Distributed-Individual
0.69,0.5,0.3864,0.52,Distributed-Individual
0.7,1.0,0.3864,0.78,Hierarchical-Collective
0.69,0.5,0.3864,0.52,Distributed-Individual
0.7,1.0,0.3864,0.78,Hierarchical-Collective
0.69,0.5,0.3864,0.52,Distributed-Individual
0.7,1.0,0.3864,0.78,Hierarchical-Collective
0.69,0.5,0.3864,0.52,Distributed-Individual
0.7,1.0,0.3864,0.78,Hierarchical-Collective
0.69,0.0,0.3864,0.52,Distributed-Individual
0.7,0.5,0.3864,0.78,Hierarchical-Collective
0.69,0.0,0.3864,0.52,Distributed-Individual
0.7,0.5,0.3864,0.78,Hierarchical-Collective
0.69,0.0,0.3864,0.52,Distributed-Individual
0.7,0.5,0.3864,0.78,Hierarchical-Collective
0.69,0.5,0.3864,0.52,Distributed-Individual
0.7,1.0,0.3864,0.78,Hierarchical-Collective
0.69,0.5,0.3864,0.52,Distributed-Individual
0.7,1.0,0.3864,0.78,Hierarchical-Collective
0.64,0.0,0.3409,0.64,Hierarchical-Individual
0.41,0.5,0.3409,0.79,Distributed-Individual
0.53,0.5,0.3409,0.8,Hierarchical-Collective
0.64,0.5,0.3409,0.64,Hierarchical-Individual
0.41,1.0,0.3409,0.79,Distributed-Individual
0.53,1.0,0.3409,0.8,Hierarchical-Collective
0.64,0.5,0.3409,0.64,Hierarchical-Individual
0.41,1.0,0.3409,0.79,Distributed-Individual
0.53,1.0,0.3409,0.8,Hierarchical-Collective
0.64,0.0,0.3409,0.64,Hierarchical-Individual
0.41,0.5,0.3409,0.79,Distributed-Individual
0.53,0.5,0.3409,0.8,Hierarchical-Collective
0.64,0.5,0.3409,0.64,Hierarchical-Individual
0.41,1.0,0.3409,0.79,Distributed-Individual
0.53,1.0,0.3409,0.8,Hierarchical-Collective
0.66,0.5,0.3864,0.95,Hierarchical-Individual
0.79,1.0,0.3864,0.64,Distributed-Individual
0.46,1.0,0.3864,0.69,Distributed-Individual
0.61,1.0,0.3864,0.53,Hierarchical-Collective
0.66,0.5,0.3864,0.95,Hierarchical-Individual
0.79,1.0,0.3864,0.64,Distributed-Individual
0.46,1.0,0.3864,0.69,Distributed-Individual
0.61,1.0,0.3864,0.53,Hierarchical-Collective
0.66,0.0,0.3864,0.95,Hierarchical-Individual
0.79,0.5,0.3864,0.64,Distributed-Individual
0.46,0.5,0.3864,0.69,Distributed-Individual
0.61,0.5,0.3864,0.53,Hierarchical-Collective
0.66,0.5,0.3864,0.95,Hierarchical-Individual
0.79,1.0,0.3864,0.64,Distributed-Individual
0.46,1.0,0.3864,0.69,Distributed-Individual
0.61,1.0,0.3864,0.53,Hierarchical-Collective
0.82,0.5,0.5682,0.82,Distributed-Collective
0.55,1.0,0.5682,0.79,Distributed-Collective
0.45,1.0,0.5682,0.55,Hierarchical-Individual
0.82,0.5,0.5682,0.82,Distributed-Collective
0.55,1.0,0.5682,0.79,Distributed-Collective
0.45,1.0,0.5682,0.55,Hierarchical-Individual
0.82,0.5,0.5682,0.82,Distributed-Collective
0.55,1.0,0.5682,0.79,Distributed-Collective
0.45,1.0,0.5682,0.55,Hierarchical-Individual
0.82,0.0,0.5682,0.82,Distributed-Collective
0.55,0.5,0.5682,0.79,Distributed-Collective
0.45,0.5,0.5682,0.55,Hierarchical-Individual
0.97,0.0,0.3864,0.92,Hierarchical-Individual
0.95,0.0,0.3864,0.54,Distributed-Individual
0.73,0.5,0.3864,0.88,Distributed-Collective
0.97,0.0,0.3864,0.92,Hierarchical-Individual
0.95,0.0,0.3864,0.54,Distributed-Individual
0.73,0.5,0.3864,0.88,Distributed-Collective
0.97,0.5,0.3864,0.92,Hierarchical-Individual
0.95,0.5,0.3864,0.54,Distributed-Individual
0.73,1.0,0.3864,0.88,Distributed-Collective
0.97,0.0,0.3864,0.92,Hierarchical-Individual
0.95,0.0,0.3864,0.54,Distributed-Individual
0.73,0.5,0.3864,0.88,Distributed-Collective
0.97,0.5,0.3864,0.92,Hierarchical-Individual
0.95,0.5,0.3864,0.54,Distributed-Individual
0.73,1.0,0.3864,0.88,Distributed-Collective
0.97,0.5,0.3864,0.92,Hierarchical-Individual
0.95,0.5,0.3864,0.54,Distributed-Individual
0.73,1.0,0.3864,0.88,Distributed-Collective
0.97,0.5,0.3864,0.92,Hierarchical-Individual
0.95,0.5,0.3864,0.54,Distributed-Individual
0.73,1.0,0.3864,0.88,Distributed-Collective
0.97,0.0,0.3864,0.92,Hierarchical-Individual
0.95,0.0,0.3864,0.54,Distributed-Individual
0.73,0.5,0.3864,0.88,Distributed-Collective
0.89,0.5,0.5227,0.76,Distributed-Collective
0.84,0.5,0.5227,0.99,Hierarchical-Individual
0.46,1.0,0.5227,0.59,Hierarchical-Collective
0.89,0.0,0.5227,0.76,Distributed-Collective
0.84,0.0,0.5227,0.99,Hierarchical-Individual
0.46,0.5,0.5227,0.59,Hierarchical-Collective
0.89,0.5,0.5227,0.76,Distributed-Collective
0.84,0.5,0.5227,0.99,Hierarchical-Individual
0.46,1.0,0.5227,0.59,Hierarchical-Collective
0.89,0.5,0.5227,0.76,Distributed-Collective
0.84,0.5,0.5227,0.99,Hierarchical-Individual
0.46,1.0,0.5227,0.59,Hierarchical-Collective
0.54,0.5,0.5909,0.77,Hierarchical-Individual
0.92,1.0,0.5909,0.89,Distributed-Individual
0.43,1.0,0.5909,0.73,Distributed-Individual
0.54,0.5,0.5909,0.77,Hierarchical-Individual
0.92,1.0,0.5909,0.89,Distributed-Individual
0.43,1.0,0.5909,0.73,Distributed-Individual
0.85,1.0,0.3636,0.74,Distributed-Collective
0.99,1.0,0.3636,0.71,Hierarchical-Collective
0.94,0.5,0.3636,0.74,Distributed-Collective
0.54,1.0,0.3636,0.6,Hierarchical-Individual
0.85,1.0,0.3636,0.74,Distributed-Collective
0.99,1.0,0.3636,0.71,Hierarchical-Collective
0.94,0.5,0.3636,0.74,Distributed-Collective
0.54,1.0,0.3636,0.6,Hierarchical-Individual
0.85,1.0,0.3636,0.74,Distributed-Collective
0.99,1.0,0.3636,0.71,Hierarchical-Collective
0.94,0.5,0.3636,0.74,Distributed-Collective
0.54,1.0,0.3636,0.6,Hierarchical-Individual
0.85,1.0,0.3636,0.74,Distributed-Collective
0.99,1.0,0.3636,0.71,Hierarchical-Collective
0.94,0.5,0.3636,0.74,Distributed-Collective
0.54,1.0,0.3636,0.6,Hierarchical-Individual
0.68,1.0,0.4091,0.81,Distributed-Collective
0.94,1.0,0.4091,0.99,Distributed-Individual
0.4,0.5,0.4091,0.8,Hierarchical-Individual
0.58,1.0,0.4091,0.84,Distributed-Collective
0.74,0.5,0.4091,0.63,Distributed-Collective
0.68,1.0,0.4091,0.81,Distributed-Collective
0.94,1.0,0.4091,0.99,Distributed-Individual
0.4,0.5,0.4091,0.8,Hierarchical-Individual
0.58,1.0,0.4091,0.84,Distributed-Collective
0.74,0.5,0.4091,0.63,Distributed-Collective
0.68,1.0,0.4091,0.81,Distributed-Collective
0.94,1.0,0.4091,0.99,Distributed-Individual
0.4,0.5,0.4091,0.8,Hierarchical-Individual
0.58,1.0,0.4091,0.84,Distributed-Collective
0.74,0.5,0.4091,0.63,Distributed-Collective
0.68,1.0,0.4091,0.81,Distributed-Collective
0.94,1.0,0.4091,0.99,Distributed-Individual
0.4,0.5,0.4091,0.8,Hierarchical-Individual
0.58,1.0,0.4091,0.84,Distributed-Collective
0.74,0.5,0.4091,0.63,Distributed-Collective
0.68,1.0,0.4091,0.81,Distributed-Collective
0.94,1.0,0.4091,0.99,Distributed-Individual
0.4,0.5,0.4091,0.8,Hierarchical-Individual
0.58,1.0,0.4091,0.84,Distributed-Collective
0.74,0.5,0.4091,0.63,Distributed-Collective
0.46,0.5,0.25,0.57,Distributed-Collective
0.43,0.0,0.25,0.58,Distributed-Collective
0.46,0.5,0.25,0.57,Distributed-Collective
0.43,0.0,0.25,0.58,Distributed-Collective
0.46,0.5,0.25,0.57,Distributed-Collective
0.43,0.0,0.25,0.58,Distributed-Collective
0.46,0.5,0.25,0.57,Distributed-Collective
0.43,0.0,0.25,0.58,Distributed-Collective
0.46,1.0,0.25,0.57,Distributed-Collective
0.43,0.5,0.25,0.58,Distributed-Collective
0.97,0.5,0.5,0.7,Hierarchical-Collective
0.9,0.5,0.5,0.85,Hierarchical-Individual
0.74,0.5,0.5,0.88,Hierarchical-Collective
0.49,0.5,0.5,0.55,Distributed-Individual
0.97,1.0,0.5,0.7,Hierarchical-Collective
0.9,1.0,0.5,0.85,Hierarchical-Individual
0.74,1.0,0.5,0.88,Hierarchical-Collective
0.49,1.0,0.5,0.55,Distributed-Individual
0.97,1.0,0.5,0.7,Hierarchical-Collective
0.9,1.0,0.5,0.85,Hierarchical-Individual
0.74,1.0,0.5,0.88,Hierarchical-Collective
0.49,1.0,0.5,0.55,Distributed-Individual
0.97,0.5,0.5,0.7,Hierarchical-Collective
0.9,0.5,0.5,0.85,Hierarchical-Individual
0.74,0.5,0.5,0.88,Hierarchical-Collective
0.49,0.5,0.5,0.55,Distributed-Individual
0.97,1.0,0.5,0.7,Hierarchical-Collective
0.9,1.0,0.5,0.85,Hierarchical-Individual
0.74,1.0,0.5,0.88,Hierarchical-Collective
0.49,1.0,0.5,0.55,Distributed-Individual
0.97,0.5,0.5,0.7,Hierarchical-Collective
0.9,0.5,0.5,0.85,Hierarchical-Individual
0.74,0.5,0.5,0.88,Hierarchical-Collective
0.49,0.5,0.5,0.55,Distributed-Individual
0.97,1.0,0.5,0.7,Hierarchical-Collective
0.9,1.0,0.5,0.85,Hierarchical-Individual
0.74,1.0,0.5,0.88,Hierarchical-Collective
0.49,1.0,0.5,0.55,Distributed-Individual
0.79,1.0,0.5,0.8,Hierarchical-Collective
0.54,1.0,0.5,0.75,Distributed-Collective
0.95,0.5,0.5,0.52,Hierarchical-Individual
0.79,1.0,0.5,0.8,Hierarchical-Collective
0.54,1.0,0.5,0.75,Distributed-Collective
0.95,0.5,0.5,0.52,Hierarchical-Individual
0.79,0.5,0.5,0.8,Hierarchical-Collective
0.54,0.5,0.5,0.75,Distributed-Collective
0.95,0.0,0.5,0.52,Hierarchical-Individual
0.79,1.0,0.5,0.8,Hierarchical-Collective
0.54,1.0,0.5,0.75,Distributed-Collective
0.95,0.5,0.5,0.52,Hierarchical-Individual
0.79,0.5,0.5,0.8,Hierarchical-Collective
0.54,0.5,0.5,0.75,Distributed-Collective
0.95,0.0,0.5,0.52,Hierarchical-Individual
0.81,0.5,0.4318,0.74,Hierarchical-Individual
0.81,0.5,0.4318,0.74,Hierarchical-Individual
0.81,1.0,0.4318,0.74,Hierarchical-Individual
0.81,0.5,0.4318,0.74,Hierarchical-Individual
0.81,1.0,0.4318,0.74,Hierarchical-Individual
0.81,0.5,0.4318,0.74,Hierarchical-Individual
0.81,1.0,0.4318,0.74,Hierarchical-Individual
0.81,0.5,0.4318,0.74,Hierarchical-Individual
0.89,0.0,0.2727,0.62,Distributed-Individual
0.98,0.0,0.2727,0.86,Hierarchical-Collective
0.89,0.0,0.2727,0.62,Distributed-Individual
0.98,0.0,0.2727,0.86,Hierarchical-Collective
0.89,0.5,0.2727,0.62,Distributed-Individual
0.98,0.5,0.2727,0.86,Hierarchical-Collective
0.89,0.0,0.2727,0.62,Distributed-Individual
0.98,0.0,0.2727,0.86,Hierarchical-Collective
0.89,0.0,0.2727,0.62,Distributed-Individual
0.98,0.0,0.2727,0.86,Hierarchical-Collective
0.89,0.5,0.2727,0.62,Distributed-Individual
0.98,0.5,0.2727,0.86,Hierarchical-Collective
0.64,1.0,0.4091,0.75,Hierarchical-Individual
0.64,1.0,0.4091,0.75,Hierarchical-Individual
0.64,1.0,0.4091,0.75,Hierarchical-Individual
0.64,1.0,0.4091,0.75,Hierarchical-Individual
0.64,0.5,0.4091,0.75,Hierarchical-Individual
0.64,1.0,0.4091,0.75,Hierarchical-Individual
0.64,0.5,0.4091,0.75,Hierarchical-Individual
1.0,0.5,0.3409,0.95,Hierarchical-Collective
1.0,1.0,0.3409,0.95,Hierarchical-Collective
1.0,0.5,0.3409,0.95,Hierarchical-Collective
1.0,1.0,0.3409,0.95,Hierarchical-Collective
0.8,1.0,0.5,0.64,Distributed-Individual
0.73,1.0,0.5,0.88,Hierarchical-Collective
0.82,1.0,0.5,0.95,Distributed-Collective
0.8,1.0,0.5,0.64,Distributed-Individual
0.73,1.0,0.5,0.88,Hierarchical-Collective
0.82,1.0,0.5,0.95,Distributed-Collective
0.8,1.0,0.5,0.64,Distributed-Individual
0.73,1.0,0.5,0.88,Hierarchical-Collective
0.82,1.0,0.5,0.95,Distributed-Collective
0.8,0.5,0.5,0.64,Distributed-Individual
0.73,0.5,0.5,0.88,Hierarchical-Collective
0.82,0.5,0.5,0.95,Distributed-Collective
0.8,1.0,0.5,0.64,Distributed-Individual
0.73,1.0,0.5,0.88,Hierarchical-Collective
0.82,1.0,0.5,0.95,Distributed-Collective
0.97,0.0,0.7045,0.64,Hierarchical-Individual
0.47,0.5,0.4773,0.62,Hierarchical-Collective
0.47,0.5,0.4773,0.62,Hierarchical-Collective
0.47,0.0,0.4773,0.62,Hierarchical-Collective
1.0,1.0,0.5,0.76,Hierarchical-Individual
1.0,0.5,0.5,0.76,Hierarchical-Individual
1.0,0.5,0.5,0.76,Hierarchical-Individual
1.0,1.0,0.5,0.76,Hierarchical-Individual
0.45,0.5,0.4545,0.58,Hierarchical-Collective
0.45,0.5,0.4545,0.58,Hierarchical-Collective
0.45,0.5,0.4545,0.58,Hierarchical-Collective
0.45,0.5,0.4545,0.58,Hierarchical-Collective
0.45,0.0,0.4545,0.58,Hierarchical-Collective
0.45,0.0,0.4545,0.58,Hierarchical-Collective
0.45,0.5,0.4545,0.58,Hierarchical-Collective
0.45,0.0,0.4545,0.58,Hierarchical-Collective
0.45,0.5,0.4545,0.58,Hierarchical-Collective
0.45,0.5,0.4545,0.58,Hierarchical-Collective
0.86,0.5,0.1818,0.77,Distributed-Individual
0.88,1.0,0.1818,0.58,Hierarchical-Collective
0.7,1.0,0.1818,0.77,Hierarchical-Collective
0.86,0.5,0.1818,0.77,Distributed-Individual
0.88,1.0,0.1818,0.58,Hierarchical-Collective
0.7,1.0,0.1818,0.77,Hierarchical-Collective
0.5,0.5,0.4545,0.55,Hierarchical-Collective
0.5,1.0,0.4545,0.55,Hierarchical-Collective
0.5,0.5,0.4545,0.55,Hierarchical-Collective
0.5,1.0,0.4545,0.55,Hierarchical-Collective
0.5,1.0,0.4545,0.55,Hierarchical-Collective
0.5,1.0,0.4545,0.55,Hierarchical-Collective
0.5,0.5,0.4545,0.55,Hierarchical-Collective
0.5,1.0,0.4545,0.55,Hierarchical-Collective
0.5,1.0,0.4545,0.55,Hierarchical-Collective
0.62,1.0,0.4545,0.83,Hierarchical-Collective
0.87,0.5,0.4545,0.83,Distributed-Collective
0.62,0.5,0.4545,0.83,Hierarchical-Collective
0.87,0.0,0.4545,0.83,Distributed-Collective
0.62,0.5,0.4545,0.83,Hierarchical-Collective
0.87,0.0,0.4545,0.83,Distributed-Collective
0.62,0.5,0.4545,0.83,Hierarchical-Collective
0.87,0.0,0.4545,0.83,Distributed-Collective
0.62,1.0,0.4545,0.83,Hierarchical-Collective
0.87,0.5,0.4545,0.83,Distributed-Collective
0.62,1.0,0.4545,0.83,Hierarchical-Collective
0.87,0.5,0.4545,0.83,Distributed-Collective
0.62,1.0,0.4545,0.83,Hierarchical-Collective
0.87,0.5,0.4545,0.83,Distributed-Collective
0.62,1.0,0.4545,0.83,Hierarchical-Collective
0.87,0.5,0.4545,0.83,Distributed-Collective
0.62,0.5,0.4545,0.83,Hierarchical-Collective
0.87,0.0,0.4545,0.83,Distributed-Collective
0.62,0.5,0.4545,0.83,Hierarchical-Collective
0.87,0.0,0.4545,0.83,Distributed-Collective
0.62,1.0,0.4545,0.83,Hierarchical-Collective
0.87,0.5,0.4545,0.83,Distributed-Collective
0.62,1.0,0.4545,0.83,Hierarchical-Collective
0.87,0.5,0.4545,0.83,Distributed-Collective
0.62,1.0,0.4545,0.83,Hierarchical-Collective
0.87,0.5,0.4545,0.83,Distributed-Collective
0.64,0.5,0.7955,0.81,Hierarchical-Collective
0.96,0.5,0.4318,0.99,Hierarchical-Individual
0.96,1.0,0.4318,0.99,Hierarchical-Individual
0.96,0.5,0.4318,0.99,Hierarchical-Individual
0.96,0.5,0.4318,0.99,Hierarchical-Individual
0.96,0.5,0.4318,0.99,Hierarchical-Individual
0.96,0.5,0.4318,0.99,Hierarchical-Individual
0.76,1.0,0.5,0.68,Hierarchical-Individual
0.96,0.5,0.5,0.69,Hierarchical-Collective
0.76,0.5,0.5,0.68,Hierarchical-Individual
0.96,0.0,0.5,0.69,Hierarchical-Collective
0.76,1.0,0.5,0.68,Hierarchical-Individual
0.96,0.5,0.5,0.69,Hierarchical-Collective
0.76,1.0,0.5,0.68,Hierarchical-Individual
0.96,0.5,0.5,0.69,Hierarchical-Collective
0.48,0.5,0.4545,0.92,Distributed-Collective
0.79,0.0,0.4545,0.84,Distributed-Collective
0.48,0.5,0.4545,0.92,Distributed-Collective
0.79,0.0,0.4545,0.84,Distributed-Collective
0.48,1.0,0.4545,0.92,Distributed-Collective
0.79,0.5,0.4545,0.84,Distributed-Collective
0.48,1.0,0.4545,0.92,Distributed-Collective
0.79,0.5,0.4545,0.84,Distributed-Collective
0.63,0.0,0.2955,0.59,Distributed-Collective
0.58,0.5,0.2955,0.73,Distributed-Individual
0.79,0.0,0.2955,0.61,Hierarchical-Collective
0.86,0.0,0.2955,0.87,Hierarchical-Collective
0.84,0.0,0.2955,0.89,Hierarchical-Individual
0.71,0.0,0.2955,0.99,Hierarchical-Collective
0.63,0.0,0.2955,0.59,Distributed-Collective
0.58,0.5,0.2955,0.73,Distributed-Individual
0.79,0.0,0.2955,0.61,Hierarchical-Collective
0.86,0.0,0.2955,0.87,Hierarchical-Collective
0.84,0.0,0.2955,0.89,Hierarchical-Individual
0.71,0.0,0.2955,0.99,Hierarchical-Collective
0.63,0.5,0.2955,0.59,Distributed-Collective
0.58,1.0,0.2955,0.73,Distributed-Individual
0.79,0.5,0.2955,0.61,Hierarchical-Collective
0.86,0.5,0.2955,0.87,Hierarchical-Collective
0.84,0.5,0.2955,0.89,Hierarchical-Individual
0.71,0.5,0.2955,0.99,Hierarchical-Collective
0.63,0.0,0.2955,0.59,Distributed-Collective
0.58,0.5,0.2955,0.73,Distributed-Individual
0.79,0.0,0.2955,0.61,Hierarchical-Collective
0.86,0.0,0.2955,0.87,Hierarchical-Collective
0.84,0.0,0.2955,0.89,Hierarchical-Individual
0.71,0.0,0.2955,0.99,Hierarchical-Collective
0.46,1.0,0.6136,0.59,Hierarchical-Collective
0.62,1.0,0.6136,0.8,Hierarchical-Collective
0.66,1.0,0.6136,0.54,Distributed-Collective
0.46,0.5,0.6136,0.59,Hierarchical-Collective
0.62,0.5,0.6136,0.8,Hierarchical-Collective
0.66,0.5,0.6136,0.54,Distributed-Collective
0.46,0.5,0.6136,0.59,Hierarchical-Collective
0.62,0.5,0.6136,0.8,Hierarchical-Collective
0.66,0.5,0.6136,0.54,Distributed-Collective
0.57,0.5,0.5682,0.66,Hierarchical-Individual
0.76,1.0,0.5682,0.86,Hierarchical-Collective
0.57,0.5,0.5682,0.66,Hierarchical-Individual
0.76,1.0,0.5682,0.86,Hierarchical-Collective
0.57,0.5,0.5682,0.66,Hierarchical-Individual
0.76,1.0,0.5682,0.86,Hierarchical-Collective
0.57,0.5,0.5682,0.66,Hierarchical-Individual
0.76,1.0,0.5682,0.86,Hierarchical-Collective
0.57,0.0,0.5682,0.66,Hierarchical-Individual
0.76,0.5,0.5682,0.86,Hierarchical-Collective
0.59,0.5,0.5682,0.61,Distributed-Collective
0.5,0.0,0.5682,0.59,Distributed-Collective
0.99,0.5,0.5682,0.67,Hierarchical-Individual
0.98,0.5,0.5682,0.95,Distributed-Collective
0.59,0.5,0.5682,0.61,Distributed-Collective
0.5,0.0,0.5682,0.59,Distributed-Collective
0.99,0.5,0.5682,0.67,Hierarchical-Individual
0.98,0.5,0.5682,0.95,Distributed-Collective
0.59,0.5,0.5682,0.61,Distributed-Collective
0.5,0.0,0.5682,0.59,Distributed-Collective
0.99,0.5,0.5682,0.67,Hierarchical-Individual
0.98,0.5,0.5682,0.95,Distributed-Collective
0.55,1.0,0.3409,0.67,Hierarchical-Individual
0.55,1.0,0.3409,0.67,Hierarchical-Individual
0.55,1.0,0.3409,0.67,Hierarchical-Individual
0.55,1.0,0.3409,0.67,Hierarchical-Individual
0.55,0.5,0.3409,0.67,Hierarchical-Individual
0.55,0.5,0.3409,0.67,Hierarchical-Individual
0.55,1.0,0.3409,0.67,Hierarchical-Individual
0.55,0.5,0.3409,0.67,Hierarchical-Individual
0.55,1.0,0.3409,0.67,Hierarchical-Individual
0.55,0.5,0.3409,0.67,Hierarchical-Individual
0.68,1.0,0.6364,0.52,Distributed-Collective
0.51,0.5,0.6364,0.9,Distributed-Collective
0.96,0.5,0.6364,0.8,Hierarchical-Individual
0.87,0.5,0.6364,0.79,Distributed-Individual
0.46,0.5,0.6364,0.74,Distributed-Collective
0.9,1.0,0.6364,0.91,Hierarchical-Collective
0.68,1.0,0.6364,0.52,Distributed-Collective
0.51,0.5,0.6364,0.9,Distributed-Collective
0.96,0.5,0.6364,0.8,Hierarchical-Individual
0.87,0.5,0.6364,0.79,Distributed-Individual
0.46,0.5,0.6364,0.74,Distributed-Collective
0.9,1.0,0.6364,0.91,Hierarchical-Collective
0.68,1.0,0.6364,0.52,Distributed-Collective
0.51,0.5,0.6364,0.9,Distributed-Collective
0.96,0.5,0.6364,0.8,Hierarchical-Individual
0.87,0.5,0.6364,0.79,Distributed-Individual
0.46,0.5,0.6364,0.74,Distributed-Collective
0.9,1.0,0.6364,0.91,Hierarchical-Collective
0.55,0.0,0.2727,0.87,Hierarchical-Individual
0.96,0.5,0.2727,0.63,Distributed-Collective
0.77,0.5,0.2727,0.86,Hierarchical-Collective
0.55,0.0,0.2727,0.87,Hierarchical-Individual
0.96,0.5,0.2727,0.63,Distributed-Collective
0.77,0.5,0.2727,0.86,Hierarchical-Collective
0.55,0.5,0.2727,0.87,Hierarchical-Individual
0.96,1.0,0.2727,0.63,Distributed-Collective
0.77,1.0,0.2727,0.86,Hierarchical-Collective
0.55,0.5,0.2727,0.87,Hierarchical-Individual
0.96,1.0,0.2727,0.63,Distributed-Collective
0.77,1.0,0.2727,0.86,Hierarchical-Collective
0.55,0.0,0.2727,0.87,Hierarchical-Individual
0.96,0.5,0.2727,0.63,Distributed-Collective
0.77,0.5,0.2727,0.86,Hierarchical-Collective
0.59,1.0,0.5455,0.61,Distributed-Collective
0.59,1.0,0.5455,0.61,Distributed-Collective
0.59,1.0,0.5455,0.61,Distributed-Collective
0.59,1.0,0.5455,0.61,Distributed-Collective
0.73,0.0,0.3182,0.6,Hierarchical-Individual
0.65,0.5,0.3182,0.74,Hierarchical-Collective
0.65,0.0,0.3182,0.68,Distributed-Collective
0.91,0.0,0.3182,0.72,Distributed-Collective
0.73,0.5,0.3182,0.6,Hierarchical-Individual
0.65,1.0,0.3182,0.74,Hierarchical-Collective
0.65,0.5,0.3182,0.68,Distributed-Collective
0.91,0.5,0.3182,0.72,Distributed-Collective
0.9,0.5,0.4773,0.95,Hierarchical-Individual
0.9,0.0,0.4773,0.95,Hierarchical-Individual
0.9,0.0,0.4773,0.95,Hierarchical-Individual
0.9,0.0,0.4773,0.95,Hierarchical-Individual
0.9,0.5,0.4773,0.95,Hierarchical-Individual
0.9,0.5,0.4773,0.95,Hierarchical-Individual
0.9,0.0,0.4773,0.95,Hierarchical-Individual
0.59,0.5,0.3864,0.73,Hierarchical-Individual
0.87,0.5,0.3864,0.63,Hierarchical-Individual
0.5,1.0,0.3864,0.57,Distributed-Individual
0.59,0.5,0.3864,0.73,Hierarchical-Individual
0.87,0.5,0.3864,0.63,Hierarchical-Individual
0.5,1.0,0.3864,0.57,Distributed-Individual
0.59,0.5,0.4545,0.76,Hierarchical-Individual
0.69,0.5,0.4545,0.53,Hierarchical-Individual
0.59,0.5,0.4545,0.76,Hierarchical-Individual
0.69,0.5,0.4545,0.53,Hierarchical-Individual
0.59,1.0,0.4545,0.76,Hierarchical-Individual
0.69,1.0,0.4545,0.53,Hierarchical-Individual
0.59,0.5,0.4545,0.76,Hierarchical-Individual
0.69,0.5,0.4545,0.53,Hierarchical-Individual
0.59,0.5,0.4545,0.76,Hierarchical-Individual
0.69,0.5,0.4545,0.53,Hierarchical-Individual
0.82,0.5,0.3182,0.62,Distributed-Individual
0.83,0.5,0.3182,0.74,Hierarchical-Individual
0.82,1.0,0.3182,0.62,Distributed-Individual
0.83,1.0,0.3182,0.74,Hierarchical-Individual
0.82,1.0,0.3182,0.62,Distributed-Individual
0.83,1.0,0.3182,0.74,Hierarchical-Individual
0.82,1.0,0.3182,0.62,Distributed-Individual
0.83,1.0,0.3182,0.74,Hierarchical-Individual
0.46,0.5,0.5227,0.59,Hierarchical-Individual
0.62,1.0,0.5227,0.92,Distributed-Individual
0.46,0.5,0.5227,0.59,Hierarchical-Individual
0.62,1.0,0.5227,0.92,Distributed-Individual
0.46,0.5,0.5227,0.59,Hierarchical-Individual
0.62,1.0,0.5227,0.92,Distributed-Individual
0.46,0.0,0.5227,0.59,Hierarchical-Individual
0.62,0.5,0.5227,0.92,Distributed-Individual
0.46,0.0,0.5227,0.59,Hierarchical-Individual
0.62,0.5,0.5227,0.92,Distributed-Individual
0.46,0.5,0.5227,0.59,Hierarchical-Individual
0.62,1.0,0.5227,0.92,Distributed-Individual
0.46,0.0,0.5227,0.59,Hierarchical-Individual
0.62,0.5,0.5227,0.92,Distributed-Individual
0.49,0.0,0.3182,0.91,Hierarchical-Individual
0.49,0.5,0.3182,0.91,Hierarchical-Individual
0.49,0.0,0.3182,0.91,Hierarchical-Individual
0.49,0.0,0.3182,0.91,Hierarchical-Individual
0.49,0.0,0.3182,0.91,Hierarchical-Individual
0.49,0.0,0.3182,0.91,Hierarchical-Individual
0.49,0.0,0.3182,0.91,Hierarchical-Individual
0.86,1.0,0.6591,0.93,Distributed-Individual
0.71,1.0,0.6591,0.96,Hierarchical-Individual
0.84,1.0,0.6591,0.88,Distributed-Collective
0.86,0.0,0.3409,0.89,Hierarchical-Collective
0.86,0.0,0.3409,0.89,Hierarchical-Collective
0.86,0.5,0.3409,0.89,Hierarchical-Collective
0.86,0.5,0.3409,0.89,Hierarchical-Collective
0.86,0.5,0.3409,0.89,Hierarchical-Collective
0.86,0.5,0.3409,0.89,Hierarchical-Collective
0.86,0.0,0.3409,0.89,Hierarchical-Collective
0.86,0.5,0.3409,0.89,Hierarchical-Collective
0.86,0.0,0.3409,0.89,Hierarchical-Collective
0.86,0.0,0.3409,0.89,Hierarchical-Collective
0.71,0.5,0.4091,0.92,Distributed-Collective
1.0,0.5,0.4091,0.69,Hierarchical-Individual
0.82,0.5,0.4091,0.93,Hierarchical-Individual
0.79,1.0,0.4091,0.58,Distributed-Individual
0.71,0.0,0.4091,0.92,Distributed-Collective
1.0,0.0,0.4091,0.69,Hierarchical-Individual
0.82,0.0,0.4091,0.93,Hierarchical-Individual
0.79,0.5,0.4091,0.58,Distributed-Individual
0.71,0.0,0.4091,0.92,Distributed-Collective
1.0,0.0,0.4091,0.69,Hierarchical-Individual
0.82,0.0,0.4091,0.93,Hierarchical-Individual
0.79,0.5,0.4091,0.58,Distributed-Individual
0.72,0.0,0.5682,0.62,Distributed-Collective
0.5,0.5,0.5682,0.62,Hierarchical-Collective
0.82,0.5,0.5682,0.94,Distributed-Individual
0.72,0.5,0.5682,0.62,Distributed-Collective
0.5,1.0,0.5682,0.62,Hierarchical-Collective
0.82,1.0,0.5682,0.94,Distributed-Individual
0.72,0.0,0.5682,0.62,Distributed-Collective
0.5,0.5,0.5682,0.62,Hierarchical-Collective
0.82,0.5,0.5682,0.94,Distributed-Individual
0.72,0.0,0.5682,0.62,Distributed-Collective
0.5,0.5,0.5682,0.62,Hierarchical-Collective
0.82,0.5,0.5682,0.94,Distributed-Individual
0.72,0.0,0.5682,0.62,Distributed-Collective
0.5,0.5,0.5682,0.62,Hierarchical-Collective
0.82,0.5,0.5682,0.94,Distributed-Individual
0.72,0.5,0.5682,0.62,Distributed-Collective
0.5,1.0,0.5682,0.62,Hierarchical-Collective
0.82,1.0,0.5682,0.94,Distributed-Individual
0.72,0.5,0.5682,0.62,Distributed-Collective
0.5,1.0,0.5682,0.62,Hierarchical-Collective
0.82,1.0,0.5682,0.94,Distributed-Individual
0.72,0.5,0.5682,0.62,Distributed-Collective
0.5,1.0,0.5682,0.62,Hierarchical-Collective
0.82,1.0,0.5682,0.94,Distributed-Individual
0.72,0.0,0.5682,0.62,Distributed-Collective
0.5,0.5,0.5682,0.62,Hierarchical-Collective
0.82,0.5,0.5682,0.94,Distributed-Individual
0.5,0.0,0.2955,0.97,Distributed-Collective
0.68,0.5,0.2955,0.79,Hierarchical-Individual
0.4,0.5,0.2955,0.98,Hierarchical-Collective
0.67,0.5,0.2955,0.81,Distributed-Individual
0.99,0.5,0.2955,0.72,Distributed-Collective
0.5,0.0,0.2955,0.97,Distributed-Collective
0.68,0.5,0.2955,0.79,Hierarchical-Individual
0.4,0.5,0.2955,0.98,Hierarchical-Collective
0.67,0.5,0.2955,0.81,Distributed-Individual
0.99,0.5,0.2955,0.72,Distributed-Collective
0.5,0.5,0.2955,0.97,Distributed-Collective
0.68,1.0,0.2955,0.79,Hierarchical-Individual
0.4,1.0,0.2955,0.98,Hierarchical-Collective
0.67,1.0,0.2955,0.81,Distributed-Individual
0.99,1.0,0.2955,0.72,Distributed-Collective
0.63,0.5,0.4773,0.81,Distributed-Individual
0.65,0.5,0.4773,0.55,Hierarchical-Collective
0.63,1.0,0.4773,0.81,Distributed-Individual
0.65,1.0,0.4773,0.55,Hierarchical-Collective
0.63,1.0,0.4773,0.81,Distributed-Individual
0.65,1.0,0.4773,0.55,Hierarchical-Collective
0.63,0.5,0.4773,0.81,Distributed-Individual
0.65,0.5,0.4773,0.55,Hierarchical-Collective
0.63,1.0,0.4773,0.81,Distributed-Individual
0.65,1.0,0.4773,0.55,Hierarchical-Collective
0.63,1.0,0.4773,0.81,Distributed-Individual
0.65,1.0,0.4773,0.55,Hierarchical-Collective
0.63,1.0,0.4773,0.81,Distributed-Individual
0.65,1.0,0.4773,0.55,Hierarchical-Collective
0.63,1.0,0.4773,0.81,Distributed-Individual
0.65,1.0,0.4773,0.55,Hierarchical-Collective
0.93,0.0,0.6364,0.51,Distributed-Collective
0.93,0.0,0.6364,0.51,Distributed-Collective
0.66,0.0,0.2273,0.71,Distributed-Collective
0.89,0.5,0.2273,0.65,Hierarchical-Collective
0.44,0.5,0.4773,0.95,Distributed-Individual
0.91,0.5,0.4773,0.86,Distributed-Individual
0.95,0.5,0.4773,0.93,Hierarchical-Collective
0.44,0.5,0.4773,0.95,Distributed-Individual
0.91,0.5,0.4773,0.86,Distributed-Individual
0.95,0.5,0.4773,0.93,Hierarchical-Collective
0.44,0.5,0.4773,0.95,Distributed-Individual
0.91,0.5,0.4773,0.86,Distributed-Individual
0.95,0.5,0.4773,0.93,Hierarchical-Collective
0.44,1.0,0.4773,0.95,Distributed-Individual
0.91,1.0,0.4773,0.86,Distributed-Individual
0.95,1.0,0.4773,0.93,Hierarchical-Collective
0.44,1.0,0.4773,0.95,Distributed-Individual
0.91,1.0,0.4773,0.86,Distributed-Individual
0.95,1.0,0.4773,0.93,Hierarchical-Collective
0.44,1.0,0.4773,0.95,Distributed-Individual
0.91,1.0,0.4773,0.86,Distributed-Individual
0.95,1.0,0.4773,0.93,Hierarchical-Collective
0.44,1.0,0.4773,0.95,Distributed-Individual
0.91,1.0,0.4773,0.86,Distributed-Individual
0.95,1.0,0.4773,0.93,Hierarchical-Collective
0.44,0.5,0.4773,0.95,Distributed-Individual
0.91,0.5,0.4773,0.86,Distributed-Individual
0.95,0.5,0.4773,0.93,Hierarchical-Collective
0.44,1.0,0.4773,0.95,Distributed-Individual
0.91,1.0,0.4773,0.86,Distributed-Individual
0.95,1.0,0.4773,0.93,Hierarchical-Collective
0.44,1.0,0.4773,0.95,Distributed-Individual
0.91,1.0,0.4773,0.86,Distributed-Individual
0.95,1.0,0.4773,0.93,Hierarchical-Collective
0.7,0.5,0.5,0.93,Hierarchical-Individual
0.86,0.0,0.5,0.97,Hierarchical-Collective
0.7,1.0,0.5,0.93,Hierarchical-Individual
0.86,0.5,0.5,0.97,Hierarchical-Collective
0.7,1.0,0.5,0.93,Hierarchical-Individual
0.86,0.5,0.5,0.97,Hierarchical-Collective
0.7,0.5,0.5,0.93,Hierarchical-Individual
0.86,0.0,0.5,0.97,Hierarchical-Collective
0.7,0.5,0.5,0.93,Hierarchical-Individual
0.86,0.0,0.5,0.97,Hierarchical-Collective
0.45,0.0,0.5682,0.82,Hierarchical-Individual
0.62,0.0,0.5682,0.81,Hierarchical-Individual
0.54,0.0,0.5682,0.57,Distributed-Collective
0.45,0.0,0.5682,0.82,Hierarchical-Individual
0.62,0.0,0.5682,0.81,Hierarchical-Individual
0.54,0.0,0.5682,0.57,Distributed-Collective
0.45,0.5,0.5682,0.82,Hierarchical-Individual
0.62,0.5,0.5682,0.81,Hierarchical-Individual
0.54,0.5,0.5682,0.57,Distributed-Collective
0.45,0.5,0.5682,0.82,Hierarchical-Individual
0.62,0.5,0.5682,0.81,Hierarchical-Individual
0.54,0.5,0.5682,0.57,Distributed-Collective
0.45,0.5,0.5682,0.82,Hierarchical-Individual
0.62,0.5,0.5682,0.81,Hierarchical-Individual
0.54,0.5,0.5682,0.57,Distributed-Collective
0.45,0.5,0.5682,0.82,Hierarchical-Individual
0.62,0.5,0.5682,0.81,Hierarchical-Individual
0.54,0.5,0.5682,0.57,Distributed-Collective
0.45,0.5,0.5682,0.82,Hierarchical-Individual
0.62,0.5,0.5682,0.81,Hierarchical-Individual
0.54,0.5,0.5682,0.57,Distributed-Collective
0.45,0.5,0.5682,0.82,Hierarchical-Individual
0.62,0.5,0.5682,0.81,Hierarchical-Individual
0.54,0.5,0.5682,0.57,Distributed-Collective
0.45,0.0,0.5682,0.82,Hierarchical-Individual
0.62,0.0,0.5682,0.81,Hierarchical-Individual
0.54,0.0,0.5682,0.57,Distributed-Collective
0.61,1.0,0.5227,0.98,Distributed-Individual
0.54,1.0,0.5227,0.57,Distributed-Collective
0.97,1.0,0.5227,0.98,Hierarchical-Collective
0.42,1.0,0.5227,0.51,Distributed-Individual
0.61,0.5,0.5227,0.98,Distributed-Individual
0.54,0.5,0.5227,0.57,Distributed-Collective
0.97,0.5,0.5227,0.98,Hierarchical-Collective
0.42,0.5,0.5227,0.51,Distributed-Individual
0.61,1.0,0.5227,0.98,Distributed-Individual
0.54,1.0,0.5227,0.57,Distributed-Collective
0.97,1.0,0.5227,0.98,Hierarchical-Collective
0.42,1.0,0.5227,0.51,Distributed-Individual
0.61,1.0,0.5227,0.98,Distributed-Individual
0.54,1.0,0.5227,0.57,Distributed-Collective
0.97,1.0,0.5227,0.98,Hierarchical-Collective
0.42,1.0,0.5227,0.51,Distributed-Individual
0.61,1.0,0.5227,0.98,Distributed-Individual
0.54,1.0,0.5227,0.57,Distributed-Collective
0.97,1.0,0.5227,0.98,Hierarchical-Collective
0.42,1.0,0.5227,0.51,Distributed-Individual
0.49,1.0,0.5,0.67,Distributed-Collective
0.4,1.0,0.5,0.64,Hierarchical-Individual
0.72,0.5,0.5,0.56,Distributed-Individual
0.92,1.0,0.5,0.98,Hierarchical-Collective
0.64,1.0,0.5,0.98,Distributed-Individual
0.49,1.0,0.5,0.67,Distributed-Collective
0.4,1.0,0.5,0.64,Hierarchical-Individual
0.72,0.5,0.5,0.56,Distributed-Individual
0.92,1.0,0.5,0.98,Hierarchical-Collective
0.64,1.0,0.5,0.98,Distributed-Individual
0.49,0.5,0.5,0.67,Distributed-Collective
0.4,0.5,0.5,0.64,Hierarchical-Individual
0.72,0.0,0.5,0.56,Distributed-Individual
0.92,0.5,0.5,0.98,Hierarchical-Collective
0.64,0.5,0.5,0.98,Distributed-Individual
0.44,0.5,0.5,0.73,Hierarchical-Individual
0.64,1.0,0.5,0.71,Distributed-Collective
0.87,0.5,0.5,0.66,Hierarchical-Collective
0.44,0.5,0.5,0.73,Hierarchical-Individual
0.64,1.0,0.5,0.71,Distributed-Collective
0.87,0.5,0.5,0.66,Hierarchical-Collective
0.44,0.0,0.5,0.73,Hierarchical-Individual
0.64,0.5,0.5,0.71,Distributed-Collective
0.87,0.0,0.5,0.66,Hierarchical-Collective
0.44,0.5,0.5,0.73,Hierarchical-Individual
0.64,1.0,0.5,0.71,Distributed-Collective
0.87,0.5,0.5,0.66,Hierarchical-Collective
0.44,0.5,0.5,0.73,Hierarchical-Individual
0.64,1.0,0.5,0.71,Distributed-Collective
0.87,0.5,0.5,0.66,Hierarchical-Collective
0.44,0.5,0.5,0.73,Hierarchical-Individual
0.64,1.0,0.5,0.71,Distributed-Collective
0.87,0.5,0.5,0.66,Hierarchical-Collective
0.44,0.0,0.5,0.73,Hierarchical-Individual
0.64,0.5,0.5,0.71,Distributed-Collective
0.87,0.0,0.5,0.66,Hierarchical-Collective
0.61,0.0,0.5,1.0,Distributed-Collective
0.45,0.5,0.5,0.53,Hierarchical-Collective
0.83,0.5,0.5,0.83,Distributed-Collective
0.86,0.5,0.5,0.89,Hierarchical-Collective
0.47,0.5,0.5,0.52,Distributed-Collective
0.61,0.5,0.5,1.0,Distributed-Collective
0.45,1.0,0.5,0.53,Hierarchical-Collective
0.83,1.0,0.5,0.83,Distributed-Collective
0.86,1.0,0.5,0.89,Hierarchical-Collective
0.47,1.0,0.5,0.52,Distributed-Collective
0.61,0.5,0.5,1.0,Distributed-Collective
0.45,1.0,0.5,0.53,Hierarchical-Collective
0.83,1.0,0.5,0.83,Distributed-Collective
0.86,1.0,0.5,0.89,Hierarchical-Collective
0.47,1.0,0.5,0.52,Distributed-Collective
0.61,0.5,0.5,1.0,Distributed-Collective
0.45,1.0,0.5,0.53,Hierarchical-Collective
0.83,1.0,0.5,0.83,Distributed-Collective
0.86,1.0,0.5,0.89,Hierarchical-Collective
0.47,1.0,0.5,0.52,Distributed-Collective
0.66,1.0,0.3636,0.67,Distributed-Individual
0.61,1.0,0.3636,0.74,Distributed-Individual
0.56,0.5,0.3636,0.84,Distributed-Individual
0.66,1.0,0.3636,0.67,Distributed-Individual
0.61,1.0,0.3636,0.74,Distributed-Individual
0.56,0.5,0.3636,0.84,Distributed-Individual
0.66,1.0,0.3636,0.67,Distributed-Individual
0.61,1.0,0.3636,0.74,Distributed-Individual
0.56,0.5,0.3636,0.84,Distributed-Individual
0.66,1.0,0.3636,0.67,Distributed-Individual
0.61,1.0,0.3636,0.74,Distributed-Individual
0.56,0.5,0.3636,0.84,Distributed-Individual
0.66,1.0,0.3636,0.67,Distributed-Individual
0.61,1.0,0.3636,0.74,Distributed-Individual
0.56,0.5,0.3636,0.84,Distributed-Individual
0.69,0.5,0.4773,0.85,Distributed-Collective
0.69,0.0,0.4773,0.85,Distributed-Collective
0.44,1.0,0.5,0.5,Distributed-Collective
0.44,0.5,0.5,0.5,Distributed-Collective
0.44,0.5,0.5,0.5,Distributed-Collective
0.44,1.0,0.5,0.5,Distributed-Collective
0.44,0.5,0.5,0.5,Distributed-Collective
0.5,1.0,0.3636,0.5,Hierarchical-Individual
0.5,1.0,0.3636,0.5,Hierarchical-Individual
1.0,0.0,0.5227,0.73,Hierarchical-Individual
0.85,0.5,0.5227,0.65,Distributed-Individual
1.0,0.0,0.5227,0.73,Hierarchical-Individual
0.85,0.5,0.5227,0.65,Distributed-Individual
1.0,0.5,0.5227,0.73,Hierarchical-Individual
0.85,1.0,0.5227,0.65,Distributed-Individual
1.0,0.5,0.5227,0.73,Hierarchical-Individual
0.85,1.0,0.5227,0.65,Distributed-Individual
0.84,0.5,0.2955,0.85,Hierarchical-Individual
0.63,0.5,0.2955,0.89,Distributed-Individual
0.98,0.0,0.2955,0.62,Hierarchical-Individual
0.55,0.5,0.5455,0.81,Distributed-Collective
0.63,1.0,0.5455,0.6,Distributed-Collective
0.45,0.5,0.5455,0.89,Distributed-Individual
0.55,0.5,0.5455,0.81,Distributed-Collective
0.63,1.0,0.5455,0.6,Distributed-Collective
0.45,0.5,0.5455,0.89,Distributed-Individual
0.55,0.5,0.5455,0.81,Distributed-Collective
0.63,1.0,0.5455,0.6,Distributed-Collective
0.45,0.5,0.5455,0.89,Distributed-Individual
0.55,0.0,0.5455,0.81,Distributed-Collective
0.63,0.5,0.5455,0.6,Distributed-Collective
0.45,0.0,0.5455,0.89,Distributed-Individual
0.79,1.0,0.3182,0.75,Distributed-Individual
0.57,1.0,0.3182,0.77,Distributed-Collective
0.86,1.0,0.3182,0.94,Hierarchical-Individual
0.48,1.0,0.3182,0.93,Distributed-Collective
0.79,1.0,0.3182,0.75,Distributed-Individual
0.57,1.0,0.3182,0.77,Distributed-Collective
0.86,1.0,0.3182,0.94,Hierarchical-Individual
0.48,1.0,0.3182,0.93,Distributed-Collective
0.79,0.5,0.3182,0.75,Distributed-Individual
0.57,0.5,0.3182,0.77,Distributed-Collective
0.86,0.5,0.3182,0.94,Hierarchical-Individual
0.48,0.5,0.3182,0.93,Distributed-Collective
0.79,0.5,0.3182,0.75,Distributed-Individual
0.57,0.5,0.3182,0.77,Distributed-Collective
0.86,0.5,0.3182,0.94,Hierarchical-Individual
0.48,0.5,0.3182,0.93,Distributed-Collective
0.79,1.0,0.3182,0.75,Distributed-Individual
0.57,1.0,0.3182,0.77,Distributed-Collective
0.86,1.0,0.3182,0.94,Hierarchical-Individual
0.48,1.0,0.3182,0.93,Distributed-Collective
0.79,1.0,0.3182,0.75,Distributed-Individual
0.57,1.0,0.3182,0.77,Distributed-Collective
0.86,1.0,0.3182,0.94,Hierarchical-Individual
0.48,1.0,0.3182,0.93,Distributed-Collective
0.93,0.0,0.5682,1.0,Distributed-Collective
0.4,0.5,0.5682,0.57,Distributed-Individual
0.93,0.5,0.5682,1.0,Distributed-Collective
0.4,1.0,0.5682,0.57,Distributed-Individual
0.93,0.5,0.5682,1.0,Distributed-Collective
0.4,1.0,0.5682,0.57,Distributed-Individual
0.67,0.5,0.6136,0.71,Distributed-Collective
0.69,0.5,0.6136,0.51,Distributed-Collective
0.67,1.0,0.6136,0.71,Distributed-Collective
0.69,1.0,0.6136,0.51,Distributed-Collective
0.67,1.0,0.6136,0.71,Distributed-Collective
0.69,1.0,0.6136,0.51,Distributed-Collective
0.67,0.5,0.6136,0.71,Distributed-Collective
0.69,0.5,0.6136,0.51,Distributed-Collective
0.67,0.5,0.6136,0.71,Distributed-Collective
0.69,0.5,0.6136,0.51,Distributed-Collective
0.67,0.5,0.6136,0.71,Distributed-Collective
0.69,0.5,0.6136,0.51,Distributed-Collective
0.74,0.5,0.3409,0.9,Hierarchical-Collective
0.81,1.0,0.3409,0.51,Hierarchical-Individual
0.74,0.5,0.3409,0.9,Hierarchical-Collective
0.81,1.0,0.3409,0.51,Hierarchical-Individual
0.74,0.5,0.3409,0.9,Hierarchical-Collective
0.81,1.0,0.3409,0.51,Hierarchical-Individual
0.74,0.5,0.3409,0.9,Hierarchical-Collective
0.81,1.0,0.3409,0.51,Hierarchical-Individual
0.74,0.5,0.3409,0.9,Hierarchical-Collective
0.81,1.0,0.3409,0.51,Hierarchical-Individual
0.74,0.5,0.3409,0.9,Hierarchical-Collective
0.81,1.0,0.3409,0.51,Hierarchical-Individual
0.74,0.5,0.3409,0.9,Hierarchical-Collective
0.81,1.0,0.3409,0.51,Hierarchical-Individual
0.48,1.0,0.5909,0.77,Distributed-Collective
0.49,1.0,0.5909,0.98,Distributed-Collective
0.91,1.0,0.5909,0.7,Hierarchical-Collective
0.48,1.0,0.5909,0.77,Distributed-Collective
0.49,1.0,0.5909,0.98,Distributed-Collective
0.91,1.0,0.5909,0.7,Hierarchical-Collective
0.48,1.0,0.5909,0.77,Distributed-Collective
0.49,1.0,0.5909,0.98,Distributed-Collective
0.91,1.0,0.5909,0.7,Hierarchical-Collective
0.48,1.0,0.5909,0.77,Distributed-Collective
0.49,1.0,0.5909,0.98,Distributed-Collective
0.91,1.0,0.5909,0.7,Hierarchical-Collective
0.48,0.5,0.5909,0.77,Distributed-Collective
0.49,0.5,0.5909,0.98,Distributed-Collective
0.91,0.5,0.5909,0.7,Hierarchical-Collective
0.48,1.0,0.5909,0.77,Distributed-Collective
0.49,1.0,0.5909,0.98,Distributed-Collective
0.91,1.0,0.5909,0.7,Hierarchical-Collective
0.48,0.5,0.5909,0.77,Distributed-Collective
0.49,0.5,0.5909,0.98,Distributed-Collective
0.91,0.5,0.5909,0.7,Hierarchical-Collective
0.82,1.0,0.5,1.0,Distributed-Collective
0.82,0.5,0.5,1.0,Distributed-Collective
0.82,0.5,0.5,1.0,Distributed-Collective
0.56,0.5,0.7045,0.6,Hierarchical-Collective
0.7,1.0,0.7045,0.91,Hierarchical-Individual
0.56,0.0,0.7045,0.6,Hierarchical-Collective
0.7,0.5,0.7045,0.91,Hierarchical-Individual
0.56,0.0,0.7045,0.6,Hierarchical-Collective
0.7,0.5,0.7045,0.91,Hierarchical-Individual
0.56,0.0,0.7045,0.6,Hierarchical-Collective
0.7,0.5,0.7045,0.91,Hierarchical-Individual
0.66,0.0,0.4318,0.53,Hierarchical-Individual
0.52,0.5,0.4318,0.65,Distributed-Individual
0.66,0.5,0.4318,0.53,Hierarchical-Individual
0.52,1.0,0.4318,0.65,Distributed-Individual
0.66,0.0,0.4318,0.53,Hierarchical-Individual
0.52,0.5,0.4318,0.65,Distributed-Individual
0.66,0.5,0.4318,0.53,Hierarchical-Individual
0.52,1.0,0.4318,0.65,Distributed-Individual
0.66,0.0,0.4318,0.53,Hierarchical-Individual
0.52,0.5,0.4318,0.65,Distributed-Individual
0.66,0.0,0.4318,0.53,Hierarchical-Individual
0.52,0.5,0.4318,0.65,Distributed-Individual
0.9,0.0,0.3409,0.62,Hierarchical-Collective
0.56,0.5,0.3409,0.5,Distributed-Collective
0.9,0.0,0.3409,0.62,Hierarchical-Collective
0.56,0.5,0.3409,0.5,Distributed-Collective
0.9,0.5,0.3409,0.62,Hierarchical-Collective
0.56,1.0,0.3409,0.5,Distributed-Collective
1.0,1.0,0.3409,0.61,Distributed-Individual
0.85,0.5,0.3409,0.77,Distributed-Individual
1.0,0.5,0.3409,0.61,Distributed-Individual
0.85,0.0,0.3409,0.77,Distributed-Individual
1.0,1.0,0.3409,0.61,Distributed-Individual
0.85,0.5,0.3409,0.77,Distributed-Individual
1.0,1.0,0.3409,0.61,Distributed-Individual
0.85,0.5,0.3409,0.77,Distributed-Individual
1.0,1.0,0.3409,0.61,Distributed-Individual
0.85,0.5,0.3409,0.77,Distributed-Individual
1.0,1.0,0.3409,0.61,Distributed-Individual
0.85,0.5,0.3409,0.77,Distributed-Individual
1.0,1.0,0.3409,0.61,Distributed-Individual
0.85,0.5,0.3409,0.77,Distributed-Individual
1.0,1.0,0.3409,0.61,Distributed-Individual
0.85,0.5,0.3409,0.77,Distributed-Individual
1.0,1.0,0.3409,0.61,Distributed-Individual
0.85,0.5,0.3409,0.77,Distributed-Individual
1.0,1.0,0.3409,0.61,Distributed-Individual
0.85,0.5,0.3409,0.77,Distributed-Individual
1.0,1.0,0.3409,0.61,Distributed-Individual
0.85,0.5,0.3409,0.77,Distributed-Individual
0.73,0.0,0.3409,0.98,Hierarchical-Individual
0.73,0.0,0.3409,0.98,Hierarchical-Individual
0.73,0.5,0.3409,0.98,Hierarchical-Individual
0.73,0.5,0.3409,0.98,Hierarchical-Individual
0.73,0.5,0.3409,0.98,Hierarchical-Individual
0.73,0.0,0.3409,0.98,Hierarchical-Individual
0.73,0.0,0.3409,0.98,Hierarchical-Individual
0.73,0.5,0.4545,0.5,Distributed-Collective
0.88,0.5,0.4545,0.73,Distributed-Individual
0.76,0.5,0.4545,0.75,Distributed-Collective
0.73,0.5,0.4545,0.5,Distributed-Collective
0.88,0.5,0.4545,0.73,Distributed-Individual
0.76,0.5,0.4545,0.75,Distributed-Collective
0.87,0.5,0.5,0.66,Distributed-Individual
0.87,0.5,0.5,0.66,Distributed-Individual
0.87,0.5,0.5,0.66,Distributed-Individual
0.87,1.0,0.5,0.66,Distributed-Individual
0.87,0.5,0.5,0.66,Distributed-Individual
0.86,0.0,0.5,1.0,Hierarchical-Collective
0.86,0.0,0.5,1.0,Hierarchical-Collective
0.86,0.5,0.5,1.0,Hierarchical-Collective
0.86,0.0,0.5,1.0,Hierarchical-Collective
0.86,0.5,0.5,1.0,Hierarchical-Collective
0.86,0.5,0.5,1.0,Hierarchical-Collective
0.86,0.5,0.5,1.0,Hierarchical-Collective
0.86,0.5,0.5,1.0,Hierarchical-Collective
0.86,0.0,0.5,1.0,Hierarchical-Collective
0.86,0.0,0.5,1.0,Hierarchical-Collective
0.72,0.0,0.5682,0.79,Hierarchical-Collective
0.49,0.0,0.5682,0.88,Hierarchical-Collective
0.72,0.0,0.5682,0.79,Hierarchical-Collective
0.49,0.0,0.5682,0.88,Hierarchical-Collective
0.72,0.5,0.5682,0.79,Hierarchical-Collective
0.49,0.5,0.5682,0.88,Hierarchical-Collective
0.72,0.0,0.5682,0.79,Hierarchical-Collective
0.49,0.0,0.5682,0.88,Hierarchical-Collective
0.8,0.5,0.4545,0.85,Hierarchical-Individual
0.91,1.0,0.4545,0.74,Hierarchical-Collective
0.59,0.5,0.4545,0.74,Hierarchical-Collective
0.8,0.0,0.4545,0.85,Hierarchical-Individual
0.91,0.5,0.4545,0.74,Hierarchical-Collective
0.59,0.0,0.4545,0.74,Hierarchical-Collective
0.8,0.0,0.4545,0.85,Hierarchical-Individual
0.91,0.5,0.4545,0.74,Hierarchical-Collective
0.59,0.0,0.4545,0.74,Hierarchical-Collective
0.8,0.5,0.4545,0.85,Hierarchical-Individual
0.91,1.0,0.4545,0.74,Hierarchical-Collective
0.59,0.5,0.4545,0.74,Hierarchical-Collective
0.8,0.5,0.4545,0.85,Hierarchical-Individual
0.91,1.0,0.4545,0.74,Hierarchical-Collective
0.59,0.5,0.4545,0.74,Hierarchical-Collective
0.8,0.5,0.4545,0.85,Hierarchical-Individual
0.91,1.0,0.4545,0.74,Hierarchical-Collective
0.59,0.5,0.4545,0.74,Hierarchical-Collective
0.8,0.5,0.4545,0.85,Hierarchical-Individual
0.91,1.0,0.4545,0.74,Hierarchical-Collective
0.59,0.5,0.4545,0.74,Hierarchical-Collective
0.8,0.0,0.4545,0.85,Hierarchical-Individual
0.91,0.5,0.4545,0.74,Hierarchical-Collective
0.59,0.0,0.4545,0.74,Hierarchical-Collective
0.59,1.0,0.6591,0.62,Hierarchical-Individual
0.59,0.5,0.6591,0.62,Hierarchical-Individual
0.59,1.0,0.6591,0.62,Hierarchical-Individual
0.67,0.5,0.4091,0.5,Distributed-Collective
0.67,0.5,0.4091,0.5,Distributed-Collective
0.67,1.0,0.4091,0.5,Distributed-Collective
0.67,1.0,0.4091,0.5,Distributed-Collective
0.67,1.0,0.4091,0.5,Distributed-Collective
0.67,1.0,0.4091,0.5,Distributed-Collective
0.67,1.0,0.4091,0.5,Distributed-Collective
0.6,0.5,0.8182,0.94,Distributed-Individual
0.55,1.0,0.8182,0.63,Distributed-Individual
0.58,0.5,0.5455,0.76,Distributed-Individual
0.98,0.5,0.5455,0.9,Distributed-Collective
0.4,0.0,0.5455,0.99,Hierarchical-Collective
0.86,0.5,0.5455,0.53,Distributed-Collective
0.58,0.5,0.5455,0.76,Distributed-Individual
0.98,0.5,0.5455,0.9,Distributed-Collective
0.4,0.0,0.5455,0.99,Hierarchical-Collective
0.86,0.5,0.5455,0.53,Distributed-Collective
0.58,1.0,0.5455,0.76,Distributed-Individual
0.98,1.0,0.5455,0.9,Distributed-Collective
0.4,0.5,0.5455,0.99,Hierarchical-Collective
0.86,1.0,0.5455,0.53,Distributed-Collective
0.58,1.0,0.5455,0.76,Distributed-Individual
0.98,1.0,0.5455,0.9,Distributed-Collective
0.4,0.5,0.5455,0.99,Hierarchical-Collective
0.86,1.0,0.5455,0.53,Distributed-Collective
0.58,1.0,0.5455,0.76,Distributed-Individual
0.98,1.0,0.5455,0.9,Distributed-Collective
0.4,0.5,0.5455,0.99,Hierarchical-Collective
0.86,1.0,0.5455,0.53,Distributed-Collective
0.58,1.0,0.5455,0.76,Distributed-Individual
0.98,1.0,0.5455,0.9,Distributed-Collective
0.4,0.5,0.5455,0.99,Hierarchical-Collective
0.86,1.0,0.5455,0.53,Distributed-Collective
0.58,0.5,0.5455,0.76,Distributed-Individual
0.98,0.5,0.5455,0.9,Distributed-Collective
0.4,0.0,0.5455,0.99,Hierarchical-Collective
0.86,0.5,0.5455,0.53,Distributed-Collective
0.58,0.5,0.5455,0.76,Distributed-Individual
0.98,0.5,0.5455,0.9,Distributed-Collective
0.4,0.0,0.5455,0.99,Hierarchical-Collective
0.86,0.5,0.5455,0.53,Distributed-Collective
0.42,0.5,0.3409,0.61,Hierarchical-Collective
0.88,0.5,0.3409,0.58,Hierarchical-Collective
0.63,0.5,0.3182,0.89,Distributed-Individual
0.42,1.0,0.3182,0.6,Hierarchical-Individual
0.9,1.0,0.3182,0.75,Distributed-Collective
0.46,1.0,0.5227,0.69,Distributed-Collective
0.46,1.0,0.5227,0.69,Distributed-Collective
0.46,1.0,0.5227,0.69,Distributed-Collective
0.46,1.0,0.5227,0.69,Distributed-Collective
0.56,1.0,0.4318,0.69,Distributed-Individual
0.43,1.0,0.4318,0.68,Hierarchical-Individual
0.56,0.5,0.4318,0.58,Distributed-Collective
0.9,1.0,0.4318,0.83,Hierarchical-Collective
0.56,0.5,0.4318,0.69,Distributed-Individual
0.43,0.5,0.4318,0.68,Hierarchical-Individual
0.56,0.0,0.4318,0.58,Distributed-Collective
0.9,0.5,0.4318,0.83,Hierarchical-Collective
0.56,1.0,0.4318,0.69,Distributed-Individual
0.43,1.0,0.4318,0.68,Hierarchical-Individual
0.56,0.5,0.4318,0.58,Distributed-Collective
0.9,1.0,0.4318,0.83,Hierarchical-Collective
0.56,1.0,0.4318,0.69,Distributed-Individual
0.43,1.0,0.4318,0.68,Hierarchical-Individual
0.56,0.5,0.4318,0.58,Distributed-Collective
0.9,1.0,0.4318,0.83,Hierarchical-Collective
0.56,0.5,0.4318,0.69,Distributed-Individual
0.43,0.5,0.4318,0.68,Hierarchical-Individual
0.56,0.0,0.4318,0.58,Distributed-Collective
0.9,0.5,0.4318,0.83,Hierarchical-Collective
0.56,0.5,0.4318,0.69,Distributed-Individual
0.43,0.5,0.4318,0.68,Hierarchical-Individual
0.56,0.0,0.4318,0.58,Distributed-Collective
0.9,0.5,0.4318,0.83,Hierarchical-Collective
0.6,1.0,0.5455,0.81,Distributed-Collective
0.89,1.0,0.5455,0.95,Hierarchical-Collective
0.88,1.0,0.5455,0.58,Distributed-Individual
0.6,1.0,0.5455,0.81,Distributed-Collective
0.89,1.0,0.5455,0.95,Hierarchical-Collective
0.88,1.0,0.5455,0.58,Distributed-Individual
0.6,0.5,0.5455,0.81,Distributed-Collective
0.89,0.5,0.5455,0.95,Hierarchical-Collective
0.88,0.5,0.5455,0.58,Distributed-Individual
0.6,0.5,0.5455,0.81,Distributed-Collective
0.89,0.5,0.5455,0.95,Hierarchical-Collective
0.88,0.5,0.5455,0.58,Distributed-Individual
0.6,1.0,0.5455,0.81,Distributed-Collective
0.89,1.0,0.5455,0.95,Hierarchical-Collective
0.88,1.0,0.5455,0.58,Distributed-Individual
0.6,0.5,0.5455,0.81,Distributed-Collective
0.89,0.5,0.5455,0.95,Hierarchical-Collective
0.88,0.5,0.5455,0.58,Distributed-Individual
0.9,0.5,0.5227,0.67,Distributed-Individual
0.9,0.0,0.5227,0.67,Distributed-Individual
0.9,0.0,0.5227,0.67,Distributed-Individual
0.9,0.5,0.5227,0.67,Distributed-Individual
0.9,0.0,0.5227,0.67,Distributed-Individual
0.9,0.0,0.5227,0.67,Distributed-Individual
0.9,0.0,0.5227,0.67,Distributed-Individual
0.9,0.0,0.5227,0.67,Distributed-Individual
0.9,0.0,0.5227,0.67,Distributed-Individual
0.9,0.5,0.5227,0.67,Distributed-Individual
0.9,0.0,0.5227,0.67,Distributed-Individual
0.9,0.0,0.5227,0.67,Distributed-Individual
0.57,1.0,0.4545,0.85,Distributed-Individual
1.0,0.5,0.4545,0.83,Hierarchical-Individual
0.63,1.0,0.4545,0.59,Distributed-Individual
0.57,0.5,0.4545,0.85,Distributed-Individual
1.0,0.0,0.4545,0.83,Hierarchical-Individual
0.63,0.5,0.4545,0.59,Distributed-Individual
0.57,1.0,0.4545,0.85,Distributed-Individual
1.0,0.5,0.4545,0.83,Hierarchical-Individual
0.63,1.0,0.4545,0.59,Distributed-Individual
0.57,0.5,0.4545,0.85,Distributed-Individual
1.0,0.0,0.4545,0.83,Hierarchical-Individual
0.63,0.5,0.4545,0.59,Distributed-Individual
0.57,0.5,0.4545,0.85,Distributed-Individual
1.0,0.0,0.4545,0.83,Hierarchical-Individual
0.63,0.5,0.4545,0.59,Distributed-Individual
0.65,1.0,0.3409,0.88,Distributed-Individual
0.4,1.0,0.3409,0.67,Hierarchical-Individual
0.65,0.5,0.3409,0.88,Distributed-Individual
0.4,0.5,0.3409,0.67,Hierarchical-Individual
0.53,0.5,0.25,0.72,Distributed-Collective
0.85,0.5,0.25,0.69,Distributed-Individual
0.41,0.5,0.25,0.82,Hierarchical-Individual
0.8,1.0,0.25,0.69,Hierarchical-Collective
0.71,1.0,0.25,0.79,Hierarchical-Collective
0.99,0.5,0.25,0.76,Hierarchical-Collective
0.53,0.5,0.25,0.72,Distributed-Collective
0.85,0.5,0.25,0.69,Distributed-Individual
0.41,0.5,0.25,0.82,Hierarchical-Individual
0.8,1.0,0.25,0.69,Hierarchical-Collective
0.71,1.0,0.25,0.79,Hierarchical-Collective
0.99,0.5,0.25,0.76,Hierarchical-Collective
0.53,0.5,0.25,0.72,Distributed-Collective
0.85,0.5,0.25,0.69,Distributed-Individual
0.41,0.5,0.25,0.82,Hierarchical-Individual
0.8,1.0,0.25,0.69,Hierarchical-Collective
0.71,1.0,0.25,0.79,Hierarchical-Collective
0.99,0.5,0.25,0.76,Hierarchical-Collective
0.55,1.0,0.3864,0.68,Hierarchical-Individual
0.55,1.0,0.3864,0.68,Hierarchical-Individual
0.55,1.0,0.3864,0.68,Hierarchical-Individual
0.55,1.0,0.3864,0.68,Hierarchical-Individual
0.55,1.0,0.3864,0.68,Hierarchical-Individual
0.55,1.0,0.3864,0.68,Hierarchical-Individual
0.57,0.5,0.5682,0.62,Distributed-Individual
0.68,0.0,0.5682,0.54,Distributed-Individual
0.42,0.5,0.5682,0.71,Distributed-Collective
0.48,0.5,0.5682,0.73,Hierarchical-Individual
0.57,0.5,0.5682,0.62,Distributed-Individual
0.68,0.0,0.5682,0.54,Distributed-Individual
0.42,0.5,0.5682,0.71,Distributed-Collective
0.48,0.5,0.5682,0.73,Hierarchical-Individual
0.57,0.5,0.5682,0.62,Distributed-Individual
0.68,0.0,0.5682,0.54,Distributed-Individual
0.42,0.5,0.5682,0.71,Distributed-Collective
0.48,0.5,0.5682,0.73,Hierarchical-Individual
0.57,0.5,0.5682,0.62,Distributed-Individual
0.68,0.0,0.5682,0.54,Distributed-Individual
0.42,0.5,0.5682,0.71,Distributed-Collective
0.48,0.5,0.5682,0.73,Hierarchical-Individual
1.0,0.5,0.4773,0.72,Hierarchical-Collective
0.56,0.5,0.4773,0.58,Distributed-Individual
0.94,0.5,0.4773,0.88,Distributed-Collective
0.71,0.0,0.4773,0.99,Distributed-Individual
0.76,0.5,0.4773,0.88,Distributed-Collective
1.0,0.5,0.4773,0.72,Hierarchical-Collective
0.56,0.5,0.4773,0.58,Distributed-Individual
0.94,0.5,0.4773,0.88,Distributed-Collective
0.71,0.0,0.4773,0.99,Distributed-Individual
0.76,0.5,0.4773,0.88,Distributed-Collective
1.0,0.5,0.4773,0.72,Hierarchical-Collective
0.56,0.5,0.4773,0.58,Distributed-Individual
0.94,0.5,0.4773,0.88,Distributed-Collective
0.71,0.0,0.4773,0.99,Distributed-Individual
0.76,0.5,0.4773,0.88,Distributed-Collective
1.0,1.0,0.4773,0.72,Hierarchical-Collective
0.56,1.0,0.4773,0.58,Distributed-Individual
0.94,1.0,0.4773,0.88,Distributed-Collective
0.71,0.5,0.4773,0.99,Distributed-Individual
0.76,1.0,0.4773,0.88,Distributed-Collective
1.0,0.5,0.4773,0.72,Hierarchical-Collective
0.56,0.5,0.4773,0.58,Distributed-Individual
0.94,0.5,0.4773,0.88,Distributed-Collective
0.71,0.0,0.4773,0.99,Distributed-Individual
0.76,0.5,0.4773,0.88,Distributed-Collective
1.0,0.5,0.4773,0.72,Hierarchical-Collective
0.56,0.5,0.4773,0.58,Distributed-Individual
0.94,0.5,0.4773,0.88,Distributed-Collective
0.71,0.0,0.4773,0.99,Distributed-Individual
0.76,0.5,0.4773,0.88,Distributed-Collective
1.0,0.5,0.4773,0.72,Hierarchical-Collective
0.56,0.5,0.4773,0.58,Distributed-Individual
0.94,0.5,0.4773,0.88,Distributed-Collective
0.71,0.0,0.4773,0.99,Distributed-Individual
0.76,0.5,0.4773,0.88,Distributed-Collective
1.0,0.5,0.4773,0.72,Hierarchical-Collective
0.56,0.5,0.4773,0.58,Distributed-Individual
0.94,0.5,0.4773,0.88,Distributed-Collective
0.71,0.0,0.4773,0.99,Distributed-Individual
0.76,0.5,0.4773,0.88,Distributed-Collective
1.0,1.0,0.4773,0.72,Hierarchical-Collective
0.56,1.0,0.4773,0.58,Distributed-Individual
0.94,1.0,0.4773,0.88,Distributed-Collective
0.71,0.5,0.4773,0.99,Distributed-Individual
0.76,1.0,0.4773,0.88,Distributed-Collective
1.0,1.0,0.4773,0.72,Hierarchical-Collective
0.56,1.0,0.4773,0.58,Distributed-Individual
0.94,1.0,0.4773,0.88,Distributed-Collective
0.71,0.5,0.4773,0.99,Distributed-Individual
0.76,1.0,0.4773,0.88,Distributed-Collective
1.0,1.0,0.4773,0.72,Hierarchical-Collective
0.56,1.0,0.4773,0.58,Distributed-Individual
0.94,1.0,0.4773,0.88,Distributed-Collective
0.71,0.5,0.4773,0.99,Distributed-Individual
0.76,1.0,0.4773,0.88,Distributed-Collective
1.0,0.5,0.4773,0.72,Hierarchical-Collective
0.56,0.5,0.4773,0.58,Distributed-Individual
0.94,0.5,0.4773,0.88,Distributed-Collective
0.71,0.0,0.4773,0.99,Distributed-Individual
0.76,0.5,0.4773,0.88,Distributed-Collective
0.65,1.0,0.2955,0.56,Distributed-Individual
0.72,0.5,0.2955,0.74,Hierarchical-Individual
0.61,1.0,0.2955,0.96,Distributed-Collective
0.5,1.0,0.2955,0.58,Hierarchical-Individual
0.65,1.0,0.2955,0.56,Distributed-Individual
0.72,0.5,0.2955,0.74,Hierarchical-Individual
0.61,1.0,0.2955,0.96,Distributed-Collective
0.5,1.0,0.2955,0.58,Hierarchical-Individual
0.65,1.0,0.2955,0.56,Distributed-Individual
0.72,0.5,0.2955,0.74,Hierarchical-Individual
0.61,1.0,0.2955,0.96,Distributed-Collective
0.5,1.0,0.2955,0.58,Hierarchical-Individual
0.65,1.0,0.2955,0.56,Distributed-Individual
0.72,0.5,0.2955,0.74,Hierarchical-Individual
0.61,1.0,0.2955,0.96,Distributed-Collective
0.5,1.0,0.2955,0.58,Hierarchical-Individual
0.8,1.0,0.4773,0.59,Distributed-Collective
0.55,1.0,0.4773,0.85,Distributed-Individual
0.75,1.0,0.4773,0.75,Distributed-Individual
0.8,0.5,0.4773,0.59,Distributed-Collective
0.55,0.5,0.4773,0.85,Distributed-Individual
0.75,0.5,0.4773,0.75,Distributed-Individual
0.8,1.0,0.4773,0.59,Distributed-Collective
0.55,1.0,0.4773,0.85,Distributed-Individual
0.75,1.0,0.4773,0.75,Distributed-Individual
0.8,1.0,0.4773,0.59,Distributed-Collective
0.55,1.0,0.4773,0.85,Distributed-Individual
0.75,1.0,0.4773,0.75,Distributed-Individual
0.8,1.0,0.4773,0.59,Distributed-Collective
0.55,1.0,0.4773,0.85,Distributed-Individual
0.75,1.0,0.4773,0.75,Distributed-Individual
0.8,1.0,0.4773,0.59,Distributed-Collective
0.55,1.0,0.4773,0.85,Distributed-Individual
0.75,1.0,0.4773,0.75,Distributed-Individual
0.8,1.0,0.4773,0.59,Distributed-Collective
0.55,1.0,0.4773,0.85,Distributed-Individual
0.75,1.0,0.4773,0.75,Distributed-Individual
0.8,1.0,0.4773,0.59,Distributed-Collective
0.55,1.0,0.4773,0.85,Distributed-Individual
0.75,1.0,0.4773,0.75,Distributed-Individual
0.8,1.0,0.4773,0.59,Distributed-Collective
0.55,1.0,0.4773,0.85,Distributed-Individual
0.75,1.0,0.4773,0.75,Distributed-Individual
0.8,1.0,0.4773,0.59,Distributed-Collective
0.55,1.0,0.4773,0.85,Distributed-Individual
0.75,1.0,0.4773,0.75,Distributed-Individual
0.8,1.0,0.4773,0.59,Distributed-Collective
0.55,1.0,0.4773,0.85,Distributed-Individual
0.75,1.0,0.4773,0.75,Distributed-Individual
0.8,1.0,0.4773,0.59,Distributed-Collective
0.55,1.0,0.4773,0.85,Distributed-Individual
0.75,1.0,0.4773,0.75,Distributed-Individual
0.98,0.5,0.4773,0.83,Hierarchical-Individual
0.98,0.5,0.4773,0.83,Hierarchical-Individual
0.98,0.5,0.4773,0.83,Hierarchical-Individual
0.56,1.0,0.4545,0.73,Hierarchical-Individual
0.81,1.0,0.4545,0.83,Hierarchical-Collective
0.56,1.0,0.4545,0.73,Hierarchical-Individual
0.81,1.0,0.4545,0.83,Hierarchical-Collective
0.56,1.0,0.4545,0.73,Hierarchical-Individual
0.81,1.0,0.4545,0.83,Hierarchical-Collective
0.56,1.0,0.4545,0.73,Hierarchical-Individual
0.81,1.0,0.4545,0.83,Hierarchical-Collective
0.56,1.0,0.4545,0.73,Hierarchical-Individual
0.81,1.0,0.4545,0.83,Hierarchical-Collective
0.56,0.5,0.4545,0.73,Hierarchical-Individual
0.81,0.5,0.4545,0.83,Hierarchical-Collective
0.61,0.5,0.2955,0.88,Distributed-Collective
0.61,0.0,0.2955,0.88,Distributed-Collective
0.61,0.5,0.2955,0.88,Distributed-Collective
0.56,1.0,0.5,0.83,Distributed-Collective
0.96,1.0,0.5,0.98,Distributed-Collective
0.56,1.0,0.5,0.83,Distributed-Collective
0.96,1.0,0.5,0.98,Distributed-Collective
0.56,0.5,0.5,0.83,Distributed-Collective
0.96,0.5,0.5,0.98,Distributed-Collective
0.67,1.0,0.5227,0.92,Hierarchical-Collective
0.6,0.5,0.5227,0.93,Hierarchical-Collective
0.62,0.5,0.5227,0.63,Distributed-Collective
0.94,0.5,0.2727,0.88,Distributed-Individual
0.7,0.5,0.2727,0.62,Distributed-Individual
0.73,1.0,0.2727,0.67,Hierarchical-Individual
0.94,0.0,0.2727,0.88,Distributed-Individual
0.7,0.0,0.2727,0.62,Distributed-Individual
0.73,0.5,0.2727,0.67,Hierarchical-Individual
0.94,0.5,0.2727,0.88,Distributed-Individual
0.7,0.5,0.2727,0.62,Distributed-Individual
0.73,1.0,0.2727,0.67,Hierarchical-Individual
0.94,0.5,0.2727,0.88,Distributed-Individual
0.7,0.5,0.2727,0.62,Distributed-Individual
0.73,1.0,0.2727,0.67,Hierarchical-Individual
0.94,0.5,0.2727,0.88,Distributed-Individual
0.7,0.5,0.2727,0.62,Distributed-Individual
0.73,1.0,0.2727,0.67,Hierarchical-Individual
0.94,0.5,0.2727,0.88,Distributed-Individual
0.7,0.5,0.2727,0.62,Distributed-Individual
0.73,1.0,0.2727,0.67,Hierarchical-Individual
0.41,0.5,0.3182,0.6,Distributed-Collective
0.78,0.5,0.3182,0.7,Hierarchical-Collective
0.48,0.0,0.3182,0.63,Hierarchical-Individual
0.41,0.5,0.3182,0.6,Distributed-Collective
0.78,0.5,0.3182,0.7,Hierarchical-Collective
0.48,0.0,0.3182,0.63,Hierarchical-Individual
0.41,1.0,0.3182,0.6,Distributed-Collective
0.78,1.0,0.3182,0.7,Hierarchical-Collective
0.48,0.5,0.3182,0.63,Hierarchical-Individual
0.41,1.0,0.3182,0.6,Distributed-Collective
0.78,1.0,0.3182,0.7,Hierarchical-Collective
0.48,0.5,0.3182,0.63,Hierarchical-Individual
0.41,1.0,0.3182,0.6,Distributed-Collective
0.78,1.0,0.3182,0.7,Hierarchical-Collective
0.48,0.5,0.3182,0.63,Hierarchical-Individual
0.41,0.5,0.3182,0.6,Distributed-Collective
0.78,0.5,0.3182,0.7,Hierarchical-Collective
0.48,0.0,0.3182,0.63,Hierarchical-Individual
0.57,1.0,0.5227,0.59,Distributed-Individual
0.54,1.0,0.5227,0.9,Hierarchical-Collective
0.57,1.0,0.5227,0.79,Hierarchical-Individual
0.57,0.5,0.5227,0.59,Distributed-Individual
0.54,0.5,0.5227,0.9,Hierarchical-Collective
0.57,0.5,0.5227,0.79,Hierarchical-Individual
0.57,0.5,0.5227,0.59,Distributed-Individual
0.54,0.5,0.5227,0.9,Hierarchical-Collective
0.57,0.5,0.5227,0.79,Hierarchical-Individual
0.57,0.5,0.5227,0.59,Distributed-Individual
0.54,0.5,0.5227,0.9,Hierarchical-Collective
0.57,0.5,0.5227,0.79,Hierarchical-Individual
0.57,0.5,0.5227,0.59,Distributed-Individual
0.54,0.5,0.5227,0.9,Hierarchical-Collective
0.57,0.5,0.5227,0.79,Hierarchical-Individual
0.57,0.5,0.5227,0.59,Distributed-Individual
0.54,0.5,0.5227,0.9,Hierarchical-Collective
0.57,0.5,0.5227,0.79,Hierarchical-Individual
0.57,0.5,0.5227,0.59,Distributed-Individual
0.54,0.5,0.5227,0.9,Hierarchical-Collective
0.57,0.5,0.5227,0.79,Hierarchical-Individual
0.84,1.0,0.5227,0.61,Hierarchical-Collective
0.56,1.0,0.5227,0.72,Hierarchical-Collective
0.62,1.0,0.5227,0.65,Distributed-Collective
0.84,0.5,0.5227,0.61,Hierarchical-Collective
0.56,0.5,0.5227,0.72,Hierarchical-Collective
0.62,0.5,0.5227,0.65,Distributed-Collective
0.84,0.5,0.5227,0.61,Hierarchical-Collective
0.56,0.5,0.5227,0.72,Hierarchical-Collective
0.62,0.5,0.5227,0.65,Distributed-Collective
0.84,0.5,0.5227,0.61,Hierarchical-Collective
0.56,0.5,0.5227,0.72,Hierarchical-Collective
0.62,0.5,0.5227,0.65,Distributed-Collective
0.84,1.0,0.5227,0.61,Hierarchical-Collective
0.56,1.0,0.5227,0.72,Hierarchical-Collective
0.62,1.0,0.5227,0.65,Distributed-Collective
0.84,1.0,0.5227,0.61,Hierarchical-Collective
0.56,1.0,0.5227,0.72,Hierarchical-Collective
0.62,1.0,0.5227,0.65,Distributed-Collective
0.84,1.0,0.5227,0.61,Hierarchical-Collective
0.56,1.0,0.5227,0.72,Hierarchical-Collective
0.62,1.0,0.5227,0.65,Distributed-Collective
0.58,1.0,0.9773,0.56,Distributed-Collective
0.64,0.5,0.5227,0.55,Distributed-Collective
0.78,0.5,0.5227,0.9,Distributed-Collective
0.91,0.5,0.5227,0.52,Hierarchical-Individual
0.51,1.0,0.5227,0.59,Hierarchical-Collective
0.64,0.5,0.5227,0.55,Distributed-Collective
0.78,0.5,0.5227,0.9,Distributed-Collective
0.91,0.5,0.5227,0.52,Hierarchical-Individual
0.51,1.0,0.5227,0.59,Hierarchical-Collective
0.64,0.5,0.5227,0.55,Distributed-Collective
0.78,0.5,0.5227,0.9,Distributed-Collective
0.91,0.5,0.5227,0.52,Hierarchical-Individual
0.51,1.0,0.5227,0.59,Hierarchical-Collective
0.67,0.5,0.6136,0.51,Distributed-Collective
0.75,1.0,0.6136,0.77,Hierarchical-Individual
0.97,1.0,0.6136,0.98,Hierarchical-Collective
0.67,0.0,0.6136,0.51,Distributed-Collective
0.75,0.5,0.6136,0.77,Hierarchical-Individual
0.97,0.5,0.6136,0.98,Hierarchical-Collective
0.86,0.5,0.5909,1.0,Hierarchical-Collective
0.74,0.0,0.5909,0.72,Distributed-Individual
0.86,1.0,0.5909,1.0,Hierarchical-Collective
0.74,0.5,0.5909,0.72,Distributed-Individual
0.86,1.0,0.5909,1.0,Hierarchical-Collective
0.74,0.5,0.5909,0.72,Distributed-Individual
0.86,1.0,0.5909,1.0,Hierarchical-Collective
0.74,0.5,0.5909,0.72,Distributed-Individual
0.84,0.0,0.5455,0.56,Hierarchical-Collective
0.83,1.0,0.4091,0.76,Hierarchical-Collective
0.83,1.0,0.4091,0.76,Hierarchical-Collective
0.83,1.0,0.4091,0.76,Hierarchical-Collective
0.83,1.0,0.4091,0.76,Hierarchical-Collective
0.83,0.5,0.4091,0.76,Hierarchical-Collective
0.83,0.5,0.4091,0.76,Hierarchical-Collective
0.83,1.0,0.4091,0.76,Hierarchical-Collective
0.83,0.5,0.4091,0.76,Hierarchical-Collective
0.68,1.0,0.5682,0.98,Hierarchical-Collective
0.83,1.0,0.5682,0.56,Hierarchical-Collective
0.68,1.0,0.5682,0.98,Hierarchical-Collective
0.83,1.0,0.5682,0.56,Hierarchical-Collective
0.68,0.5,0.5682,0.98,Hierarchical-Collective
0.83,0.5,0.5682,0.56,Hierarchical-Collective
0.68,1.0,0.5682,0.98,Hierarchical-Collective
0.83,1.0,0.5682,0.56,Hierarchical-Collective
0.68,1.0,0.5682,0.98,Hierarchical-Collective
0.83,1.0,0.5682,0.56,Hierarchical-Collective
0.59,0.5,0.3409,0.59,Hierarchical-Individual
0.87,0.5,0.3409,0.95,Hierarchical-Collective
0.97,1.0,0.3409,0.52,Hierarchical-Collective
0.59,0.0,0.3409,0.59,Hierarchical-Individual
0.87,0.0,0.3409,0.95,Hierarchical-Collective
0.97,0.5,0.3409,0.52,Hierarchical-Collective
0.59,0.5,0.3409,0.59,Hierarchical-Individual
0.87,0.5,0.3409,0.95,Hierarchical-Collective
0.97,1.0,0.3409,0.52,Hierarchical-Collective
0.59,0.5,0.3409,0.59,Hierarchical-Individual
0.87,0.5,0.3409,0.95,Hierarchical-Collective
0.97,1.0,0.3409,0.52,Hierarchical-Collective
0.59,0.0,0.3409,0.59,Hierarchical-Individual
0.87,0.0,0.3409,0.95,Hierarchical-Collective
0.97,0.5,0.3409,0.52,Hierarchical-Collective
0.77,0.5,0.4318,0.56,Distributed-Collective
0.91,0.0,0.4318,0.53,Hierarchical-Individual
0.77,0.5,0.4318,0.56,Distributed-Collective
0.91,0.0,0.4318,0.53,Hierarchical-Individual
0.77,1.0,0.4318,0.56,Distributed-Collective
0.91,0.5,0.4318,0.53,Hierarchical-Individual
0.77,1.0,0.4318,0.56,Distributed-Collective
0.91,0.5,0.4318,0.53,Hierarchical-Individual
0.77,0.5,0.4318,0.56,Distributed-Collective
0.91,0.0,0.4318,0.53,Hierarchical-Individual
0.77,0.5,0.4318,0.56,Distributed-Collective
0.91,0.0,0.4318,0.53,Hierarchical-Individual
0.77,1.0,0.4318,0.56,Distributed-Collective
0.91,0.5,0.4318,0.53,Hierarchical-Individual
0.55,1.0,0.4545,0.71,Distributed-Individual
0.55,1.0,0.4545,0.71,Distributed-Individual
0.55,1.0,0.4545,0.71,Distributed-Individual
0.55,1.0,0.4545,0.71,Distributed-Individual
0.55,0.5,0.4545,0.71,Distributed-Individual
0.55,1.0,0.4545,0.71,Distributed-Individual
0.55,0.5,0.4545,0.71,Distributed-Individual
0.55,0.5,0.4545,0.71,Distributed-Individual
0.65,0.0,0.2273,0.61,Distributed-Collective
0.68,0.5,0.2273,0.62,Distributed-Individual
0.59,0.5,0.2273,0.67,Hierarchical-Collective
0.4,0.5,0.2273,0.62,Hierarchical-Individual
0.65,0.0,0.2273,0.61,Distributed-Collective
0.68,0.5,0.2273,0.62,Distributed-Individual
0.59,0.5,0.2273,0.67,Hierarchical-Collective
0.4,0.5,0.2273,0.62,Hierarchical-Individual
0.97,0.5,0.3864,0.78,Distributed-Individual
0.97,0.0,0.3864,0.78,Distributed-Individual
0.42,0.5,0.6136,0.73,Distributed-Collective
0.84,0.5,0.6136,0.9,Distributed-Collective
0.42,0.5,0.6136,0.73,Distributed-Collective
0.84,0.5,0.6136,0.9,Distributed-Collective
0.42,0.0,0.6136,0.73,Distributed-Collective
0.84,0.0,0.6136,0.9,Distributed-Collective
0.42,0.0,0.6136,0.73,Distributed-Collective
0.84,0.0,0.6136,0.9,Distributed-Collective
0.71,0.5,0.4545,0.88,Distributed-Collective
0.71,1.0,0.4545,0.88,Distributed-Collective
0.71,1.0,0.4545,0.88,Distributed-Collective
0.71,1.0,0.4545,0.88,Distributed-Collective
0.71,1.0,0.4545,0.88,Distributed-Collective
0.71,0.5,0.4545,0.88,Distributed-Collective
0.71,0.5,0.4545,0.88,Distributed-Collective
0.71,1.0,0.4545,0.88,Distributed-Collective
0.58,0.5,0.3182,0.53,Hierarchical-Collective
0.58,0.0,0.3182,0.53,Hierarchical-Collective
0.68,0.5,0.3636,0.77,Distributed-Collective
0.53,0.0,0.3636,0.84,Distributed-Individual
0.78,0.0,0.3636,0.91,Hierarchical-Individual
0.68,0.5,0.3636,0.77,Distributed-Collective
0.53,0.0,0.3636,0.84,Distributed-Individual
0.78,0.0,0.3636,0.91,Hierarchical-Individual
0.68,1.0,0.3636,0.77,Distributed-Collective
0.53,0.5,0.3636,0.84,Distributed-Individual
0.78,0.5,0.3636,0.91,Hierarchical-Individual
0.68,0.5,0.3636,0.77,Distributed-Collective
0.53,0.0,0.3636,0.84,Distributed-Individual
0.78,0.0,0.3636,0.91,Hierarchical-Individual
0.68,1.0,0.3636,0.77,Distributed-Collective
0.53,0.5,0.3636,0.84,Distributed-Individual
0.78,0.5,0.3636,0.91,Hierarchical-Individual
0.68,0.5,0.3636,0.77,Distributed-Collective
0.53,0.0,0.3636,0.84,Distributed-Individual
0.78,0.0,0.3636,0.91,Hierarchical-Individual
0.68,1.0,0.3636,0.77,Distributed-Collective
0.53,0.5,0.3636,0.84,Distributed-Individual
0.78,0.5,0.3636,0.91,Hierarchical-Individual
0.68,1.0,0.3636,0.77,Distributed-Collective
0.53,0.5,0.3636,0.84,Distributed-Individual
0.78,0.5,0.3636,0.91,Hierarchical-Individual
0.62,1.0,0.5455,0.69,Distributed-Individual
0.64,1.0,0.5455,0.69,Distributed-Collective
0.62,0.5,0.5455,0.69,Distributed-Individual
0.64,0.5,0.5455,0.69,Distributed-Collective
0.62,0.5,0.5455,0.69,Distributed-Individual
0.64,0.5,0.5455,0.69,Distributed-Collective
0.62,1.0,0.5455,0.69,Distributed-Individual
0.64,1.0,0.5455,0.69,Distributed-Collective
0.62,0.5,0.5455,0.69,Distributed-Individual
0.64,0.5,0.5455,0.69,Distributed-Collective
0.76,0.5,0.3636,0.8,Distributed-Collective
0.77,0.5,0.3636,0.78,Hierarchical-Collective
0.76,0.5,0.3636,0.8,Distributed-Collective
0.77,0.5,0.3636,0.78,Hierarchical-Collective
0.76,0.5,0.3636,0.8,Distributed-Collective
0.77,0.5,0.3636,0.78,Hierarchical-Collective
0.89,0.0,0.4773,0.73,Hierarchical-Individual
0.6,0.5,0.4773,0.99,Distributed-Individual
1.0,0.0,0.4773,0.72,Distributed-Collective
0.89,0.0,0.4773,0.73,Hierarchical-Individual
0.6,0.5,0.4773,0.99,Distributed-Individual
1.0,0.0,0.4773,0.72,Distributed-Collective
0.89,0.5,0.4773,0.73,Hierarchical-Individual
0.6,1.0,0.4773,0.99,Distributed-Individual
1.0,0.5,0.4773,0.72,Distributed-Collective
0.89,0.5,0.4773,0.73,Hierarchical-Individual
0.6,1.0,0.4773,0.99,Distributed-Individual
1.0,0.5,0.4773,0.72,Distributed-Collective
0.89,0.0,0.4773,0.73,Hierarchical-Individual
0.6,0.5,0.4773,0.99,Distributed-Individual
1.0,0.0,0.4773,0.72,Distributed-Collective
0.89,0.5,0.4773,0.73,Hierarchical-Individual
0.6,1.0,0.4773,0.99,Distributed-Individual
1.0,0.5,0.4773,0.72,Distributed-Collective
0.89,0.0,0.4773,0.73,Hierarchical-Individual
0.6,0.5,0.4773,0.99,Distributed-Individual
1.0,0.0,0.4773,0.72,Distributed-Collective
0.92,0.5,0.3636,0.81,Hierarchical-Collective
0.92,0.5,0.3636,0.91,Hierarchical-Individual
0.49,1.0,0.3636,0.5,Hierarchical-Collective
0.97,1.0,0.3636,0.51,Hierarchical-Collective
0.92,0.5,0.3636,0.81,Hierarchical-Collective
0.92,0.5,0.3636,0.91,Hierarchical-Individual
0.49,1.0,0.3636,0.5,Hierarchical-Collective
0.97,1.0,0.3636,0.51,Hierarchical-Collective
0.92,0.5,0.3636,0.81,Hierarchical-Collective
0.92,0.5,0.3636,0.91,Hierarchical-Individual
0.49,1.0,0.3636,0.5,Hierarchical-Collective
0.97,1.0,0.3636,0.51,Hierarchical-Collective
0.65,0.5,0.75,0.55,Distributed-Individual
0.65,0.5,0.75,0.55,Distributed-Individual
0.69,0.5,0.5455,0.93,Hierarchical-Collective
0.61,0.5,0.5455,0.56,Hierarchical-Individual
0.67,0.0,0.5455,0.94,Hierarchical-Individual
0.7,0.5,0.5455,0.84,Distributed-Collective
0.69,1.0,0.5455,0.93,Hierarchical-Collective
0.61,1.0,0.5455,0.56,Hierarchical-Individual
0.67,0.5,0.5455,0.94,Hierarchical-Individual
0.7,1.0,0.5455,0.84,Distributed-Collective
0.69,1.0,0.5455,0.93,Hierarchical-Collective
0.61,1.0,0.5455,0.56,Hierarchical-Individual
0.67,0.5,0.5455,0.94,Hierarchical-Individual
0.7,1.0,0.5455,0.84,Distributed-Collective
0.52,0.0,0.1818,0.8,Hierarchical-Collective
0.58,0.5,0.1818,0.86,Distributed-Collective
0.89,0.5,0.1818,0.83,Hierarchical-Collective
0.45,0.5,0.1818,0.54,Hierarchical-Individual
0.8,0.5,0.1818,0.63,Hierarchical-Collective
0.52,0.0,0.1818,0.8,Hierarchical-Collective
0.58,0.5,0.1818,0.86,Distributed-Collective
0.89,0.5,0.1818,0.83,Hierarchical-Collective
0.45,0.5,0.1818,0.54,Hierarchical-Individual
0.8,0.5,0.1818,0.63,Hierarchical-Collective
0.48,0.0,0.4773,0.61,Distributed-Individual
0.48,0.0,0.4773,0.59,Distributed-Collective
0.48,0.5,0.4773,0.61,Distributed-Individual
0.48,0.5,0.4773,0.59,Distributed-Collective
0.48,0.5,0.4773,0.61,Distributed-Individual
0.48,0.5,0.4773,0.59,Distributed-Collective
0.48,0.5,0.4773,0.61,Distributed-Individual
0.48,0.5,0.4773,0.59,Distributed-Collective
0.48,0.0,0.4773,0.61,Distributed-Individual
0.48,0.0,0.4773,0.59,Distributed-Collective
0.48,0.0,0.4773,0.61,Distributed-Individual
0.48,0.0,0.4773,0.59,Distributed-Collective
0.48,0.0,0.4773,0.61,Distributed-Individual
0.48,0.0,0.4773,0.59,Distributed-Collective
0.48,0.0,0.4773,0.61,Distributed-Individual
0.48,0.0,0.4773,0.59,Distributed-Collective
0.48,0.0,0.4773,0.61,Distributed-Individual
0.48,0.0,0.4773,0.59,Distributed-Collective
0.48,0.0,0.4773,0.61,Distributed-Individual
0.48,0.0,0.4773,0.59,Distributed-Collective
0.6,0.5,0.3636,0.62,Hierarchical-Individual
0.59,1.0,0.3636,0.77,Hierarchical-Collective
0.73,0.5,0.3636,0.64,Distributed-Individual
0.75,1.0,0.3636,0.99,Hierarchical-Collective
0.6,0.5,0.3636,0.62,Hierarchical-Individual
0.59,1.0,0.3636,0.77,Hierarchical-Collective
0.73,0.5,0.3636,0.64,Distributed-Individual
0.75,1.0,0.3636,0.99,Hierarchical-Collective
0.6,0.5,0.3636,0.62,Hierarchical-Individual
0.59,1.0,0.3636,0.77,Hierarchical-Collective
0.73,0.5,0.3636,0.64,Distributed-Individual
0.75,1.0,0.3636,0.99,Hierarchical-Collective
0.6,0.5,0.3636,0.62,Hierarchical-Individual
0.59,1.0,0.3636,0.77,Hierarchical-Collective
0.73,0.5,0.3636,0.64,Distributed-Individual
0.75,1.0,0.3636,0.99,Hierarchical-Collective
0.66,1.0,0.4091,0.51,Hierarchical-Collective
0.43,1.0,0.4091,0.68,Distributed-Individual
0.66,1.0,0.4091,0.51,Hierarchical-Collective
0.43,1.0,0.4091,0.68,Distributed-Individual
0.66,1.0,0.4091,0.51,Hierarchical-Collective
0.43,1.0,0.4091,0.68,Distributed-Individual
0.66,0.5,0.4091,0.51,Hierarchical-Collective
0.43,0.5,0.4091,0.68,Distributed-Individual
0.56,0.5,0.3864,0.74,Hierarchical-Individual
0.56,0.5,0.3864,0.74,Hierarchical-Individual
0.56,0.5,0.3864,0.74,Hierarchical-Individual
0.56,0.5,0.3864,0.74,Hierarchical-Individual
0.56,0.0,0.3864,0.74,Hierarchical-Individual
0.56,0.0,0.3864,0.74,Hierarchical-Individual
0.56,0.5,0.3864,0.74,Hierarchical-Individual
0.58,0.0,0.3636,0.75,Hierarchical-Collective
0.63,0.5,0.3636,0.94,Hierarchical-Collective
0.58,0.5,0.3636,0.75,Hierarchical-Collective
0.63,1.0,0.3636,0.94,Hierarchical-Collective
0.58,0.0,0.3636,0.75,Hierarchical-Collective
0.63,0.5,0.3636,0.94,Hierarchical-Collective
0.58,0.0,0.3636,0.75,Hierarchical-Collective
0.63,0.5,0.3636,0.94,Hierarchical-Collective
0.58,0.5,0.3636,0.75,Hierarchical-Collective
0.63,1.0,0.3636,0.94,Hierarchical-Collective
0.44,1.0,0.2727,0.76,Hierarchical-Collective
0.44,1.0,0.2727,0.76,Hierarchical-Collective
0.62,0.0,0.5909,0.6,Distributed-Collective
0.61,0.5,0.5909,0.88,Hierarchical-Individual
0.63,0.5,0.5909,0.86,Distributed-Collective
0.62,0.5,0.5909,0.6,Distributed-Collective
0.61,1.0,0.5909,0.88,Hierarchical-Individual
0.63,1.0,0.5909,0.86,Distributed-Collective
0.62,0.5,0.5909,0.6,Distributed-Collective
0.61,1.0,0.5909,0.88,Hierarchical-Individual
0.63,1.0,0.5909,0.86,Distributed-Collective
0.62,0.5,0.5909,0.6,Distributed-Collective
0.61,1.0,0.5909,0.88,Hierarchical-Individual
0.63,1.0,0.5909,0.86,Distributed-Collective
0.62,0.0,0.5909,0.6,Distributed-Collective
0.61,0.5,0.5909,0.88,Hierarchical-Individual
0.63,0.5,0.5909,0.86,Distributed-Collective
0.62,0.5,0.5909,0.6,Distributed-Collective
0.61,1.0,0.5909,0.88,Hierarchical-Individual
0.63,1.0,0.5909,0.86,Distributed-Collective
0.55,0.5,0.5909,0.72,Hierarchical-Collective
0.88,1.0,0.5909,0.69,Hierarchical-Individual
0.55,0.0,0.5909,0.72,Hierarchical-Collective
0.88,0.5,0.5909,0.69,Hierarchical-Individual
0.55,0.5,0.5909,0.72,Hierarchical-Collective
0.88,1.0,0.5909,0.69,Hierarchical-Individual
0.55,0.5,0.5909,0.72,Hierarchical-Collective
0.88,1.0,0.5909,0.69,Hierarchical-Individual
0.55,0.5,0.5909,0.72,Hierarchical-Collective
0.88,1.0,0.5909,0.69,Hierarchical-Individual
0.55,0.0,0.5909,0.72,Hierarchical-Collective
0.88,0.5,0.5909,0.69,Hierarchical-Individual
0.55,0.5,0.5909,0.72,Hierarchical-Collective
0.88,1.0,0.5909,0.69,Hierarchical-Individual
0.74,1.0,0.25,0.82,Hierarchical-Collective
0.75,1.0,0.25,0.76,Hierarchical-Individual
0.74,1.0,0.25,0.82,Hierarchical-Collective
0.75,1.0,0.25,0.76,Hierarchical-Individual
0.74,1.0,0.25,0.82,Hierarchical-Collective
0.75,1.0,0.25,0.76,Hierarchical-Individual
0.57,1.0,0.3864,0.54,Distributed-Individual
0.57,0.5,0.3864,0.54,Distributed-Individual
0.57,1.0,0.3864,0.54,Distributed-Individual
0.57,1.0,0.3864,0.54,Distributed-Individual
0.57,1.0,0.3864,0.54,Distributed-Individual
0.92,0.5,0.6364,0.79,Hierarchical-Collective
0.4,0.5,0.6364,0.52,Hierarchical-Individual
0.92,1.0,0.6364,0.79,Hierarchical-Collective
0.4,1.0,0.6364,0.52,Hierarchical-Individual
0.92,1.0,0.6364,0.79,Hierarchical-Collective
0.4,1.0,0.6364,0.52,Hierarchical-Individual
0.92,0.5,0.6364,0.79,Hierarchical-Collective
0.4,0.5,0.6364,0.52,Hierarchical-Individual
0.67,1.0,0.3636,0.86,Hierarchical-Individual
0.48,1.0,0.3636,0.61,Hierarchical-Collective
0.55,0.5,0.3636,0.71,Hierarchical-Collective
0.66,1.0,0.3636,0.6,Distributed-Individual
0.67,1.0,0.3636,0.86,Hierarchical-Individual
0.48,1.0,0.3636,0.61,Hierarchical-Collective
0.55,0.5,0.3636,0.71,Hierarchical-Collective
0.66,1.0,0.3636,0.6,Distributed-Individual
0.67,1.0,0.3636,0.86,Hierarchical-Individual
0.48,1.0,0.3636,0.61,Hierarchical-Collective
0.55,0.5,0.3636,0.71,Hierarchical-Collective
0.66,1.0,0.3636,0.6,Distributed-Individual
0.67,1.0,0.3636,0.86,Hierarchical-Individual
0.48,1.0,0.3636,0.61,Hierarchical-Collective
0.55,0.5,0.3636,0.71,Hierarchical-Collective
0.66,1.0,0.3636,0.6,Distributed-Individual
0.68,1.0,0.5682,0.82,Hierarchical-Individual
0.57,0.5,0.5682,0.64,Hierarchical-Individual
0.68,1.0,0.5682,0.82,Hierarchical-Individual
0.57,0.5,0.5682,0.64,Hierarchical-Individual
0.68,1.0,0.5682,0.82,Hierarchical-Individual
0.57,0.5,0.5682,0.64,Hierarchical-Individual
0.68,1.0,0.5682,0.82,Hierarchical-Individual
0.57,0.5,0.5682,0.64,Hierarchical-Individual
0.68,1.0,0.5682,0.82,Hierarchical-Individual
0.57,0.5,0.5682,0.64,Hierarchical-Individual
0.68,0.5,0.5682,0.82,Hierarchical-Individual
0.57,0.0,0.5682,0.64,Hierarchical-Individual
0.92,0.0,0.3182,0.68,Distributed-Collective
0.92,0.5,0.3182,0.68,Distributed-Collective
0.92,0.0,0.3182,0.68,Distributed-Collective
0.92,0.5,0.3182,0.68,Distributed-Collective
0.92,0.0,0.3182,0.68,Distributed-Collective
0.92,0.0,0.3182,0.68,Distributed-Collective
0.58,1.0,0.3182,0.95,Hierarchical-Collective
0.68,1.0,0.3182,0.54,Hierarchical-Individual
0.94,0.5,0.3182,0.57,Distributed-Collective
0.56,1.0,0.3182,0.73,Distributed-Individual
0.58,1.0,0.3182,0.95,Hierarchical-Collective
0.68,1.0,0.3182,0.54,Hierarchical-Individual
0.94,0.5,0.3182,0.57,Distributed-Collective
0.56,1.0,0.3182,0.73,Distributed-Individual
0.58,1.0,0.3182,0.95,Hierarchical-Collective
0.68,1.0,0.3182,0.54,Hierarchical-Individual
0.94,0.5,0.3182,0.57,Distributed-Collective
0.56,1.0,0.3182,0.73,Distributed-Individual
0.58,1.0,0.3182,0.95,Hierarchical-Collective
0.68,1.0,0.3182,0.54,Hierarchical-Individual
0.94,0.5,0.3182,0.57,Distributed-Collective
0.56,1.0,0.3182,0.73,Distributed-Individual
0.58,0.5,0.3182,0.95,Hierarchical-Collective
0.68,0.5,0.3182,0.54,Hierarchical-Individual
0.94,0.0,0.3182,0.57,Distributed-Collective
0.56,0.5,0.3182,0.73,Distributed-Individual
0.63,1.0,0.4091,0.52,Hierarchical-Individual
0.63,1.0,0.4091,0.52,Hierarchical-Individual
0.63,1.0,0.4091,0.52,Hierarchical-Individual
0.63,1.0,0.4091,0.52,Hierarchical-Individual
0.63,1.0,0.4091,0.52,Hierarchical-Individual
0.63,0.5,0.4091,0.52,Hierarchical-Individual
0.63,1.0,0.4091,0.52,Hierarchical-Individual
0.63,1.0,0.4091,0.52,Hierarchical-Individual
0.79,1.0,0.6818,0.76,Distributed-Collective
0.58,1.0,0.6818,0.65,Hierarchical-Individual
0.79,0.5,0.6818,0.76,Distributed-Collective
0.58,0.5,0.6818,0.65,Hierarchical-Individual
0.79,0.5,0.6818,0.76,Distributed-Collective
0.58,0.5,0.6818,0.65,Hierarchical-Individual
0.48,0.0,0.25,0.73,Hierarchical-Collective
0.41,0.0,0.25,0.76,Hierarchical-Collective
0.48,0.0,0.25,0.73,Hierarchical-Collective
0.41,0.0,0.25,0.76,Hierarchical-Collective
0.48,0.5,0.25,0.73,Hierarchical-Collective
0.41,0.5,0.25,0.76,Hierarchical-Collective
0.48,0.5,0.25,0.73,Hierarchical-Collective
0.41,0.5,0.25,0.76,Hierarchical-Collective
0.5,0.0,0.3864,0.7,Hierarchical-Collective
0.52,0.5,0.3864,0.83,Hierarchical-Individual
0.41,0.5,0.3864,0.9,Distributed-Collective
0.47,0.5,0.3864,0.65,Hierarchical-Collective
0.5,0.0,0.3864,0.7,Hierarchical-Collective
0.52,0.5,0.3864,0.83,Hierarchical-Individual
0.41,0.5,0.3864,0.9,Distributed-Collective
0.47,0.5,0.3864,0.65,Hierarchical-Collective
0.5,0.5,0.3864,0.7,Hierarchical-Collective
0.52,1.0,0.3864,0.83,Hierarchical-Individual
0.41,1.0,0.3864,0.9,Distributed-Collective
0.47,1.0,0.3864,0.65,Hierarchical-Collective
0.5,0.5,0.3864,0.7,Hierarchical-Collective
0.52,1.0,0.3864,0.83,Hierarchical-Individual
0.41,1.0,0.3864,0.9,Distributed-Collective
0.47,1.0,0.3864,0.65,Hierarchical-Collective
0.41,1.0,0.6591,0.87,Hierarchical-Individual
0.71,1.0,0.6591,1.0,Hierarchical-Collective
0.41,0.5,0.6591,0.87,Hierarchical-Individual
0.71,0.5,0.6591,1.0,Hierarchical-Collective
0.41,0.5,0.6591,0.87,Hierarchical-Individual
0.71,0.5,0.6591,1.0,Hierarchical-Collective
0.41,1.0,0.6591,0.87,Hierarchical-Individual
0.71,1.0,0.6591,1.0,Hierarchical-Collective
0.41,1.0,0.6591,0.87,Hierarchical-Individual
0.71,1.0,0.6591,1.0,Hierarchical-Collective
0.65,1.0,0.25,0.89,Hierarchical-Individual
0.84,1.0,0.25,0.99,Hierarchical-Collective
0.94,1.0,0.25,0.89,Distributed-Individual
0.65,1.0,0.25,0.89,Hierarchical-Individual
0.84,1.0,0.25,0.99,Hierarchical-Collective
0.94,1.0,0.25,0.89,Distributed-Individual
0.43,0.5,0.6136,0.73,Hierarchical-Individual
0.91,0.5,0.6136,0.51,Distributed-Collective
0.43,0.5,0.6136,0.73,Hierarchical-Individual
0.91,0.5,0.6136,0.51,Distributed-Collective
0.43,1.0,0.6136,0.73,Hierarchical-Individual
0.91,1.0,0.6136,0.51,Distributed-Collective
0.43,0.5,0.6136,0.73,Hierarchical-Individual
0.91,0.5,0.6136,0.51,Distributed-Collective
0.79,0.5,0.3182,0.92,Distributed-Individual
0.79,1.0,0.3182,0.85,Distributed-Individual
0.69,1.0,0.3182,0.77,Distributed-Individual
0.79,0.5,0.3182,0.92,Distributed-Individual
0.79,1.0,0.3182,0.85,Distributed-Individual
0.69,1.0,0.3182,0.77,Distributed-Individual
0.79,0.5,0.3182,0.92,Distributed-Individual
0.79,1.0,0.3182,0.85,Distributed-Individual
0.69,1.0,0.3182,0.77,Distributed-Individual
0.79,0.5,0.3182,0.92,Distributed-Individual
0.79,1.0,0.3182,0.85,Distributed-Individual
0.69,1.0,0.3182,0.77,Distributed-Individual
0.65,1.0,0.5227,0.7,Distributed-Individual
0.65,0.5,0.5227,0.7,Distributed-Individual
0.65,1.0,0.5227,0.7,Distributed-Individual
0.75,0.5,0.4773,0.61,Hierarchical-Individual
0.75,0.5,0.4773,0.61,Hierarchical-Individual
0.75,1.0,0.4773,0.61,Hierarchical-Individual
0.75,1.0,0.4773,0.61,Hierarchical-Individual
0.75,0.5,0.4773,0.61,Hierarchical-Individual
0.75,1.0,0.4773,0.61,Hierarchical-Individual
0.99,1.0,0.4545,0.51,Hierarchical-Individual
0.99,1.0,0.4545,0.51,Hierarchical-Individual
0.99,0.5,0.4545,0.51,Hierarchical-Individual
0.99,1.0,0.4545,0.51,Hierarchical-Individual
0.99,0.5,0.4545,0.51,Hierarchical-Individual
0.99,0.5,0.4545,0.51,Hierarchical-Individual
0.99,1.0,0.4545,0.51,Hierarchical-Individual
0.45,0.0,0.4773,0.72,Distributed-Collective
0.73,0.5,0.4773,0.65,Distributed-Collective
0.59,0.0,0.4773,0.89,Distributed-Individual
0.86,0.0,0.4773,0.93,Hierarchical-Collective
0.67,0.0,0.4773,0.53,Distributed-Collective
0.64,0.5,0.4773,0.67,Hierarchical-Individual
0.49,0.5,0.4773,0.99,Hierarchical-Individual
0.77,0.5,0.4773,0.8,Distributed-Collective
0.45,0.5,0.4773,0.72,Distributed-Collective
0.73,1.0,0.4773,0.65,Distributed-Collective
0.59,0.5,0.4773,0.89,Distributed-Individual
0.86,0.5,0.4773,0.93,Hierarchical-Collective
0.67,0.5,0.4773,0.53,Distributed-Collective
0.64,1.0,0.4773,0.67,Hierarchical-Individual
0.49,1.0,0.4773,0.99,Hierarchical-Individual
0.77,1.0,0.4773,0.8,Distributed-Collective
0.45,0.5,0.4773,0.72,Distributed-Collective
0.73,1.0,0.4773,0.65,Distributed-Collective
0.59,0.5,0.4773,0.89,Distributed-Individual
0.86,0.5,0.4773,0.93,Hierarchical-Collective
0.67,0.5,0.4773,0.53,Distributed-Collective
0.64,1.0,0.4773,0.67,Hierarchical-Individual
0.49,1.0,0.4773,0.99,Hierarchical-Individual
0.77,1.0,0.4773,0.8,Distributed-Collective
0.45,0.5,0.4773,0.72,Distributed-Collective
0.73,1.0,0.4773,0.65,Distributed-Collective
0.59,0.5,0.4773,0.89,Distributed-Individual
0.86,0.5,0.4773,0.93,Hierarchical-Collective
0.67,0.5,0.4773,0.53,Distributed-Collective
0.64,1.0,0.4773,0.67,Hierarchical-Individual
0.49,1.0,0.4773,0.99,Hierarchical-Individual
0.77,1.0,0.4773,0.8,Distributed-Collective
0.41,0.5,0.5455,0.6,Distributed-Individual
0.78,0.0,0.5455,0.79,Distributed-Individual
0.47,0.5,0.5455,0.98,Hierarchical-Individual
0.41,0.5,0.5455,0.6,Distributed-Individual
0.78,0.0,0.5455,0.79,Distributed-Individual
0.47,0.5,0.5455,0.98,Hierarchical-Individual
0.41,0.5,0.5455,0.6,Distributed-Individual
0.78,0.0,0.5455,0.79,Distributed-Individual
0.47,0.5,0.5455,0.98,Hierarchical-Individual
0.41,1.0,0.5455,0.6,Distributed-Individual
0.78,0.5,0.5455,0.79,Distributed-Individual
0.47,1.0,0.5455,0.98,Hierarchical-Individual
0.78,0.5,0.6818,0.63,Hierarchical-Individual
0.78,0.0,0.6818,0.55,Hierarchical-Individual
1.0,0.0,0.6818,0.9,Distributed-Collective
0.44,0.0,0.6818,0.89,Hierarchical-Individual
0.78,0.5,0.6818,0.63,Hierarchical-Individual
0.78,0.0,0.6818,0.55,Hierarchical-Individual
1.0,0.0,0.6818,0.9,Distributed-Collective
0.44,0.0,0.6818,0.89,Hierarchical-Individual
0.78,0.5,0.6818,0.63,Hierarchical-Individual
0.78,0.0,0.6818,0.55,Hierarchical-Individual
1.0,0.0,0.6818,0.9,Distributed-Collective
0.44,0.0,0.6818,0.89,Hierarchical-Individual
0.55,0.5,0.75,0.9,Hierarchical-Collective
0.71,0.0,0.1818,0.85,Hierarchical-Individual
0.55,0.5,0.1818,0.93,Distributed-Individual
0.64,0.5,0.4318,0.53,Hierarchical-Individual
0.64,0.5,0.4318,0.53,Hierarchical-Individual
0.64,0.5,0.4318,0.53,Hierarchical-Individual
0.64,1.0,0.4318,0.53,Hierarchical-Individual
0.95,0.5,0.5455,1.0,Distributed-Collective
0.8,1.0,0.5455,0.81,Hierarchical-Collective
0.95,0.5,0.5455,1.0,Distributed-Collective
0.8,1.0,0.5455,0.81,Hierarchical-Collective
0.95,0.5,0.5455,1.0,Distributed-Collective
0.8,1.0,0.5455,0.81,Hierarchical-Collective
0.95,0.0,0.5455,1.0,Distributed-Collective
0.8,0.5,0.5455,0.81,Hierarchical-Collective
0.95,0.5,0.5455,1.0,Distributed-Collective
0.8,1.0,0.5455,0.81,Hierarchical-Collective
0.95,0.5,0.5455,1.0,Distributed-Collective
0.8,1.0,0.5455,0.81,Hierarchical-Collective
0.95,0.5,0.5455,1.0,Distributed-Collective
0.8,1.0,0.5455,0.81,Hierarchical-Collective
0.95,0.5,0.5455,1.0,Distributed-Collective
0.8,1.0,0.5455,0.81,Hierarchical-Collective
0.42,1.0,0.4318,0.83,Distributed-Collective
0.41,1.0,0.4318,0.54,Distributed-Collective
0.42,0.5,0.4318,0.83,Distributed-Collective
0.41,0.5,0.4318,0.54,Distributed-Collective
0.42,0.5,0.4318,0.83,Distributed-Collective
0.41,0.5,0.4318,0.54,Distributed-Collective
0.98,0.5,0.3636,0.82,Distributed-Collective
0.98,1.0,0.3636,0.82,Distributed-Collective
0.98,1.0,0.3636,0.82,Distributed-Collective
0.98,1.0,0.3636,0.82,Distributed-Collective
0.98,0.5,0.3636,0.82,Distributed-Collective
0.5,1.0,0.5682,0.8,Distributed-Collective
0.65,1.0,0.5682,0.96,Distributed-Collective
0.99,0.5,0.5682,0.69,Distributed-Collective
0.81,1.0,0.5682,0.82,Hierarchical-Collective
0.5,1.0,0.5682,0.8,Distributed-Collective
0.65,1.0,0.5682,0.96,Distributed-Collective
0.99,0.5,0.5682,0.69,Distributed-Collective
0.81,1.0,0.5682,0.82,Hierarchical-Collective
0.5,0.5,0.5682,0.8,Distributed-Collective
0.65,0.5,0.5682,0.96,Distributed-Collective
0.99,0.0,0.5682,0.69,Distributed-Collective
0.81,0.5,0.5682,0.82,Hierarchical-Collective
0.5,1.0,0.5682,0.8,Distributed-Collective
0.65,1.0,0.5682,0.96,Distributed-Collective
0.99,0.5,0.5682,0.69,Distributed-Collective
0.81,1.0,0.5682,0.82,Hierarchical-Collective
0.92,1.0,0.5,0.63,Hierarchical-Collective
0.82,1.0,0.5,0.56,Hierarchical-Collective
0.41,0.5,0.5,0.97,Hierarchical-Collective
0.92,1.0,0.5,0.63,Hierarchical-Collective
0.82,1.0,0.5,0.56,Hierarchical-Collective
0.41,0.5,0.5,0.97,Hierarchical-Collective
0.92,0.5,0.5,0.63,Hierarchical-Collective
0.82,0.5,0.5,0.56,Hierarchical-Collective
0.41,0.0,0.5,0.97,Hierarchical-Collective
0.74,0.5,0.5,0.63,Distributed-Individual
0.69,0.0,0.5,0.87,Distributed-Collective
0.74,0.5,0.5,0.63,Distributed-Individual
0.69,0.0,0.5,0.87,Distributed-Collective
0.74,1.0,0.5,0.63,Distributed-Individual
0.69,0.5,0.5,0.87,Distributed-Collective
0.74,0.5,0.5,0.63,Distributed-Individual
0.69,0.0,0.5,0.87,Distributed-Collective
0.74,0.5,0.5,0.63,Distributed-Individual
0.69,0.0,0.5,0.87,Distributed-Collective
0.74,1.0,0.5,0.63,Distributed-Individual
0.69,0.5,0.5,0.87,Distributed-Collective
0.74,1.0,0.5,0.63,Distributed-Individual
0.69,0.5,0.5,0.87,Distributed-Collective
0.74,1.0,0.5,0.63,Distributed-Individual
0.69,0.5,0.5,0.87,Distributed-Collective
0.74,1.0,0.5,0.63,Distributed-Individual
0.69,0.5,0.5,0.87,Distributed-Collective
0.74,1.0,0.5,0.63,Distributed-Individual
0.69,0.5,0.5,0.87,Distributed-Collective
0.74,1.0,0.5,0.63,Distributed-Individual
0.69,0.5,0.5,0.87,Distributed-Collective
0.93,0.5,0.5455,0.66,Hierarchical-Individual
0.93,1.0,0.5455,0.89,Hierarchical-Individual
0.93,0.5,0.5455,0.66,Hierarchical-Individual
0.93,1.0,0.5455,0.89,Hierarchical-Individual
0.93,0.0,0.5455,0.66,Hierarchical-Individual
0.93,0.5,0.5455,0.89,Hierarchical-Individual
0.93,0.0,0.5455,0.66,Hierarchical-Individual
0.93,0.5,0.5455,0.89,Hierarchical-Individual
0.93,0.5,0.5455,0.66,Hierarchical-Individual
0.93,1.0,0.5455,0.89,Hierarchical-Individual
0.93,0.0,0.5455,0.66,Hierarchical-Individual
0.93,0.5,0.5455,0.89,Hierarchical-Individual
0.75,1.0,0.3864,0.53,Hierarchical-Collective
0.75,0.5,0.3864,0.53,Hierarchical-Collective
0.75,0.5,0.3864,0.53,Hierarchical-Collective
0.91,1.0,0.5455,0.77,Distributed-Collective
0.82,1.0,0.5455,0.64,Distributed-Individual
0.91,1.0,0.5455,0.77,Distributed-Collective
0.82,1.0,0.5455,0.64,Distributed-Individual
0.91,1.0,0.5455,0.77,Distributed-Collective
0.82,1.0,0.5455,0.64,Distributed-Individual
0.91,0.5,0.5455,0.77,Distributed-Collective
0.82,0.5,0.5455,0.64,Distributed-Individual
0.91,1.0,0.5455,0.77,Distributed-Collective
0.82,1.0,0.5455,0.64,Distributed-Individual
0.91,1.0,0.5455,0.77,Distributed-Collective
0.82,1.0,0.5455,0.64,Distributed-Individual
0.91,1.0,0.5455,0.77,Distributed-Collective
0.82,1.0,0.5455,0.64,Distributed-Individual
0.75,0.0,0.5455,0.73,Distributed-Collective
0.95,0.0,0.5455,0.97,Hierarchical-Collective
0.75,0.0,0.5455,0.73,Distributed-Collective
0.95,0.0,0.5455,0.97,Hierarchical-Collective
0.75,0.5,0.5455,0.73,Distributed-Collective
0.95,0.5,0.5455,0.97,Hierarchical-Collective
0.75,0.5,0.5455,0.73,Distributed-Collective
0.95,0.5,0.5455,0.97,Hierarchical-Collective
0.83,1.0,0.6364,0.52,Hierarchical-Collective
0.83,1.0,0.6364,0.52,Hierarchical-Collective
0.69,1.0,0.3636,0.58,Hierarchical-Individual
0.93,1.0,0.3636,0.98,Distributed-Collective
0.58,0.5,0.3636,0.87,Distributed-Collective
0.62,1.0,0.3636,0.72,Hierarchical-Collective
1.0,1.0,0.3636,0.7,Distributed-Individual
0.69,0.5,0.3636,0.58,Hierarchical-Individual
0.93,0.5,0.3636,0.98,Distributed-Collective
0.58,0.0,0.3636,0.87,Distributed-Collective
0.62,0.5,0.3636,0.72,Hierarchical-Collective
1.0,0.5,0.3636,0.7,Distributed-Individual
0.69,1.0,0.3636,0.58,Hierarchical-Individual
0.93,1.0,0.3636,0.98,Distributed-Collective
0.58,0.5,0.3636,0.87,Distributed-Collective
0.62,1.0,0.3636,0.72,Hierarchical-Collective
1.0,1.0,0.3636,0.7,Distributed-Individual
0.51,1.0,0.5227,0.5,Distributed-Individual
0.51,1.0,0.5227,0.5,Distributed-Individual
0.51,1.0,0.5227,0.5,Distributed-Individual
0.51,1.0,0.5227,0.5,Distributed-Individual
0.51,1.0,0.5227,0.5,Distributed-Individual
0.51,0.5,0.5227,0.5,Distributed-Individual
0.99,0.5,0.4318,0.98,Distributed-Individual
0.99,0.5,0.4318,0.98,Distributed-Individual
0.99,0.0,0.4318,0.98,Distributed-Individual
0.99,0.0,0.4318,0.98,Distributed-Individual
0.99,0.0,0.4318,0.98,Distributed-Individual
0.69,0.5,0.6364,0.56,Hierarchical-Collective
0.94,0.0,0.6364,0.97,Hierarchical-Individual
0.46,0.0,0.6364,0.77,Hierarchical-Individual
0.69,1.0,0.6364,0.56,Hierarchical-Collective
0.94,0.5,0.6364,0.97,Hierarchical-Individual
0.46,0.5,0.6364,0.77,Hierarchical-Individual
0.73,0.0,0.5455,0.7,Distributed-Individual
0.92,0.5,0.5455,0.67,Hierarchical-Individual
0.73,0.5,0.5455,0.7,Distributed-Individual
0.92,1.0,0.5455,0.67,Hierarchical-Individual
0.73,0.0,0.5455,0.7,Distributed-Individual
0.92,0.5,0.5455,0.67,Hierarchical-Individual
0.73,0.0,0.5455,0.7,Distributed-Individual
0.92,0.5,0.5455,0.67,Hierarchical-Individual
0.73,0.0,0.5455,0.7,Distributed-Individual
0.92,0.5,0.5455,0.67,Hierarchical-Individual
0.73,0.5,0.5455,0.7,Distributed-Individual
0.92,1.0,0.5455,0.67,Hierarchical-Individual
0.73,0.5,0.5455,0.7,Distributed-Individual
0.92,1.0,0.5455,0.67,Hierarchical-Individual
0.65,0.5,0.4091,0.84,Hierarchical-Collective
0.91,0.0,0.4091,0.63,Distributed-Collective
0.5,0.5,0.4091,0.63,Hierarchical-Individual
0.65,1.0,0.4091,0.84,Hierarchical-Collective
0.91,0.5,0.4091,0.63,Distributed-Collective
0.5,1.0,0.4091,0.63,Hierarchical-Individual
0.65,1.0,0.4091,0.84,Hierarchical-Collective
0.91,0.5,0.4091,0.63,Distributed-Collective
0.5,1.0,0.4091,0.63,Hierarchical-Individual
0.47,0.5,0.5,0.7,Hierarchical-Individual
0.88,0.5,0.5,0.61,Hierarchical-Collective
0.67,0.5,0.5,0.93,Distributed-Individual
0.62,0.5,0.5,0.79,Distributed-Individual
0.41,1.0,0.5,0.99,Distributed-Collective
0.47,0.5,0.5,0.7,Hierarchical-Individual
0.88,0.5,0.5,0.61,Hierarchical-Collective
0.67,0.5,0.5,0.93,Distributed-Individual
0.62,0.5,0.5,0.79,Distributed-Individual
0.41,1.0,0.5,0.99,Distributed-Collective
0.47,0.5,0.5,0.7,Hierarchical-Individual
0.88,0.5,0.5,0.61,Hierarchical-Collective
0.67,0.5,0.5,0.93,Distributed-Individual
0.62,0.5,0.5,0.79,Distributed-Individual
0.41,1.0,0.5,0.99,Distributed-Collective
0.47,0.5,0.5,0.7,Hierarchical-Individual
0.88,0.5,0.5,0.61,Hierarchical-Collective
0.67,0.5,0.5,0.93,Distributed-Individual
0.62,0.5,0.5,0.79,Distributed-Individual
0.41,1.0,0.5,0.99,Distributed-Collective
0.47,0.0,0.5,0.7,Hierarchical-Individual
0.88,0.0,0.5,0.61,Hierarchical-Collective
0.67,0.0,0.5,0.93,Distributed-Individual
0.62,0.0,0.5,0.79,Distributed-Individual
0.41,0.5,0.5,0.99,Distributed-Collective
0.66,1.0,0.4318,0.95,Distributed-Collective
0.66,1.0,0.4318,0.95,Distributed-Collective
0.66,0.5,0.4318,0.95,Distributed-Collective
0.66,1.0,0.4318,0.95,Distributed-Collective
0.66,0.5,0.4318,0.95,Distributed-Collective
0.66,1.0,0.4318,0.95,Distributed-Collective
0.53,0.5,0.4773,0.73,Distributed-Individual
0.68,0.5,0.4773,0.53,Distributed-Collective
0.53,0.5,0.4773,0.73,Distributed-Individual
0.68,0.5,0.4773,0.53,Distributed-Collective
0.53,0.0,0.4773,0.73,Distributed-Individual
0.68,0.0,0.4773,0.53,Distributed-Collective
0.72,0.5,0.5455,0.74,Distributed-Collective
0.52,0.5,0.5455,0.72,Hierarchical-Collective
0.72,1.0,0.5455,0.74,Distributed-Collective
0.52,1.0,0.5455,0.72,Hierarchical-Collective
0.72,0.5,0.5455,0.74,Distributed-Collective
0.52,0.5,0.5455,0.72,Hierarchical-Collective
0.72,1.0,0.5455,0.74,Distributed-Collective
0.52,1.0,0.5455,0.72,Hierarchical-Collective
0.72,0.5,0.5455,0.74,Distributed-Collective
0.52,0.5,0.5455,0.72,Hierarchical-Collective
0.87,1.0,0.75,0.76,Distributed-Collective
0.77,1.0,0.75,0.75,Distributed-Collective
0.65,0.5,0.3182,0.65,Distributed-Collective
0.93,0.5,0.3182,0.51,Hierarchical-Individual
0.65,0.5,0.3182,0.65,Distributed-Collective
0.93,0.5,0.3182,0.51,Hierarchical-Individual
0.65,0.0,0.3182,0.65,Distributed-Collective
0.93,0.0,0.3182,0.51,Hierarchical-Individual
0.98,0.5,0.2955,0.82,Distributed-Collective
0.55,0.5,0.2955,0.99,Distributed-Collective
0.98,0.5,0.2955,0.82,Distributed-Collective
0.55,0.5,0.2955,0.99,Distributed-Collective
0.98,0.5,0.2955,0.82,Distributed-Collective
0.55,0.5,0.2955,0.99,Distributed-Collective
0.98,0.5,0.2955,0.82,Distributed-Collective
0.55,0.5,0.2955,0.99,Distributed-Collective
0.94,0.5,0.6136,0.96,Distributed-Individual
0.98,0.5,0.6136,0.53,Distributed-Collective
0.73,1.0,0.6136,0.83,Distributed-Individual
0.94,0.5,0.6136,0.96,Distributed-Individual
0.98,0.5,0.6136,0.53,Distributed-Collective
0.73,1.0,0.6136,0.83,Distributed-Individual
0.94,0.5,0.6136,0.96,Distributed-Individual
0.98,0.5,0.6136,0.53,Distributed-Collective
0.73,1.0,0.6136,0.83,Distributed-Individual
0.94,0.5,0.6136,0.96,Distributed-Individual
0.98,0.5,0.6136,0.53,Distributed-Collective
0.73,1.0,0.6136,0.83,Distributed-Individual
0.94,0.5,0.6136,0.96,Distributed-Individual
0.98,0.5,0.6136,0.53,Distributed-Collective
0.73,1.0,0.6136,0.83,Distributed-Individual
0.83,1.0,0.5682,0.6,Hierarchical-Collective
0.45,0.5,0.5682,0.53,Hierarchical-Individual
0.82,1.0,0.5682,0.63,Distributed-Individual
0.83,1.0,0.5682,0.6,Hierarchical-Collective
0.45,0.5,0.5682,0.53,Hierarchical-Individual
0.82,1.0,0.5682,0.63,Distributed-Individual
0.83,1.0,0.5682,0.6,Hierarchical-Collective
0.45,0.5,0.5682,0.53,Hierarchical-Individual
0.82,1.0,0.5682,0.63,Distributed-Individual
0.83,1.0,0.5682,0.6,Hierarchical-Collective
0.45,0.5,0.5682,0.53,Hierarchical-Individual
0.82,1.0,0.5682,0.63,Distributed-Individual
0.95,1.0,0.5455,0.85,Distributed-Collective
0.87,0.5,0.5455,0.67,Hierarchical-Collective
0.95,1.0,0.5455,0.85,Distributed-Collective
0.87,0.5,0.5455,0.67,Hierarchical-Collective
0.95,1.0,0.5455,0.85,Distributed-Collective
0.87,0.5,0.5455,0.67,Hierarchical-Collective
0.95,1.0,0.5455,0.85,Distributed-Collective
0.87,0.5,0.5455,0.67,Hierarchical-Collective
0.95,1.0,0.5455,0.85,Distributed-Collective
0.87,0.5,0.5455,0.67,Hierarchical-Collective
0.95,0.5,0.5455,0.85,Distributed-Collective
0.87,0.0,0.5455,0.67,Hierarchical-Collective
0.95,1.0,0.5455,0.85,Distributed-Collective
0.87,0.5,0.5455,0.67,Hierarchical-Collective
0.95,1.0,0.5455,0.85,Distributed-Collective
0.87,0.5,0.5455,0.67,Hierarchical-Collective
0.95,0.5,0.5455,0.85,Distributed-Collective
0.87,0.0,0.5455,0.67,Hierarchical-Collective
0.42,0.5,0.5455,0.52,Hierarchical-Individual
0.5,1.0,0.5455,1.0,Distributed-Collective
0.42,0.5,0.5455,0.52,Hierarchical-Individual
0.5,1.0,0.5455,1.0,Distributed-Collective
0.42,0.5,0.5455,0.52,Hierarchical-Individual
0.5,1.0,0.5455,1.0,Distributed-Collective
0.42,0.0,0.5455,0.52,Hierarchical-Individual
0.5,0.5,0.5455,1.0,Distributed-Collective
0.42,0.5,0.5455,0.52,Hierarchical-Individual
0.5,1.0,0.5455,1.0,Distributed-Collective
0.42,0.5,0.5455,0.52,Hierarchical-Individual
0.5,1.0,0.5455,1.0,Distributed-Collective
0.42,0.5,0.5455,0.52,Hierarchical-Individual
0.5,1.0,0.5455,1.0,Distributed-Collective
0.95,1.0,0.3409,0.85,Hierarchical-Individual
0.95,1.0,0.3409,0.85,Hierarchical-Individual
0.95,1.0,0.3409,0.85,Hierarchical-Individual
0.65,1.0,0.3636,0.76,Distributed-Collective
0.83,1.0,0.3636,0.7,Hierarchical-Collective
0.63,1.0,0.3636,0.95,Hierarchical-Individual
0.81,1.0,0.3636,0.96,Distributed-Collective
0.65,0.5,0.3636,0.76,Distributed-Collective
0.83,0.5,0.3636,0.7,Hierarchical-Collective
0.63,0.5,0.3636,0.95,Hierarchical-Individual
0.81,0.5,0.3636,0.96,Distributed-Collective
0.65,1.0,0.3636,0.76,Distributed-Collective
0.83,1.0,0.3636,0.7,Hierarchical-Collective
0.63,1.0,0.3636,0.95,Hierarchical-Individual
0.81,1.0,0.3636,0.96,Distributed-Collective
0.65,0.5,0.3636,0.76,Distributed-Collective
0.83,0.5,0.3636,0.7,Hierarchical-Collective
0.63,0.5,0.3636,0.95,Hierarchical-Individual
0.81,0.5,0.3636,0.96,Distributed-Collective
0.65,0.5,0.3636,0.76,Distributed-Collective
0.83,0.5,0.3636,0.7,Hierarchical-Collective
0.63,0.5,0.3636,0.95,Hierarchical-Individual
0.81,0.5,0.3636,0.96,Distributed-Collective
0.63,0.5,0.5909,0.68,Hierarchical-Collective
0.75,0.0,0.5909,0.74,Hierarchical-Collective
0.54,0.0,0.5909,0.93,Distributed-Individual
0.63,0.5,0.5909,0.68,Hierarchical-Collective
0.75,0.0,0.5909,0.74,Hierarchical-Collective
0.54,0.0,0.5909,0.93,Distributed-Individual
0.63,1.0,0.5909,0.68,Hierarchical-Collective
0.75,0.5,0.5909,0.74,Hierarchical-Collective
0.54,0.5,0.5909,0.93,Distributed-Individual
0.55,1.0,0.3409,0.9,Hierarchical-Individual
0.79,1.0,0.3409,0.55,Distributed-Individual
0.55,1.0,0.3409,0.9,Hierarchical-Individual
0.79,1.0,0.3409,0.55,Distributed-Individual
0.55,1.0,0.3409,0.9,Hierarchical-Individual
0.79,1.0,0.3409,0.55,Distributed-Individual
0.55,1.0,0.3409,0.9,Hierarchical-Individual
0.79,1.0,0.3409,0.55,Distributed-Individual
0.55,1.0,0.3409,0.9,Hierarchical-Individual
0.79,1.0,0.3409,0.55,Distributed-Individual
0.74,0.0,0.4091,0.59,Hierarchical-Collective
0.92,0.0,0.4091,0.99,Distributed-Collective
0.94,0.5,0.4091,0.8,Hierarchical-Collective
0.78,0.0,0.4091,0.53,Hierarchical-Individual
0.85,0.0,0.4091,0.66,Hierarchical-Collective
0.74,0.5,0.4091,0.59,Hierarchical-Collective
0.92,0.5,0.4091,0.99,Distributed-Collective
0.94,1.0,0.4091,0.8,Hierarchical-Collective
0.78,0.5,0.4091,0.53,Hierarchical-Individual
0.85,0.5,0.4091,0.66,Hierarchical-Collective
0.74,0.5,0.4091,0.59,Hierarchical-Collective
0.92,0.5,0.4091,0.99,Distributed-Collective
0.94,1.0,0.4091,0.8,Hierarchical-Collective
0.78,0.5,0.4091,0.53,Hierarchical-Individual
0.85,0.5,0.4091,0.66,Hierarchical-Collective
0.74,0.5,0.4091,0.59,Hierarchical-Collective
0.92,0.5,0.4091,0.99,Distributed-Collective
0.94,1.0,0.4091,0.8,Hierarchical-Collective
0.78,0.5,0.4091,0.53,Hierarchical-Individual
0.85,0.5,0.4091,0.66,Hierarchical-Collective
0.74,0.5,0.4091,0.59,Hierarchical-Collective
0.92,0.5,0.4091,0.99,Distributed-Collective
0.94,1.0,0.4091,0.8,Hierarchical-Collective
0.78,0.5,0.4091,0.53,Hierarchical-Individual
0.85,0.5,0.4091,0.66,Hierarchical-Collective
0.74,0.5,0.4091,0.59,Hierarchical-Collective
0.92,0.5,0.4091,0.99,Distributed-Collective
0.94,1.0,0.4091,0.8,Hierarchical-Collective
0.78,0.5,0.4091,0.53,Hierarchical-Individual
0.85,0.5,0.4091,0.66,Hierarchical-Collective
0.74,0.5,0.4091,0.59,Hierarchical-Collective
0.92,0.5,0.4091,0.99,Distributed-Collective
0.94,1.0,0.4091,0.8,Hierarchical-Collective
0.78,0.5,0.4091,0.53,Hierarchical-Individual
0.85,0.5,0.4091,0.66,Hierarchical-Collective
0.74,0.0,0.4091,0.59,Hierarchical-Collective
0.92,0.0,0.4091,0.99,Distributed-Collective
0.94,0.5,0.4091,0.8,Hierarchical-Collective
0.78,0.0,0.4091,0.53,Hierarchical-Individual
0.85,0.0,0.4091,0.66,Hierarchical-Collective
0.74,0.5,0.4091,0.59,Hierarchical-Collective
0.92,0.5,0.4091,0.99,Distributed-Collective
0.94,1.0,0.4091,0.8,Hierarchical-Collective
0.78,0.5,0.4091,0.53,Hierarchical-Individual
0.85,0.5,0.4091,0.66,Hierarchical-Collective
0.7,1.0,0.5,0.57,Hierarchical-Individual
0.81,0.5,0.5,0.98,Hierarchical-Individual
0.7,1.0,0.5,0.57,Hierarchical-Individual
0.81,0.5,0.5,0.98,Hierarchical-Individual
0.7,0.5,0.5,0.57,Hierarchical-Individual
0.81,0.0,0.5,0.98,Hierarchical-Individual
0.7,1.0,0.5,0.57,Hierarchical-Individual
0.81,0.5,0.5,0.98,Hierarchical-Individual
0.7,1.0,0.5,0.57,Hierarchical-Individual
0.81,0.5,0.5,0.98,Hierarchical-Individual
0.43,1.0,0.4773,0.75,Distributed-Individual
0.59,0.5,0.4773,0.95,Hierarchical-Collective
0.68,0.5,0.4773,0.58,Hierarchical-Individual
0.42,1.0,0.4773,0.72,Distributed-Individual
0.43,1.0,0.4773,0.75,Distributed-Individual
0.59,0.5,0.4773,0.95,Hierarchical-Collective
0.68,0.5,0.4773,0.58,Hierarchical-Individual
0.42,1.0,0.4773,0.72,Distributed-Individual
0.43,1.0,0.4773,0.75,Distributed-Individual
0.59,0.5,0.4773,0.95,Hierarchical-Collective
0.68,0.5,0.4773,0.58,Hierarchical-Individual
0.42,1.0,0.4773,0.72,Distributed-Individual
0.43,1.0,0.4773,0.75,Distributed-Individual
0.59,0.5,0.4773,0.95,Hierarchical-Collective
0.68,0.5,0.4773,0.58,Hierarchical-Individual
0.42,1.0,0.4773,0.72,Distributed-Individual
0.43,1.0,0.4773,0.75,Distributed-Individual
0.59,0.5,0.4773,0.95,Hierarchical-Collective
0.68,0.5,0.4773,0.58,Hierarchical-Individual
0.42,1.0,0.4773,0.72,Distributed-Individual
0.56,1.0,0.4773,0.68,Distributed-Individual
0.56,0.5,0.4773,0.68,Distributed-Individual
0.56,1.0,0.4773,0.68,Distributed-Individual
0.56,0.5,0.4773,0.68,Distributed-Individual
0.56,0.5,0.4773,0.68,Distributed-Individual
0.56,1.0,0.4773,0.68,Distributed-Individual
0.56,0.5,0.4773,0.68,Distributed-Individual
0.56,0.5,0.4773,0.68,Distributed-Individual
0.56,1.0,0.4773,0.68,Distributed-Individual
0.56,0.5,0.4773,0.68,Distributed-Individual
0.56,1.0,0.4773,0.68,Distributed-Individual
0.4,1.0,0.3864,0.67,Distributed-Individual
0.4,1.0,0.3864,0.67,Distributed-Individual
0.4,1.0,0.3864,0.67,Distributed-Individual
0.87,0.5,0.4773,0.55,Distributed-Collective
0.51,0.5,0.4773,0.9,Distributed-Individual
0.52,0.5,0.4773,1.0,Hierarchical-Individual
0.59,0.5,0.4773,0.77,Distributed-Collective
0.87,0.5,0.4773,0.55,Distributed-Collective
0.51,0.5,0.4773,0.9,Distributed-Individual
0.52,0.5,0.4773,1.0,Hierarchical-Individual
0.59,0.5,0.4773,0.77,Distributed-Collective
0.87,1.0,0.4773,0.55,Distributed-Collective
0.51,1.0,0.4773,0.9,Distributed-Individual
0.52,1.0,0.4773,1.0,Hierarchical-Individual
0.59,1.0,0.4773,0.77,Distributed-Collective
0.87,1.0,0.4773,0.55,Distributed-Collective
0.51,1.0,0.4773,0.9,Distributed-Individual
0.52,1.0,0.4773,1.0,Hierarchical-Individual
0.59,1.0,0.4773,0.77,Distributed-Collective
0.73,1.0,0.2727,0.51,Distributed-Collective
0.73,0.5,0.2727,0.51,Distributed-Collective
0.57,0.5,0.4318,0.75,Hierarchical-Individual
0.99,0.5,0.4318,0.71,Distributed-Individual
0.57,0.5,0.4318,0.75,Hierarchical-Individual
0.99,0.5,0.4318,0.71,Distributed-Individual
0.57,0.0,0.4318,0.75,Hierarchical-Individual
0.99,0.0,0.4318,0.71,Distributed-Individual
0.57,0.5,0.4318,0.75,Hierarchical-Individual
0.99,0.5,0.4318,0.71,Distributed-Individual
0.57,0.5,0.4318,0.75,Hierarchical-Individual
0.99,0.5,0.4318,0.71,Distributed-Individual
0.57,0.0,0.4318,0.75,Hierarchical-Individual
0.99,0.0,0.4318,0.71,Distributed-Individual
0.57,0.5,0.4318,0.75,Hierarchical-Individual
0.99,0.5,0.4318,0.71,Distributed-Individual
0.57,0.5,0.4318,0.75,Hierarchical-Individual
0.99,0.5,0.4318,0.71,Distributed-Individual
0.92,0.5,0.5,0.85,Hierarchical-Collective
0.87,0.5,0.5,0.68,Distributed-Individual
0.48,0.5,0.5,0.78,Distributed-Individual
0.89,0.5,0.5,0.66,Distributed-Collective
0.92,0.5,0.5,0.85,Hierarchical-Collective
0.87,0.5,0.5,0.68,Distributed-Individual
0.48,0.5,0.5,0.78,Distributed-Individual
0.89,0.5,0.5,0.66,Distributed-Collective
0.92,1.0,0.5,0.85,Hierarchical-Collective
0.87,1.0,0.5,0.68,Distributed-Individual
0.48,1.0,0.5,0.78,Distributed-Individual
0.89,1.0,0.5,0.66,Distributed-Collective
0.92,1.0,0.5,0.85,Hierarchical-Collective
0.87,1.0,0.5,0.68,Distributed-Individual
0.48,1.0,0.5,0.78,Distributed-Individual
0.89,1.0,0.5,0.66,Distributed-Collective
0.92,1.0,0.5,0.85,Hierarchical-Collective
0.87,1.0,0.5,0.68,Distributed-Individual
0.48,1.0,0.5,0.78,Distributed-Individual
0.89,1.0,0.5,0.66,Distributed-Collective
0.92,0.5,0.5,0.85,Hierarchical-Collective
0.87,0.5,0.5,0.68,Distributed-Individual
0.48,0.5,0.5,0.78,Distributed-Individual
0.89,0.5,0.5,0.66,Distributed-Collective
0.94,0.0,0.6591,0.71,Distributed-Collective
0.94,0.5,0.6591,0.71,Distributed-Collective
0.94,0.5,0.6591,0.71,Distributed-Collective
0.59,1.0,0.5682,0.71,Hierarchical-Collective
0.85,1.0,0.5682,0.7,Distributed-Collective
0.59,1.0,0.5682,0.71,Hierarchical-Collective
0.85,1.0,0.5682,0.7,Distributed-Collective
0.59,0.5,0.5682,0.71,Hierarchical-Collective
0.85,0.5,0.5682,0.7,Distributed-Collective
0.98,0.0,0.4318,0.95,Distributed-Individual
0.66,0.5,0.4318,0.82,Hierarchical-Collective
0.98,0.0,0.4318,0.95,Distributed-Individual
0.66,0.5,0.4318,0.82,Hierarchical-Collective
0.98,0.0,0.4318,0.95,Distributed-Individual
0.66,0.5,0.4318,0.82,Hierarchical-Collective
0.98,0.5,0.4318,0.95,Distributed-Individual
0.66,1.0,0.4318,0.82,Hierarchical-Collective
0.98,0.0,0.4318,0.95,Distributed-Individual
0.66,0.5,0.4318,0.82,Hierarchical-Collective
0.98,0.5,0.4318,0.95,Distributed-Individual
0.66,1.0,0.4318,0.82,Hierarchical-Collective
0.98,0.5,0.4318,0.95,Distributed-Individual
0.66,1.0,0.4318,0.82,Hierarchical-Collective
0.98,0.5,0.4545,0.85,Distributed-Collective
0.98,0.5,0.4545,0.85,Distributed-Collective
0.98,1.0,0.4545,0.85,Distributed-Collective
0.98,1.0,0.4545,0.85,Distributed-Collective
0.98,0.5,0.4545,0.85,Distributed-Collective
0.98,1.0,0.4545,0.85,Distributed-Collective
0.98,1.0,0.4545,0.85,Distributed-Collective
0.94,1.0,0.4091,0.52,Hierarchical-Collective
0.72,1.0,0.4091,0.65,Distributed-Collective
0.99,1.0,0.4091,0.57,Distributed-Individual
0.6,1.0,0.4091,0.96,Hierarchical-Collective
0.94,1.0,0.4091,0.52,Hierarchical-Collective
0.72,1.0,0.4091,0.65,Distributed-Collective
0.99,1.0,0.4091,0.57,Distributed-Individual
0.6,1.0,0.4091,0.96,Hierarchical-Collective
0.94,1.0,0.4091,0.52,Hierarchical-Collective
0.72,1.0,0.4091,0.65,Distributed-Collective
0.99,1.0,0.4091,0.57,Distributed-Individual
0.6,1.0,0.4091,0.96,Hierarchical-Collective
0.94,0.5,0.4091,0.52,Hierarchical-Collective
0.72,0.5,0.4091,0.65,Distributed-Collective
0.99,0.5,0.4091,0.57,Distributed-Individual
0.6,0.5,0.4091,0.96,Hierarchical-Collective
0.94,1.0,0.4091,0.52,Hierarchical-Collective
0.72,1.0,0.4091,0.65,Distributed-Collective
0.99,1.0,0.4091,0.57,Distributed-Individual
0.6,1.0,0.4091,0.96,Hierarchical-Collective
0.94,1.0,0.4091,0.52,Hierarchical-Collective
0.72,1.0,0.4091,0.65,Distributed-Collective
0.99,1.0,0.4091,0.57,Distributed-Individual
0.6,1.0,0.4091,0.96,Hierarchical-Collective
0.94,1.0,0.4091,0.52,Hierarchical-Collective
0.72,1.0,0.4091,0.65,Distributed-Collective
0.99,1.0,0.4091,0.57,Distributed-Individual
0.6,1.0,0.4091,0.96,Hierarchical-Collective
0.94,0.5,0.4091,0.52,Hierarchical-Collective
0.72,0.5,0.4091,0.65,Distributed-Collective
0.99,0.5,0.4091,0.57,Distributed-Individual
0.6,0.5,0.4091,0.96,Hierarchical-Collective
0.94,1.0,0.4091,0.52,Hierarchical-Collective
0.72,1.0,0.4091,0.65,Distributed-Collective
0.99,1.0,0.4091,0.57,Distributed-Individual
0.6,1.0,0.4091,0.96,Hierarchical-Collective
0.94,1.0,0.4091,0.52,Hierarchical-Collective
0.72,1.0,0.4091,0.65,Distributed-Collective
0.99,1.0,0.4091,0.57,Distributed-Individual
0.6,1.0,0.4091,0.96,Hierarchical-Collective
0.94,1.0,0.4091,0.52,Hierarchical-Collective
0.72,1.0,0.4091,0.65,Distributed-Collective
0.99,1.0,0.4091,0.57,Distributed-Individual
0.6,1.0,0.4091,0.96,Hierarchical-Collective
0.94,1.0,0.4091,0.52,Hierarchical-Collective
0.72,1.0,0.4091,0.65,Distributed-Collective
0.99,1.0,0.4091,0.57,Distributed-Individual
0.6,1.0,0.4091,0.96,Hierarchical-Collective
0.61,1.0,0.3409,0.97,Hierarchical-Individual
0.55,1.0,0.3409,0.79,Hierarchical-Collective
0.61,1.0,0.3409,0.97,Hierarchical-Individual
0.55,1.0,0.3409,0.79,Hierarchical-Collective
0.61,0.5,0.3409,0.97,Hierarchical-Individual
0.55,0.5,0.3409,0.79,Hierarchical-Collective
0.61,0.5,0.3409,0.97,Hierarchical-Individual
0.55,0.5,0.3409,0.79,Hierarchical-Collective
0.61,0.5,0.3409,0.97,Hierarchical-Individual
0.55,0.5,0.3409,0.79,Hierarchical-Collective
0.76,1.0,0.5227,0.75,Distributed-Individual
0.62,1.0,0.5227,0.61,Distributed-Individual
0.49,1.0,0.5227,0.87,Hierarchical-Individual
0.67,0.5,0.5227,0.52,Hierarchical-Collective
0.76,0.5,0.5227,0.75,Distributed-Individual
0.62,0.5,0.5227,0.61,Distributed-Individual
0.49,0.5,0.5227,0.87,Hierarchical-Individual
0.67,0.0,0.5227,0.52,Hierarchical-Collective
0.76,1.0,0.5227,0.75,Distributed-Individual
0.62,1.0,0.5227,0.61,Distributed-Individual
0.49,1.0,0.5227,0.87,Hierarchical-Individual
0.67,0.5,0.5227,0.52,Hierarchical-Collective
0.76,1.0,0.5227,0.75,Distributed-Individual
0.62,1.0,0.5227,0.61,Distributed-Individual
0.49,1.0,0.5227,0.87,Hierarchical-Individual
0.67,0.5,0.5227,0.52,Hierarchical-Collective
0.76,0.5,0.5227,0.75,Distributed-Individual
0.62,0.5,0.5227,0.61,Distributed-Individual
0.49,0.5,0.5227,0.87,Hierarchical-Individual
0.67,0.0,0.5227,0.52,Hierarchical-Collective
0.84,1.0,0.6591,0.51,Hierarchical-Collective
0.84,0.5,0.6591,0.51,Hierarchical-Collective
0.84,0.5,0.6591,0.51,Hierarchical-Collective
0.84,1.0,0.6591,0.51,Hierarchical-Collective
0.58,0.5,0.4773,0.8,Distributed-Collective
0.58,0.5,0.4773,0.8,Distributed-Collective
0.58,0.5,0.4773,0.8,Distributed-Collective
0.58,0.5,0.4773,0.8,Distributed-Collective
0.58,0.0,0.4773,0.8,Distributed-Collective
0.58,0.5,0.4773,0.8,Distributed-Collective
0.58,0.5,0.4773,0.8,Distributed-Collective
0.58,0.5,0.4773,0.8,Distributed-Collective
0.5,1.0,0.4545,0.59,Hierarchical-Collective
0.5,1.0,0.4545,0.59,Hierarchical-Collective
0.5,0.5,0.4545,0.59,Hierarchical-Collective
0.67,0.5,0.4773,0.76,Distributed-Collective
0.67,1.0,0.4773,0.76,Distributed-Collective
0.67,1.0,0.4773,0.76,Distributed-Collective
0.67,1.0,0.4773,0.76,Distributed-Collective
0.67,1.0,0.4773,0.76,Distributed-Collective
0.5,0.5,0.4545,0.71,Distributed-Collective
0.52,0.0,0.4545,0.64,Distributed-Individual
0.5,1.0,0.4545,0.71,Distributed-Collective
0.52,0.5,0.4545,0.64,Distributed-Individual
0.5,1.0,0.4545,0.71,Distributed-Collective
0.52,0.5,0.4545,0.64,Distributed-Individual
0.5,0.5,0.4545,0.71,Distributed-Collective
0.52,0.0,0.4545,0.64,Distributed-Individual
0.5,1.0,0.4545,0.71,Distributed-Collective
0.52,0.5,0.4545,0.64,Distributed-Individual
0.5,0.5,0.4545,0.71,Distributed-Collective
0.52,0.0,0.4545,0.64,Distributed-Individual
0.5,0.5,0.4545,0.71,Distributed-Collective
0.52,0.0,0.4545,0.64,Distributed-Individual
0.88,0.0,0.6591,0.81,Distributed-Collective
0.79,0.0,0.6591,0.84,Hierarchical-Collective
0.88,0.5,0.6591,0.81,Distributed-Collective
0.79,0.5,0.6591,0.84,Hierarchical-Collective
0.69,1.0,0.5909,0.55,Hierarchical-Collective
0.41,1.0,0.5909,0.58,Hierarchical-Collective
0.55,1.0,0.5909,0.98,Hierarchical-Individual
0.69,0.5,0.5909,0.55,Hierarchical-Collective
0.41,0.5,0.5909,0.58,Hierarchical-Collective
0.55,0.5,0.5909,0.98,Hierarchical-Individual
0.51,0.5,0.75,0.83,Hierarchical-Individual
0.54,1.0,0.75,0.9,Distributed-Individual
0.51,0.5,0.75,0.83,Hierarchical-Individual
0.54,1.0,0.75,0.9,Distributed-Individual
1.0,0.5,0.3409,0.92,Hierarchical-Collective
0.93,0.5,0.3409,0.7,Distributed-Collective
0.86,1.0,0.3409,0.68,Hierarchical-Collective
1.0,0.5,0.3409,0.92,Hierarchical-Collective
0.93,0.5,0.3409,0.7,Distributed-Collective
0.86,1.0,0.3409,0.68,Hierarchical-Collective
1.0,0.5,0.3409,0.92,Hierarchical-Collective
0.93,0.5,0.3409,0.7,Distributed-Collective
0.86,1.0,0.3409,0.68,Hierarchical-Collective
0.83,0.5,0.5682,0.76,Hierarchical-Individual
0.83,1.0,0.5682,0.76,Hierarchical-Individual
0.83,1.0,0.5682,0.76,Hierarchical-Individual
0.97,0.5,0.75,0.95,Hierarchical-Collective
0.44,0.5,0.75,0.69,Distributed-Collective
0.88,1.0,0.75,0.53,Distributed-Individual
0.45,0.5,0.75,0.85,Distributed-Collective
0.43,1.0,0.3409,0.74,Hierarchical-Collective
0.43,1.0,0.3409,0.74,Hierarchical-Collective
0.43,0.5,0.3409,0.74,Hierarchical-Collective
0.41,0.5,0.3409,0.88,Distributed-Collective
0.49,0.0,0.3409,0.76,Hierarchical-Individual
0.41,0.5,0.3409,0.88,Distributed-Collective
0.49,0.0,0.3409,0.76,Hierarchical-Individual
0.55,0.0,0.3636,0.59,Distributed-Individual
0.73,0.5,0.3636,0.89,Hierarchical-Collective
0.55,0.0,0.3636,0.59,Distributed-Individual
0.73,0.5,0.3636,0.89,Hierarchical-Collective
0.55,0.5,0.3636,0.59,Distributed-Individual
0.73,1.0,0.3636,0.89,Hierarchical-Collective
0.44,1.0,0.1591,0.54,Hierarchical-Collective
0.75,1.0,0.1591,0.6,Distributed-Individual
0.44,1.0,0.1591,0.54,Hierarchical-Collective
0.75,1.0,0.1591,0.6,Distributed-Individual
0.85,0.0,0.3864,0.59,Distributed-Individual
0.85,0.5,0.3864,0.59,Distributed-Individual
0.85,0.5,0.3864,0.59,Distributed-Individual
0.85,0.5,0.3864,0.59,Distributed-Individual
0.85,0.5,0.3864,0.59,Distributed-Individual
0.98,1.0,0.5,0.76,Hierarchical-Individual
0.86,1.0,0.5,0.73,Hierarchical-Individual
0.98,1.0,0.5,0.76,Hierarchical-Individual
0.86,1.0,0.5,0.73,Hierarchical-Individual
0.98,0.5,0.5,0.76,Hierarchical-Individual
0.86,0.5,0.5,0.73,Hierarchical-Individual
0.98,1.0,0.5,0.76,Hierarchical-Individual
0.86,1.0,0.5,0.73,Hierarchical-Individual
0.98,0.5,0.5,0.76,Hierarchical-Individual
0.86,0.5,0.5,0.73,Hierarchical-Individual
0.8,1.0,0.7045,0.76,Hierarchical-Collective
0.61,0.5,0.7045,0.76,Distributed-Individual
0.99,1.0,0.5909,0.73,Distributed-Collective
0.89,0.5,0.5909,0.81,Distributed-Collective
0.91,1.0,0.5909,0.7,Hierarchical-Collective
0.73,0.5,0.3864,0.72,Distributed-Individual
0.73,0.0,0.3864,0.72,Distributed-Individual
0.73,0.5,0.3864,0.72,Distributed-Individual
0.73,0.0,0.3864,0.72,Distributed-Individual
0.73,0.5,0.3864,0.72,Distributed-Individual
0.94,0.5,0.3409,0.72,Hierarchical-Individual
0.94,1.0,0.3409,0.72,Hierarchical-Individual
0.94,0.5,0.3409,0.72,Hierarchical-Individual
0.85,0.5,0.7045,0.78,Hierarchical-Individual
0.43,0.5,0.7045,0.66,Hierarchical-Individual
0.74,0.5,0.7045,0.97,Hierarchical-Individual
0.79,0.5,0.7045,0.55,Hierarchical-Collective
0.94,0.5,0.6136,0.79,Hierarchical-Collective
0.7,0.0,0.6136,0.51,Hierarchical-Collective
0.75,0.5,0.6136,0.52,Hierarchical-Collective
0.94,1.0,0.6136,0.79,Hierarchical-Collective
0.7,0.5,0.6136,0.51,Hierarchical-Collective
0.75,1.0,0.6136,0.52,Hierarchical-Collective
0.94,0.5,0.6136,0.79,Hierarchical-Collective
0.7,0.0,0.6136,0.51,Hierarchical-Collective
0.75,0.5,0.6136,0.52,Hierarchical-Collective
0.95,1.0,0.3864,0.91,Distributed-Collective
0.93,0.5,0.3864,0.5,Hierarchical-Individual
0.64,1.0,0.3864,0.95,Hierarchical-Collective
0.95,1.0,0.3864,0.91,Distributed-Collective
0.93,0.5,0.3864,0.5,Hierarchical-Individual
0.64,1.0,0.3864,0.95,Hierarchical-Collective
0.95,1.0,0.3864,0.91,Distributed-Collective
0.93,0.5,0.3864,0.5,Hierarchical-Individual
0.64,1.0,0.3864,0.95,Hierarchical-Collective
0.95,0.5,0.3864,0.91,Distributed-Collective
0.93,0.0,0.3864,0.5,Hierarchical-Individual
0.64,0.5,0.3864,0.95,Hierarchical-Collective
0.57,1.0,0.2273,0.75,Distributed-Individual
0.69,0.0,0.4318,0.87,Distributed-Collective
0.69,0.0,0.4318,0.87,Distributed-Collective
0.69,0.0,0.4318,0.87,Distributed-Collective
0.69,0.5,0.4318,0.87,Distributed-Collective
0.69,0.5,0.4318,0.87,Distributed-Collective
0.69,0.5,0.4318,0.87,Distributed-Collective
0.95,0.5,0.2273,0.5,Hierarchical-Individual
0.95,0.5,0.2273,0.5,Hierarchical-Individual
0.95,1.0,0.2273,0.5,Hierarchical-Individual
0.55,0.5,0.3636,0.54,Distributed-Individual
0.51,1.0,0.3636,0.75,Distributed-Collective
0.64,0.5,0.3636,0.72,Hierarchical-Collective
0.82,1.0,0.3636,0.71,Hierarchical-Collective
0.55,0.0,0.3636,0.54,Distributed-Individual
0.51,0.5,0.3636,0.75,Distributed-Collective
0.64,0.0,0.3636,0.72,Hierarchical-Collective
0.82,0.5,0.3636,0.71,Hierarchical-Collective
0.55,0.5,0.3636,0.54,Distributed-Individual
0.51,1.0,0.3636,0.75,Distributed-Collective
0.64,0.5,0.3636,0.72,Hierarchical-Collective
0.82,1.0,0.3636,0.71,Hierarchical-Collective
0.41,0.5,0.3864,0.92,Hierarchical-Collective
0.78,1.0,0.3864,0.87,Hierarchical-Individual
0.41,0.5,0.3864,0.92,Hierarchical-Collective
0.78,1.0,0.3864,0.87,Hierarchical-Individual
0.41,0.0,0.3864,0.92,Hierarchical-Collective
0.78,0.5,0.3864,0.87,Hierarchical-Individual
0.41,0.5,0.3864,0.92,Hierarchical-Collective
0.78,1.0,0.3864,0.87,Hierarchical-Individual
0.41,0.5,0.3864,0.92,Hierarchical-Collective
0.78,1.0,0.3864,0.87,Hierarchical-Individual
0.41,0.5,0.3864,0.92,Hierarchical-Collective
0.78,1.0,0.3864,0.87,Hierarchical-Individual
0.41,0.5,0.3864,0.92,Hierarchical-Collective
0.78,1.0,0.3864,0.87,Hierarchical-Individual
0.77,0.0,0.3182,0.71,Distributed-Individual
0.41,0.5,0.3182,0.6,Hierarchical-Individual
0.96,0.5,0.3182,0.61,Hierarchical-Collective
0.5,0.5,0.3182,0.62,Hierarchical-Individual
0.77,0.0,0.3182,0.71,Distributed-Individual
0.41,0.5,0.3182,0.6,Hierarchical-Individual
0.96,0.5,0.3182,0.61,Hierarchical-Collective
0.5,0.5,0.3182,0.62,Hierarchical-Individual
0.77,0.5,0.3182,0.71,Distributed-Individual
0.41,1.0,0.3182,0.6,Hierarchical-Individual
0.96,1.0,0.3182,0.61,Hierarchical-Collective
0.5,1.0,0.3182,0.62,Hierarchical-Individual
0.77,0.0,0.3182,0.71,Distributed-Individual
0.41,0.5,0.3182,0.6,Hierarchical-Individual
0.96,0.5,0.3182,0.61,Hierarchical-Collective
0.5,0.5,0.3182,0.62,Hierarchical-Individual
0.77,0.0,0.3182,0.71,Distributed-Individual
0.41,0.5,0.3182,0.6,Hierarchical-Individual
0.96,0.5,0.3182,0.61,Hierarchical-Collective
0.5,0.5,0.3182,0.62,Hierarchical-Individual
0.77,0.5,0.3182,0.71,Distributed-Individual
0.41,1.0,0.3182,0.6,Hierarchical-Individual
0.96,1.0,0.3182,0.61,Hierarchical-Collective
0.5,1.0,0.3182,0.62,Hierarchical-Individual
0.73,0.5,0.4318,0.52,Distributed-Individual
0.73,1.0,0.4318,0.52,Distributed-Individual
0.73,1.0,0.4318,0.52,Distributed-Individual
0.73,1.0,0.4318,0.52,Distributed-Individual
0.73,1.0,0.4318,0.52,Distributed-Individual
0.71,0.0,0.5455,0.61,Distributed-Individual
0.44,0.5,0.5455,0.56,Distributed-Collective
0.94,0.5,0.5455,1.0,Distributed-Collective
0.71,0.5,0.5455,0.61,Distributed-Individual
0.44,1.0,0.5455,0.56,Distributed-Collective
0.94,1.0,0.5455,1.0,Distributed-Collective
0.71,0.0,0.5455,0.61,Distributed-Individual
0.44,0.5,0.5455,0.56,Distributed-Collective
0.94,0.5,0.5455,1.0,Distributed-Collective
0.71,0.5,0.5455,0.61,Distributed-Individual
0.44,1.0,0.5455,0.56,Distributed-Collective
0.94,1.0,0.5455,1.0,Distributed-Collective
0.71,0.5,0.5455,0.61,Distributed-Individual
0.44,1.0,0.5455,0.56,Distributed-Collective
0.94,1.0,0.5455,1.0,Distributed-Collective
0.71,0.5,0.5455,0.61,Distributed-Individual
0.44,1.0,0.5455,0.56,Distributed-Collective
0.94,1.0,0.5455,1.0,Distributed-Collective
0.71,0.0,0.5455,0.61,Distributed-Individual
0.44,0.5,0.5455,0.56,Distributed-Collective
0.94,0.5,0.5455,1.0,Distributed-Collective
0.71,0.5,0.5455,0.61,Distributed-Individual
0.44,1.0,0.5455,0.56,Distributed-Collective
0.94,1.0,0.5455,1.0,Distributed-Collective
0.71,0.5,0.5455,0.61,Distributed-Individual
0.44,1.0,0.5455,0.56,Distributed-Collective
0.94,1.0,0.5455,1.0,Distributed-Collective
0.71,0.5,0.5455,0.61,Distributed-Individual
0.44,1.0,0.5455,0.56,Distributed-Collective
0.94,1.0,0.5455,1.0,Distributed-Collective
0.44,0.5,0.2955,0.91,Hierarchical-Individual
0.87,0.5,0.2955,0.54,Distributed-Collective
0.44,0.5,0.2955,0.91,Hierarchical-Individual
0.87,0.5,0.2955,0.54,Distributed-Collective
0.44,1.0,0.2955,0.91,Hierarchical-Individual
0.87,1.0,0.2955,0.54,Distributed-Collective
0.44,1.0,0.2955,0.91,Hierarchical-Individual
0.87,1.0,0.2955,0.54,Distributed-Collective
0.44,1.0,0.2955,0.91,Hierarchical-Individual
0.87,1.0,0.2955,0.54,Distributed-Collective
0.44,1.0,0.2955,0.91,Hierarchical-Individual
0.87,1.0,0.2955,0.54,Distributed-Collective
0.44,1.0,0.2955,0.91,Hierarchical-Individual
0.87,1.0,0.2955,0.54,Distributed-Collective
0.44,0.5,0.2955,0.91,Hierarchical-Individual
0.87,0.5,0.2955,0.54,Distributed-Collective
0.57,1.0,0.25,0.73,Distributed-Collective
0.49,0.5,0.3636,0.78,Hierarchical-Individual
0.49,0.5,0.3636,0.78,Hierarchical-Individual
0.49,1.0,0.3636,0.78,Hierarchical-Individual
0.49,0.5,0.3636,0.78,Hierarchical-Individual
0.49,0.5,0.3636,0.78,Hierarchical-Individual
0.49,0.5,0.3636,0.78,Hierarchical-Individual
0.49,1.0,0.3636,0.78,Hierarchical-Individual
0.49,1.0,0.3636,0.78,Hierarchical-Individual
0.68,1.0,0.6136,0.89,Distributed-Collective
0.48,0.5,0.6136,0.52,Hierarchical-Collective
0.51,1.0,0.6136,0.55,Distributed-Individual
0.85,0.0,0.4545,0.76,Hierarchical-Collective
0.85,0.5,0.4545,0.76,Hierarchical-Collective
0.85,0.5,0.4545,0.76,Hierarchical-Collective
0.85,0.0,0.4545,0.76,Hierarchical-Collective
0.85,0.5,0.4545,0.76,Hierarchical-Collective
0.85,0.0,0.4545,0.76,Hierarchical-Collective
0.74,0.0,0.7273,0.62,Hierarchical-Individual
0.89,0.5,0.7273,0.71,Hierarchical-Individual
0.74,0.5,0.7273,0.62,Hierarchical-Individual
0.89,1.0,0.7273,0.71,Hierarchical-Individual
0.74,0.0,0.7273,0.62,Hierarchical-Individual
0.89,0.5,0.7273,0.71,Hierarchical-Individual
0.87,1.0,0.7045,0.52,Hierarchical-Collective
0.65,1.0,0.7045,0.73,Hierarchical-Individual
0.84,1.0,0.7045,0.72,Hierarchical-Collective
0.41,1.0,0.7045,0.84,Distributed-Individual
0.87,1.0,0.7045,0.52,Hierarchical-Collective
0.65,1.0,0.7045,0.73,Hierarchical-Individual
0.84,1.0,0.7045,0.72,Hierarchical-Collective
0.41,1.0,0.7045,0.84,Distributed-Individual
0.8,0.0,0.5909,0.69,Hierarchical-Collective
0.8,0.0,0.5909,0.69,Hierarchical-Collective
0.8,0.0,0.5909,0.69,Hierarchical-Collective
0.8,0.5,0.5909,0.69,Hierarchical-Collective
0.97,0.5,0.5455,0.62,Hierarchical-Individual
0.98,0.5,0.5455,0.52,Distributed-Collective
0.4,0.5,0.5455,0.91,Distributed-Individual
0.97,0.5,0.5455,0.62,Hierarchical-Individual
0.98,0.5,0.5455,0.52,Distributed-Collective
0.4,0.5,0.5455,0.91,Distributed-Individual
0.97,1.0,0.5455,0.62,Hierarchical-Individual
0.98,1.0,0.5455,0.52,Distributed-Collective
0.4,1.0,0.5455,0.91,Distributed-Individual
0.97,0.5,0.5455,0.62,Hierarchical-Individual
0.98,0.5,0.5455,0.52,Distributed-Collective
0.4,0.5,0.5455,0.91,Distributed-Individual
0.97,1.0,0.5455,0.62,Hierarchical-Individual
0.98,1.0,0.5455,0.52,Distributed-Collective
0.4,1.0,0.5455,0.91,Distributed-Individual
0.6,0.0,0.6364,0.73,Distributed-Individual
0.68,1.0,0.5455,0.53,Hierarchical-Collective
0.48,0.5,0.5455,0.95,Distributed-Individual
0.68,1.0,0.5455,0.52,Distributed-Collective
0.88,1.0,0.5455,0.85,Distributed-Individual
0.68,0.5,0.5455,0.53,Hierarchical-Collective
0.48,0.0,0.5455,0.95,Distributed-Individual
0.68,0.5,0.5455,0.52,Distributed-Collective
0.88,0.5,0.5455,0.85,Distributed-Individual
0.68,1.0,0.5455,0.53,Hierarchical-Collective
0.48,0.5,0.5455,0.95,Distributed-Individual
0.68,1.0,0.5455,0.52,Distributed-Collective
0.88,1.0,0.5455,0.85,Distributed-Individual
0.96,0.0,0.5909,0.78,Distributed-Individual
0.91,0.0,0.5909,0.96,Distributed-Individual
0.93,0.0,0.5909,0.67,Distributed-Individual
0.96,0.0,0.5909,0.78,Distributed-Individual
0.91,0.0,0.5909,0.96,Distributed-Individual
0.93,0.0,0.5909,0.67,Distributed-Individual
0.96,0.5,0.5909,0.78,Distributed-Individual
0.91,0.5,0.5909,0.96,Distributed-Individual
0.93,0.5,0.5909,0.67,Distributed-Individual
0.96,0.0,0.5909,0.78,Distributed-Individual
0.91,0.0,0.5909,0.96,Distributed-Individual
0.93,0.0,0.5909,0.67,Distributed-Individual
0.68,0.0,0.2045,0.78,Distributed-Individual
0.84,0.5,0.2045,0.77,Distributed-Individual
0.67,0.5,0.2045,0.79,Hierarchical-Collective
0.68,0.0,0.2045,0.78,Distributed-Individual
0.84,0.5,0.2045,0.77,Distributed-Individual
0.67,0.5,0.2045,0.79,Hierarchical-Collective
0.67,1.0,0.2955,0.82,Distributed-Individual
0.7,0.5,0.2955,0.93,Distributed-Individual
0.67,0.5,0.2955,0.82,Distributed-Individual
0.7,0.0,0.2955,0.93,Distributed-Individual
0.67,0.5,0.2955,0.82,Distributed-Individual
0.7,0.0,0.2955,0.93,Distributed-Individual
0.67,1.0,0.2955,0.82,Distributed-Individual
0.7,0.5,0.2955,0.93,Distributed-Individual
0.67,0.5,0.2955,0.82,Distributed-Individual
0.7,0.0,0.2955,0.93,Distributed-Individual
0.51,1.0,0.1818,0.93,Hierarchical-Collective
0.68,1.0,0.1818,0.78,Hierarchical-Collective
0.51,1.0,0.1818,0.93,Hierarchical-Collective
0.68,1.0,0.1818,0.78,Hierarchical-Collective
0.97,0.5,0.4091,0.51,Hierarchical-Individual
0.86,0.5,0.4091,0.67,Hierarchical-Collective
0.86,0.5,0.4091,0.97,Hierarchical-Collective
0.97,0.5,0.4091,0.51,Hierarchical-Individual
0.86,0.5,0.4091,0.67,Hierarchical-Collective
0.86,0.5,0.4091,0.97,Hierarchical-Collective
0.97,0.0,0.4091,0.51,Hierarchical-Individual
0.86,0.0,0.4091,0.67,Hierarchical-Collective
0.86,0.0,0.4091,0.97,Hierarchical-Collective
0.97,0.5,0.4091,0.51,Hierarchical-Individual
0.86,0.5,0.4091,0.67,Hierarchical-Collective
0.86,0.5,0.4091,0.97,Hierarchical-Collective
0.97,0.0,0.4091,0.51,Hierarchical-Individual
0.86,0.0,0.4091,0.67,Hierarchical-Collective
0.86,0.0,0.4091,0.97,Hierarchical-Collective
0.97,0.5,0.4091,0.51,Hierarchical-Individual
0.86,0.5,0.4091,0.67,Hierarchical-Collective
0.86,0.5,0.4091,0.97,Hierarchical-Collective
0.97,0.5,0.4091,0.51,Hierarchical-Individual
0.86,0.5,0.4091,0.67,Hierarchical-Collective
0.86,0.5,0.4091,0.97,Hierarchical-Collective
0.53,0.5,0.6591,0.68,Distributed-Collective
0.98,0.5,0.6591,0.82,Distributed-Individual
0.53,1.0,0.6591,0.68,Distributed-Collective
0.98,1.0,0.6591,0.82,Distributed-Individual
0.53,1.0,0.6591,0.68,Distributed-Collective
0.98,1.0,0.6591,0.82,Distributed-Individual
0.53,1.0,0.6591,0.68,Distributed-Collective
0.98,1.0,0.6591,0.82,Distributed-Individual
0.53,0.5,0.6591,0.68,Distributed-Collective
0.98,0.5,0.6591,0.82,Distributed-Individual
0.82,0.5,0.4545,0.61,Distributed-Individual
0.66,0.5,0.4545,0.77,Hierarchical-Collective
0.82,0.0,0.4545,0.61,Distributed-Individual
0.66,0.0,0.4545,0.77,Hierarchical-Collective
0.82,0.0,0.4545,0.61,Distributed-Individual
0.66,0.0,0.4545,0.77,Hierarchical-Collective
0.82,0.5,0.4545,0.61,Distributed-Individual
0.66,0.5,0.4545,0.77,Hierarchical-Collective
0.73,0.5,0.6818,0.53,Distributed-Collective
0.45,1.0,0.6818,0.71,Distributed-Collective
0.62,1.0,0.6818,0.54,Hierarchical-Collective
0.73,0.5,0.6818,0.53,Distributed-Collective
0.45,1.0,0.6818,0.71,Distributed-Collective
0.62,1.0,0.6818,0.54,Hierarchical-Collective
0.57,0.0,0.2727,0.57,Distributed-Individual
0.84,0.5,0.2727,0.97,Hierarchical-Individual
0.57,0.0,0.2727,0.57,Distributed-Individual
0.84,0.5,0.2727,0.97,Hierarchical-Individual
0.68,1.0,0.2273,0.87,Distributed-Individual
0.85,0.5,0.2273,0.96,Distributed-Individual
0.88,0.5,0.2273,0.77,Hierarchical-Collective
1.0,0.5,0.2273,0.83,Hierarchical-Collective
0.68,0.5,0.2273,0.87,Distributed-Individual
0.85,0.0,0.2273,0.96,Distributed-Individual
0.88,0.0,0.2273,0.77,Hierarchical-Collective
1.0,0.0,0.2273,0.83,Hierarchical-Collective
0.68,0.5,0.2273,0.87,Distributed-Individual
0.85,0.0,0.2273,0.96,Distributed-Individual
0.88,0.0,0.2273,0.77,Hierarchical-Collective
1.0,0.0,0.2273,0.83,Hierarchical-Collective
0.58,0.0,0.4545,0.97,Hierarchical-Collective
0.58,0.5,0.4545,0.97,Hierarchical-Collective
0.58,0.0,0.4545,0.97,Hierarchical-Collective
0.58,0.5,0.4545,0.97,Hierarchical-Collective
0.75,1.0,0.5,0.79,Distributed-Individual
0.79,1.0,0.5,0.63,Distributed-Collective
0.67,1.0,0.5,0.84,Distributed-Collective
0.75,1.0,0.5,0.79,Distributed-Individual
0.79,1.0,0.5,0.63,Distributed-Collective
0.67,1.0,0.5,0.84,Distributed-Collective
0.75,0.5,0.5,0.79,Distributed-Individual
0.79,0.5,0.5,0.63,Distributed-Collective
0.67,0.5,0.5,0.84,Distributed-Collective
0.75,1.0,0.5,0.79,Distributed-Individual
0.79,1.0,0.5,0.63,Distributed-Collective
0.67,1.0,0.5,0.84,Distributed-Collective
0.71,0.0,0.4545,0.95,Hierarchical-Individual
0.71,0.5,0.4545,0.95,Hierarchical-Individual
0.71,0.5,0.4545,0.95,Hierarchical-Individual
0.94,0.5,0.1818,0.77,Hierarchical-Collective
0.75,1.0,0.1818,0.56,Hierarchical-Individual
0.7,1.0,0.1818,0.94,Hierarchical-Collective
0.94,0.0,0.1818,0.77,Hierarchical-Collective
0.75,0.5,0.1818,0.56,Hierarchical-Individual
0.7,0.5,0.1818,0.94,Hierarchical-Collective
0.88,1.0,0.2727,0.56,Distributed-Collective
0.94,0.5,0.2727,0.76,Hierarchical-Individual
0.45,1.0,0.2727,0.87,Hierarchical-Collective
0.85,0.5,0.5455,0.75,Hierarchical-Collective
0.75,0.5,0.5455,0.56,Hierarchical-Collective
0.85,1.0,0.5455,0.75,Hierarchical-Collective
0.75,1.0,0.5455,0.56,Hierarchical-Collective
0.85,0.5,0.5455,0.75,Hierarchical-Collective
0.75,0.5,0.5455,0.56,Hierarchical-Collective
0.85,1.0,0.5455,0.75,Hierarchical-Collective
0.75,1.0,0.5455,0.56,Hierarchical-Collective
0.85,1.0,0.5455,0.75,Hierarchical-Collective
0.75,1.0,0.5455,0.56,Hierarchical-Collective
0.88,1.0,0.5,0.97,Distributed-Collective
0.62,1.0,0.5,0.64,Hierarchical-Individual
0.42,1.0,0.5,0.71,Hierarchical-Individual
0.56,1.0,0.5,0.7,Hierarchical-Collective
0.85,0.5,0.5,0.78,Hierarchical-Individual
0.53,1.0,0.5,0.72,Hierarchical-Individual
0.88,1.0,0.5,0.97,Distributed-Collective
0.62,1.0,0.5,0.64,Hierarchical-Individual
0.42,1.0,0.5,0.71,Hierarchical-Individual
0.56,1.0,0.5,0.7,Hierarchical-Collective
0.85,0.5,0.5,0.78,Hierarchical-Individual
0.53,1.0,0.5,0.72,Hierarchical-Individual
0.88,1.0,0.5,0.97,Distributed-Collective
0.62,1.0,0.5,0.64,Hierarchical-Individual
0.42,1.0,0.5,0.71,Hierarchical-Individual
0.56,1.0,0.5,0.7,Hierarchical-Collective
0.85,0.5,0.5,0.78,Hierarchical-Individual
0.53,1.0,0.5,0.72,Hierarchical-Individual
0.88,0.5,0.5,0.97,Distributed-Collective
0.62,0.5,0.5,0.64,Hierarchical-Individual
0.42,0.5,0.5,0.71,Hierarchical-Individual
0.56,0.5,0.5,0.7,Hierarchical-Collective
0.85,0.0,0.5,0.78,Hierarchical-Individual
0.53,0.5,0.5,0.72,Hierarchical-Individual
0.88,1.0,0.5,0.97,Distributed-Collective
0.62,1.0,0.5,0.64,Hierarchical-Individual
0.42,1.0,0.5,0.71,Hierarchical-Individual
0.56,1.0,0.5,0.7,Hierarchical-Collective
0.85,0.5,0.5,0.78,Hierarchical-Individual
0.53,1.0,0.5,0.72,Hierarchical-Individual
0.77,1.0,0.3182,0.94,Distributed-Individual
0.83,0.5,0.3182,0.99,Hierarchical-Collective
0.77,1.0,0.3182,0.94,Distributed-Individual
0.83,0.5,0.3182,0.99,Hierarchical-Collective
0.77,0.5,0.3182,0.94,Distributed-Individual
0.83,0.0,0.3182,0.99,Hierarchical-Collective
0.77,1.0,0.3182,0.96,Distributed-Collective
0.99,1.0,0.3182,0.76,Distributed-Collective
0.77,0.5,0.3182,0.96,Distributed-Collective
0.99,0.5,0.3182,0.76,Distributed-Collective
0.77,0.5,0.3182,0.96,Distributed-Collective
0.99,0.5,0.3182,0.76,Distributed-Collective
0.77,1.0,0.3182,0.96,Distributed-Collective
0.99,1.0,0.3182,0.76,Distributed-Collective
0.77,0.5,0.3182,0.96,Distributed-Collective
0.99,0.5,0.3182,0.76,Distributed-Collective
0.77,0.5,0.3182,0.96,Distributed-Collective
0.99,0.5,0.3182,0.76,Distributed-Collective
0.58,0.0,0.4545,0.76,Distributed-Individual
0.42,0.0,0.4545,0.65,Distributed-Collective
0.58,0.0,0.4545,0.76,Distributed-Individual
0.42,0.0,0.4545,0.65,Distributed-Collective
0.58,0.0,0.4545,0.76,Distributed-Individual
0.42,0.0,0.4545,0.65,Distributed-Collective
0.58,0.5,0.4545,0.76,Distributed-Individual
0.42,0.5,0.4545,0.65,Distributed-Collective
0.58,0.0,0.4545,0.76,Distributed-Individual
0.42,0.0,0.4545,0.65,Distributed-Collective
0.58,0.5,0.4545,0.76,Distributed-Individual
0.42,0.5,0.4545,0.65,Distributed-Collective
0.58,0.5,0.4545,0.76,Distributed-Individual
0.42,0.5,0.4545,0.65,Distributed-Collective
0.58,0.5,0.4545,0.76,Distributed-Individual
0.42,0.5,0.4545,0.65,Distributed-Collective
0.58,0.5,0.4545,0.76,Distributed-Individual
0.42,0.5,0.4545,0.65,Distributed-Collective
0.73,1.0,0.5227,0.77,Distributed-Individual
0.63,1.0,0.5227,0.98,Distributed-Individual
0.73,1.0,0.5227,0.77,Distributed-Individual
0.63,1.0,0.5227,0.98,Distributed-Individual
0.73,1.0,0.5227,0.77,Distributed-Individual
0.63,1.0,0.5227,0.98,Distributed-Individual
0.73,1.0,0.5227,0.77,Distributed-Individual
0.63,1.0,0.5227,0.98,Distributed-Individual
0.73,0.5,0.3864,0.78,Distributed-Individual
0.88,1.0,0.3864,0.61,Hierarchical-Collective
0.73,0.5,0.3864,0.78,Distributed-Individual
0.88,1.0,0.3864,0.61,Hierarchical-Collective
0.73,0.5,0.3864,0.78,Distributed-Individual
0.88,1.0,0.3864,0.61,Hierarchical-Collective
0.73,0.0,0.3864,0.78,Distributed-Individual
0.88,0.5,0.3864,0.61,Hierarchical-Collective
0.73,0.5,0.3864,0.78,Distributed-Individual
0.88,1.0,0.3864,0.61,Hierarchical-Collective
0.73,0.5,0.3864,0.78,Distributed-Individual
0.88,1.0,0.3864,0.61,Hierarchical-Collective
0.86,0.5,0.3409,0.8,Distributed-Individual
0.77,0.5,0.3409,0.88,Hierarchical-Individual
0.71,1.0,0.3409,0.96,Distributed-Individual
0.96,1.0,0.4318,0.65,Distributed-Individual
0.96,0.5,0.4318,0.65,Distributed-Individual
0.96,0.5,0.4318,0.65,Distributed-Individual
0.96,0.5,0.4318,0.65,Distributed-Individual
0.96,1.0,0.4318,0.65,Distributed-Individual
0.96,0.5,0.4318,0.65,Distributed-Individual
0.96,0.5,0.4318,0.65,Distributed-Individual
0.96,0.5,0.4318,0.65,Distributed-Individual
0.96,1.0,0.4318,0.65,Distributed-Individual
0.92,1.0,0.3182,0.96,Distributed-Individual
0.92,1.0,0.3182,0.96,Distributed-Individual
0.92,1.0,0.3182,0.96,Distributed-Individual
0.92,1.0,0.3182,0.96,Distributed-Individual
0.88,0.0,0.2955,0.85,Distributed-Collective
0.64,0.0,0.2955,0.61,Hierarchical-Collective
0.75,0.5,0.2955,0.65,Hierarchical-Collective
0.49,0.5,0.2955,0.81,Distributed-Collective
0.88,0.5,0.2955,0.85,Distributed-Collective
0.64,0.5,0.2955,0.61,Hierarchical-Collective
0.75,1.0,0.2955,0.65,Hierarchical-Collective
0.49,1.0,0.2955,0.81,Distributed-Collective
0.88,0.5,0.2955,0.85,Distributed-Collective
0.64,0.5,0.2955,0.61,Hierarchical-Collective
0.75,1.0,0.2955,0.65,Hierarchical-Collective
0.49,1.0,0.2955,0.81,Distributed-Collective
0.51,1.0,0.4545,0.67,Distributed-Individual
0.51,1.0,0.4545,0.67,Distributed-Individual
0.51,0.5,0.4545,0.67,Distributed-Individual
0.51,0.5,0.4545,0.67,Distributed-Individual
0.51,1.0,0.4545,0.67,Distributed-Individual
0.51,1.0,0.4545,0.67,Distributed-Individual
0.97,1.0,0.4773,0.78,Distributed-Collective
0.57,1.0,0.4773,0.51,Hierarchical-Individual
0.97,1.0,0.4773,0.78,Distributed-Collective
0.57,1.0,0.4773,0.51,Hierarchical-Individual
0.97,1.0,0.4773,0.78,Distributed-Collective
0.57,1.0,0.4773,0.51,Hierarchical-Individual
0.97,0.5,0.4773,0.78,Distributed-Collective
0.57,0.5,0.4773,0.51,Hierarchical-Individual
0.97,0.5,0.4773,0.78,Distributed-Collective
0.57,0.5,0.4773,0.51,Hierarchical-Individual
0.97,0.5,0.4773,0.78,Distributed-Collective
0.57,0.5,0.4773,0.51,Hierarchical-Individual
0.97,0.5,0.4773,0.78,Distributed-Collective
0.57,0.5,0.4773,0.51,Hierarchical-Individual
0.61,0.0,0.4318,0.76,Hierarchical-Individual
0.97,0.5,0.4318,0.61,Hierarchical-Collective
0.67,0.0,0.4318,0.6,Hierarchical-Individual
0.61,0.5,0.4318,0.76,Hierarchical-Individual
0.97,1.0,0.4318,0.61,Hierarchical-Collective
0.67,0.5,0.4318,0.6,Hierarchical-Individual
0.61,0.5,0.4318,0.76,Hierarchical-Individual
0.97,1.0,0.4318,0.61,Hierarchical-Collective
0.67,0.5,0.4318,0.6,Hierarchical-Individual
0.61,0.5,0.4318,0.76,Hierarchical-Individual
0.97,1.0,0.4318,0.61,Hierarchical-Collective
0.67,0.5,0.4318,0.6,Hierarchical-Individual
0.61,0.5,0.4318,0.76,Hierarchical-Individual
0.97,1.0,0.4318,0.61,Hierarchical-Collective
0.67,0.5,0.4318,0.6,Hierarchical-Individual
0.72,0.5,0.5455,0.61,Hierarchical-Collective
0.72,1.0,0.5455,0.61,Hierarchical-Collective
0.72,1.0,0.5455,0.61,Hierarchical-Collective
0.72,1.0,0.5455,0.61,Hierarchical-Collective
0.72,1.0,0.5455,0.61,Hierarchical-Collective
0.91,0.0,0.5682,0.96,Hierarchical-Individual
0.91,0.5,0.5682,0.96,Hierarchical-Individual
0.91,0.0,0.5682,0.96,Hierarchical-Individual
0.67,0.0,0.3864,0.87,Hierarchical-Collective
0.67,0.0,0.3864,0.87,Hierarchical-Collective
0.67,0.0,0.3864,0.87,Hierarchical-Collective
0.81,0.0,0.3864,0.64,Distributed-Individual
0.97,0.5,0.3864,0.53,Hierarchical-Individual
0.81,0.5,0.3864,0.64,Distributed-Individual
0.97,1.0,0.3864,0.53,Hierarchical-Individual
0.81,0.5,0.3864,0.64,Distributed-Individual
0.97,1.0,0.3864,0.53,Hierarchical-Individual
0.81,0.5,0.3864,0.64,Distributed-Individual
0.97,1.0,0.3864,0.53,Hierarchical-Individual
0.81,0.5,0.3864,0.64,Distributed-Individual
0.97,1.0,0.3864,0.53,Hierarchical-Individual
0.81,0.5,0.3864,0.64,Distributed-Individual
0.97,1.0,0.3864,0.53,Hierarchical-Individual
0.54,1.0,0.4091,0.86,Distributed-Individual
0.61,0.5,0.4091,0.74,Distributed-Individual
0.71,0.5,0.4091,0.9,Hierarchical-Collective
0.83,0.5,0.4091,0.74,Hierarchical-Individual
0.54,1.0,0.4091,0.86,Distributed-Individual
0.61,0.5,0.4091,0.74,Distributed-Individual
0.71,0.5,0.4091,0.9,Hierarchical-Collective
0.83,0.5,0.4091,0.74,Hierarchical-Individual
0.54,1.0,0.4091,0.86,Distributed-Individual
0.61,0.5,0.4091,0.74,Distributed-Individual
0.71,0.5,0.4091,0.9,Hierarchical-Collective
0.83,0.5,0.4091,0.74,Hierarchical-Individual
0.81,0.5,0.1364,0.83,Distributed-Collective
0.41,1.0,0.25,0.86,Distributed-Collective
0.4,0.5,0.25,0.91,Hierarchical-Collective
0.5,1.0,0.25,0.75,Distributed-Individual
1.0,1.0,0.25,0.83,Hierarchical-Individual
0.41,1.0,0.25,0.86,Distributed-Collective
0.4,0.5,0.25,0.91,Hierarchical-Collective
0.5,1.0,0.25,0.75,Distributed-Individual
1.0,1.0,0.25,0.83,Hierarchical-Individual
0.41,0.5,0.25,0.86,Distributed-Collective
0.4,0.0,0.25,0.91,Hierarchical-Collective
0.5,0.5,0.25,0.75,Distributed-Individual
1.0,0.5,0.25,0.83,Hierarchical-Individual
0.87,1.0,0.6364,0.75,Hierarchical-Collective
0.43,1.0,0.6364,0.54,Distributed-Individual
0.87,1.0,0.6364,0.75,Hierarchical-Collective
0.43,1.0,0.6364,0.54,Distributed-Individual
0.87,1.0,0.6364,0.75,Hierarchical-Collective
0.43,1.0,0.6364,0.54,Distributed-Individual
0.87,0.5,0.6364,0.75,Hierarchical-Collective
0.43,0.5,0.6364,0.54,Distributed-Individual
0.83,1.0,0.6818,0.89,Hierarchical-Collective
0.83,1.0,0.6818,0.89,Hierarchical-Collective
0.45,0.0,0.4318,0.77,Distributed-Collective
0.68,0.0,0.4318,0.74,Hierarchical-Individual
0.45,0.0,0.4318,0.77,Distributed-Collective
0.68,0.0,0.4318,0.74,Hierarchical-Individual
0.53,1.0,0.8636,0.99,Hierarchical-Collective
0.45,0.5,0.6136,0.83,Hierarchical-Collective
0.57,0.5,0.6136,0.66,Distributed-Individual
0.62,0.5,0.6136,0.76,Distributed-Collective
0.69,0.5,0.6136,0.66,Hierarchical-Individual
0.45,1.0,0.6136,0.83,Hierarchical-Collective
0.57,1.0,0.6136,0.66,Distributed-Individual
0.62,1.0,0.6136,0.76,Distributed-Collective
0.69,1.0,0.6136,0.66,Hierarchical-Individual
0.45,0.5,0.6136,0.83,Hierarchical-Collective
0.57,0.5,0.6136,0.66,Distributed-Individual
0.62,0.5,0.6136,0.76,Distributed-Collective
0.69,0.5,0.6136,0.66,Hierarchical-Individual
0.75,1.0,0.3182,0.72,Hierarchical-Individual
0.96,1.0,0.3182,0.93,Hierarchical-Individual
0.75,1.0,0.3182,0.72,Hierarchical-Individual
0.96,1.0,0.3182,0.93,Hierarchical-Individual
0.76,0.5,0.4773,0.79,Hierarchical-Collective
0.4,1.0,0.4773,0.5,Distributed-Collective
0.74,0.5,0.4773,0.63,Hierarchical-Individual
0.63,1.0,0.4773,0.56,Hierarchical-Collective
0.76,0.0,0.4773,0.79,Hierarchical-Collective
0.4,0.5,0.4773,0.5,Distributed-Collective
0.74,0.0,0.4773,0.63,Hierarchical-Individual
0.63,0.5,0.4773,0.56,Hierarchical-Collective
0.98,0.5,0.3409,0.82,Distributed-Collective
0.97,0.5,0.3409,0.53,Distributed-Individual
0.41,1.0,0.3409,0.69,Hierarchical-Individual
0.98,0.0,0.3409,0.82,Distributed-Collective
0.97,0.0,0.3409,0.53,Distributed-Individual
0.41,0.5,0.3409,0.69,Hierarchical-Individual
0.78,0.0,0.25,0.91,Hierarchical-Individual
0.97,0.5,0.25,0.7,Hierarchical-Individual
0.78,0.5,0.25,0.91,Hierarchical-Individual
0.97,1.0,0.25,0.7,Hierarchical-Individual
0.75,1.0,0.3182,0.9,Hierarchical-Collective
0.4,0.5,0.3182,0.81,Distributed-Individual
0.69,1.0,0.3182,0.95,Distributed-Collective
0.68,0.5,0.3182,0.98,Distributed-Collective
0.75,1.0,0.3182,0.6,Distributed-Collective
0.93,0.5,0.3182,0.98,Hierarchical-Collective
0.68,0.5,0.3182,0.53,Distributed-Individual
0.75,1.0,0.3182,0.9,Hierarchical-Collective
0.4,0.5,0.3182,0.81,Distributed-Individual
0.69,1.0,0.3182,0.95,Distributed-Collective
0.68,0.5,0.3182,0.98,Distributed-Collective
0.75,1.0,0.3182,0.6,Distributed-Collective
0.93,0.5,0.3182,0.98,Hierarchical-Collective
0.68,0.5,0.3182,0.53,Distributed-Individual
0.75,1.0,0.3182,0.9,Hierarchical-Collective
0.4,0.5,0.3182,0.81,Distributed-Individual
0.69,1.0,0.3182,0.95,Distributed-Collective
0.68,0.5,0.3182,0.98,Distributed-Collective
0.75,1.0,0.3182,0.6,Distributed-Collective
0.93,0.5,0.3182,0.98,Hierarchical-Collective
0.68,0.5,0.3182,0.53,Distributed-Individual
0.75,0.5,0.3182,0.9,Hierarchical-Collective
0.4,0.0,0.3182,0.81,Distributed-Individual
0.69,0.5,0.3182,0.95,Distributed-Collective
0.68,0.0,0.3182,0.98,Distributed-Collective
0.75,0.5,0.3182,0.6,Distributed-Collective
0.93,0.0,0.3182,0.98,Hierarchical-Collective
0.68,0.0,0.3182,0.53,Distributed-Individual
0.75,1.0,0.3182,0.9,Hierarchical-Collective
0.4,0.5,0.3182,0.81,Distributed-Individual
0.69,1.0,0.3182,0.95,Distributed-Collective
0.68,0.5,0.3182,0.98,Distributed-Collective
0.75,1.0,0.3182,0.6,Distributed-Collective
0.93,0.5,0.3182,0.98,Hierarchical-Collective
0.68,0.5,0.3182,0.53,Distributed-Individual
0.4,0.5,0.6818,0.96,Distributed-Individual
0.63,0.0,0.6818,0.6,Distributed-Individual
0.92,0.0,0.6818,0.77,Hierarchical-Individual
0.69,0.5,0.6818,0.55,Distributed-Individual
0.64,0.5,0.6818,0.57,Hierarchical-Individual
0.56,0.5,0.4545,0.68,Distributed-Individual
0.7,1.0,0.4545,0.91,Hierarchical-Collective
0.82,1.0,0.4545,0.72,Distributed-Individual
0.91,0.5,0.4545,0.69,Hierarchical-Collective
0.56,0.5,0.4545,0.68,Distributed-Individual
0.7,1.0,0.4545,0.91,Hierarchical-Collective
0.82,1.0,0.4545,0.72,Distributed-Individual
0.91,0.5,0.4545,0.69,Hierarchical-Collective
0.56,0.5,0.4545,0.68,Distributed-Individual
0.7,1.0,0.4545,0.91,Hierarchical-Collective
0.82,1.0,0.4545,0.72,Distributed-Individual
0.91,0.5,0.4545,0.69,Hierarchical-Collective
0.56,0.0,0.4545,0.68,Distributed-Individual
0.7,0.5,0.4545,0.91,Hierarchical-Collective
0.82,0.5,0.4545,0.72,Distributed-Individual
0.91,0.0,0.4545,0.69,Hierarchical-Collective
0.56,0.0,0.4545,0.68,Distributed-Individual
0.7,0.5,0.4545,0.91,Hierarchical-Collective
0.82,0.5,0.4545,0.72,Distributed-Individual
0.91,0.0,0.4545,0.69,Hierarchical-Collective
0.78,1.0,0.3409,0.59,Hierarchical-Individual
0.78,0.5,0.3409,0.59,Hierarchical-Individual
0.78,1.0,0.3409,0.59,Hierarchical-Individual
0.78,0.5,0.3409,0.59,Hierarchical-Individual
0.78,0.5,0.3409,0.59,Hierarchical-Individual
0.83,0.5,0.6591,0.99,Hierarchical-Individual
0.49,1.0,0.6591,0.55,Distributed-Individual
0.83,0.5,0.6591,0.99,Hierarchical-Individual
0.49,1.0,0.6591,0.55,Distributed-Individual
0.83,0.0,0.6591,0.99,Hierarchical-Individual
0.49,0.5,0.6591,0.55,Distributed-Individual
0.45,1.0,0.5227,0.86,Hierarchical-Collective
0.93,0.5,0.5227,0.84,Distributed-Collective
0.91,0.5,0.5227,0.91,Distributed-Individual
0.96,1.0,0.5227,0.81,Hierarchical-Individual
0.45,0.5,0.5227,0.86,Hierarchical-Collective
0.93,0.0,0.5227,0.84,Distributed-Collective
0.91,0.0,0.5227,0.91,Distributed-Individual
0.96,0.5,0.5227,0.81,Hierarchical-Individual
0.45,0.5,0.5227,0.86,Hierarchical-Collective
0.93,0.0,0.5227,0.84,Distributed-Collective
0.91,0.0,0.5227,0.91,Distributed-Individual
0.96,0.5,0.5227,0.81,Hierarchical-Individual
0.45,1.0,0.5227,0.86,Hierarchical-Collective
0.93,0.5,0.5227,0.84,Distributed-Collective
0.91,0.5,0.5227,0.91,Distributed-Individual
0.96,1.0,0.5227,0.81,Hierarchical-Individual
0.45,1.0,0.5227,0.86,Hierarchical-Collective
0.93,0.5,0.5227,0.84,Distributed-Collective
0.91,0.5,0.5227,0.91,Distributed-Individual
0.96,1.0,0.5227,0.81,Hierarchical-Individual
0.45,1.0,0.5227,0.86,Hierarchical-Collective
0.93,0.5,0.5227,0.84,Distributed-Collective
0.91,0.5,0.5227,0.91,Distributed-Individual
0.96,1.0,0.5227,0.81,Hierarchical-Individual
0.45,0.5,0.5227,0.86,Hierarchical-Collective
0.93,0.0,0.5227,0.84,Distributed-Collective
0.91,0.0,0.5227,0.91,Distributed-Individual
0.96,0.5,0.5227,0.81,Hierarchical-Individual
0.51,1.0,0.3182,0.88,Distributed-Collective
0.65,1.0,0.3182,0.74,Hierarchical-Individual
0.51,0.5,0.3182,0.88,Distributed-Collective
0.65,0.5,0.3182,0.74,Hierarchical-Individual
0.51,1.0,0.3182,0.88,Distributed-Collective
0.65,1.0,0.3182,0.74,Hierarchical-Individual
0.51,1.0,0.3182,0.88,Distributed-Collective
0.65,1.0,0.3182,0.74,Hierarchical-Individual
0.95,0.0,0.3409,0.97,Distributed-Individual
0.57,0.5,0.3409,0.73,Distributed-Individual
0.73,0.5,0.3409,0.99,Distributed-Collective
0.86,0.5,0.3409,0.7,Hierarchical-Individual
0.95,0.5,0.3409,0.97,Distributed-Individual
0.57,1.0,0.3409,0.73,Distributed-Individual
0.73,1.0,0.3409,0.99,Distributed-Collective
0.86,1.0,0.3409,0.7,Hierarchical-Individual
0.95,0.5,0.3409,0.97,Distributed-Individual
0.57,1.0,0.3409,0.73,Distributed-Individual
0.73,1.0,0.3409,0.99,Distributed-Collective
0.86,1.0,0.3409,0.7,Hierarchical-Individual
0.84,0.5,0.2727,0.64,Hierarchical-Collective
0.88,0.5,0.2727,0.54,Distributed-Collective
0.51,0.5,0.2727,0.86,Distributed-Individual
0.84,0.0,0.2727,0.64,Hierarchical-Collective
0.88,0.0,0.2727,0.54,Distributed-Collective
0.51,0.0,0.2727,0.86,Distributed-Individual
0.84,0.0,0.2727,0.64,Hierarchical-Collective
0.88,0.0,0.2727,0.54,Distributed-Collective
0.51,0.0,0.2727,0.86,Distributed-Individual
0.84,0.5,0.2727,0.64,Hierarchical-Collective
0.88,0.5,0.2727,0.54,Distributed-Collective
0.51,0.5,0.2727,0.86,Distributed-Individual
0.66,0.5,0.7045,0.62,Distributed-Individual
0.94,1.0,0.7045,0.89,Hierarchical-Individual
0.66,1.0,0.7045,0.62,Hierarchical-Collective
0.66,0.0,0.7045,0.62,Distributed-Individual
0.94,0.5,0.7045,0.89,Hierarchical-Individual
0.66,0.5,0.7045,0.62,Hierarchical-Collective
0.66,0.0,0.7045,0.62,Distributed-Individual
0.94,0.5,0.7045,0.89,Hierarchical-Individual
0.66,0.5,0.7045,0.62,Hierarchical-Collective
0.72,0.0,0.2727,0.92,Hierarchical-Collective
0.85,0.5,0.2727,0.56,Hierarchical-Individual
0.72,0.0,0.2727,0.92,Hierarchical-Collective
0.85,0.5,0.2727,0.56,Hierarchical-Individual
0.72,0.5,0.2727,0.92,Hierarchical-Collective
0.85,1.0,0.2727,0.56,Hierarchical-Individual
0.47,0.5,0.5227,0.54,Distributed-Collective
0.79,1.0,0.5227,0.97,Distributed-Individual
0.68,0.5,0.5227,0.83,Distributed-Individual
0.81,1.0,0.5227,0.73,Hierarchical-Collective
0.47,0.5,0.5227,0.54,Distributed-Collective
0.79,1.0,0.5227,0.97,Distributed-Individual
0.68,0.5,0.5227,0.83,Distributed-Individual
0.81,1.0,0.5227,0.73,Hierarchical-Collective
0.47,0.5,0.5227,0.54,Distributed-Collective
0.79,1.0,0.5227,0.97,Distributed-Individual
0.68,0.5,0.5227,0.83,Distributed-Individual
0.81,1.0,0.5227,0.73,Hierarchical-Collective
0.47,0.0,0.5227,0.54,Distributed-Collective
0.79,0.5,0.5227,0.97,Distributed-Individual
0.68,0.0,0.5227,0.83,Distributed-Individual
0.81,0.5,0.5227,0.73,Hierarchical-Collective
0.77,1.0,0.3636,0.58,Distributed-Individual
0.57,1.0,0.3636,0.72,Hierarchical-Collective
0.46,1.0,0.3636,0.99,Distributed-Collective
0.77,0.5,0.3636,0.58,Distributed-Individual
0.57,0.5,0.3636,0.72,Hierarchical-Collective
0.46,0.5,0.3636,0.99,Distributed-Collective
0.6,1.0,0.4545,0.99,Hierarchical-Individual
0.5,0.5,0.4545,0.98,Hierarchical-Individual
0.68,1.0,0.4545,0.83,Distributed-Collective
0.6,1.0,0.4545,0.99,Hierarchical-Individual
0.5,0.5,0.4545,0.98,Hierarchical-Individual
0.68,1.0,0.4545,0.83,Distributed-Collective
0.6,1.0,0.4545,0.99,Hierarchical-Individual
0.5,0.5,0.4545,0.98,Hierarchical-Individual
0.68,1.0,0.4545,0.83,Distributed-Collective
0.6,0.5,0.4545,0.99,Hierarchical-Individual
0.5,0.0,0.4545,0.98,Hierarchical-Individual
0.68,0.5,0.4545,0.83,Distributed-Collective
0.6,1.0,0.4545,0.99,Hierarchical-Individual
0.5,0.5,0.4545,0.98,Hierarchical-Individual
0.68,1.0,0.4545,0.83,Distributed-Collective
0.64,0.5,0.3409,0.87,Hierarchical-Collective
0.67,0.5,0.3409,0.58,Hierarchical-Collective
0.64,0.0,0.3409,0.87,Hierarchical-Collective
0.67,0.0,0.3409,0.58,Hierarchical-Collective
0.64,0.0,0.3409,0.87,Hierarchical-Collective
0.67,0.0,0.3409,0.58,Hierarchical-Collective
0.64,0.5,0.3409,0.87,Hierarchical-Collective
0.67,0.5,0.3409,0.58,Hierarchical-Collective
0.64,0.5,0.3409,0.87,Hierarchical-Collective
0.67,0.5,0.3409,0.58,Hierarchical-Collective
0.64,0.5,0.3409,0.87,Hierarchical-Collective
0.67,0.5,0.3409,0.58,Hierarchical-Collective
0.6,0.0,0.5,0.99,Hierarchical-Collective
0.84,0.5,0.5,0.93,Hierarchical-Individual
0.6,0.5,0.5,0.99,Hierarchical-Collective
0.84,1.0,0.5,0.93,Hierarchical-Individual
0.6,0.5,0.5,0.99,Hierarchical-Collective
0.84,1.0,0.5,0.93,Hierarchical-Individual
0.6,0.0,0.5,0.99,Hierarchical-Collective
0.84,0.5,0.5,0.93,Hierarchical-Individual
0.6,0.5,0.5,0.99,Hierarchical-Collective
0.84,1.0,0.5,0.93,Hierarchical-Individual
0.6,0.5,0.5,0.99,Hierarchical-Collective
0.84,1.0,0.5,0.93,Hierarchical-Individual
0.6,0.5,0.5,0.99,Hierarchical-Collective
0.84,1.0,0.5,0.93,Hierarchical-Individual
0.6,0.0,0.5,0.99,Hierarchical-Collective
0.84,0.5,0.5,0.93,Hierarchical-Individual
0.43,1.0,0.3409,0.55,Distributed-Collective
0.96,1.0,0.3409,0.81,Hierarchical-Individual
0.43,0.5,0.3409,0.55,Distributed-Collective
0.96,0.5,0.3409,0.81,Hierarchical-Individual
0.94,1.0,0.3864,0.85,Distributed-Individual
0.68,1.0,0.3864,0.84,Distributed-Collective
0.65,0.5,0.3864,0.88,Hierarchical-Individual
0.9,1.0,0.3864,0.54,Hierarchical-Collective
0.49,0.5,0.3864,0.77,Distributed-Collective
0.94,1.0,0.3864,0.85,Distributed-Individual
0.68,1.0,0.3864,0.84,Distributed-Collective
0.65,0.5,0.3864,0.88,Hierarchical-Individual
0.9,1.0,0.3864,0.54,Hierarchical-Collective
0.49,0.5,0.3864,0.77,Distributed-Collective
0.94,0.5,0.3864,0.85,Distributed-Individual
0.68,0.5,0.3864,0.84,Distributed-Collective
0.65,0.0,0.3864,0.88,Hierarchical-Individual
0.9,0.5,0.3864,0.54,Hierarchical-Collective
0.49,0.0,0.3864,0.77,Distributed-Collective
0.94,1.0,0.3864,0.85,Distributed-Individual
0.68,1.0,0.3864,0.84,Distributed-Collective
0.65,0.5,0.3864,0.88,Hierarchical-Individual
0.9,1.0,0.3864,0.54,Hierarchical-Collective
0.49,0.5,0.3864,0.77,Distributed-Collective
0.7,0.5,0.5682,0.69,Hierarchical-Collective
0.5,0.0,0.5682,0.96,Hierarchical-Individual
0.76,0.5,0.5682,0.78,Hierarchical-Individual
0.7,0.5,0.5682,0.69,Hierarchical-Collective
0.5,0.0,0.5682,0.96,Hierarchical-Individual
0.76,0.5,0.5682,0.78,Hierarchical-Individual
0.7,0.5,0.5682,0.69,Hierarchical-Collective
0.5,0.0,0.5682,0.96,Hierarchical-Individual
0.76,0.5,0.5682,0.78,Hierarchical-Individual
0.7,1.0,0.5682,0.69,Hierarchical-Collective
0.5,0.5,0.5682,0.96,Hierarchical-Individual
0.76,1.0,0.5682,0.78,Hierarchical-Individual
0.7,0.5,0.5682,0.69,Hierarchical-Collective
0.5,0.0,0.5682,0.96,Hierarchical-Individual
0.76,0.5,0.5682,0.78,Hierarchical-Individual
0.7,0.5,0.5682,0.69,Hierarchical-Collective
0.5,0.0,0.5682,0.96,Hierarchical-Individual
0.76,0.5,0.5682,0.78,Hierarchical-Individual
0.85,1.0,0.5227,0.81,Hierarchical-Individual
0.85,1.0,0.5227,0.81,Hierarchical-Individual
0.85,1.0,0.5227,0.81,Hierarchical-Individual
0.85,0.5,0.5227,0.81,Hierarchical-Individual
0.85,1.0,0.5227,0.81,Hierarchical-Individual
0.85,0.5,0.5227,0.81,Hierarchical-Individual
0.56,0.5,0.3182,0.58,Distributed-Individual
0.65,0.0,0.3182,0.88,Hierarchical-Individual
0.87,0.0,0.3182,0.73,Distributed-Collective
0.56,1.0,0.3182,0.58,Distributed-Individual
0.65,0.5,0.3182,0.88,Hierarchical-Individual
0.87,0.5,0.3182,0.73,Distributed-Collective
0.56,1.0,0.3182,0.58,Distributed-Individual
0.65,0.5,0.3182,0.88,Hierarchical-Individual
0.87,0.5,0.3182,0.73,Distributed-Collective
0.56,1.0,0.3182,0.58,Distributed-Individual
0.65,0.5,0.3182,0.88,Hierarchical-Individual
0.87,0.5,0.3182,0.73,Distributed-Collective
0.56,0.5,0.3182,0.58,Distributed-Individual
0.65,0.0,0.3182,0.88,Hierarchical-Individual
0.87,0.0,0.3182,0.73,Distributed-Collective
0.46,0.5,0.4773,0.78,Hierarchical-Individual
0.91,0.5,0.4773,0.8,Distributed-Individual
0.46,1.0,0.4773,0.78,Hierarchical-Individual
0.91,1.0,0.4773,0.8,Distributed-Individual
0.46,1.0,0.4773,0.78,Hierarchical-Individual
0.91,1.0,0.4773,0.8,Distributed-Individual
0.46,0.5,0.4773,0.78,Hierarchical-Individual
0.91,0.5,0.4773,0.8,Distributed-Individual
0.46,0.5,0.4773,0.78,Hierarchical-Individual
0.91,0.5,0.4773,0.8,Distributed-Individual
0.97,0.5,0.5682,0.99,Distributed-Collective
0.48,0.5,0.5682,0.8,Distributed-Individual
0.97,0.0,0.5682,0.99,Distributed-Collective
0.48,0.0,0.5682,0.8,Distributed-Individual
0.97,0.0,0.5682,0.99,Distributed-Collective
0.48,0.0,0.5682,0.8,Distributed-Individual
0.97,0.0,0.5682,0.99,Distributed-Collective
0.48,0.0,0.5682,0.8,Distributed-Individual
0.97,0.0,0.5682,0.99,Distributed-Collective
0.48,0.0,0.5682,0.8,Distributed-Individual
0.97,0.0,0.5682,0.99,Distributed-Collective
0.48,0.0,0.5682,0.8,Distributed-Individual
0.97,0.5,0.5682,0.99,Distributed-Collective
0.48,0.5,0.5682,0.8,Distributed-Individual
0.58,1.0,0.2273,0.7,Hierarchical-Collective
0.57,0.5,0.2273,0.82,Distributed-Collective
0.94,1.0,0.2273,0.62,Distributed-Collective
0.58,1.0,0.2273,0.7,Hierarchical-Collective
0.57,0.5,0.2273,0.82,Distributed-Collective
0.94,1.0,0.2273,0.62,Distributed-Collective
0.59,0.5,0.3636,0.91,Distributed-Individual
0.89,0.5,0.3636,0.66,Hierarchical-Collective
0.59,0.0,0.3636,0.91,Distributed-Individual
0.89,0.0,0.3636,0.66,Hierarchical-Collective
0.59,0.5,0.3636,0.91,Distributed-Individual
0.89,0.5,0.3636,0.66,Hierarchical-Collective
0.59,0.0,0.3636,0.91,Distributed-Individual
0.89,0.0,0.3636,0.66,Hierarchical-Collective
0.59,0.0,0.3636,0.91,Distributed-Individual
0.89,0.0,0.3636,0.66,Hierarchical-Collective
0.8,1.0,0.5227,0.69,Distributed-Collective
0.8,1.0,0.5227,0.69,Distributed-Collective
0.8,1.0,0.5227,0.69,Distributed-Collective
0.8,1.0,0.5227,0.69,Distributed-Collective
0.8,1.0,0.5227,0.69,Distributed-Collective
0.78,0.5,0.3409,0.93,Hierarchical-Collective
0.53,0.0,0.2045,0.69,Distributed-Individual
0.58,0.5,0.2045,0.91,Distributed-Individual
0.66,0.0,0.2045,0.81,Distributed-Individual
0.82,0.5,0.2273,0.64,Distributed-Individual
0.94,1.0,0.2273,0.9,Distributed-Individual
0.5,1.0,0.2273,0.52,Distributed-Collective
0.61,0.5,0.2273,0.93,Distributed-Individual
0.82,0.5,0.2273,0.64,Distributed-Individual
0.94,1.0,0.2273,0.9,Distributed-Individual
0.5,1.0,0.2273,0.52,Distributed-Collective
0.61,0.5,0.2273,0.93,Distributed-Individual
0.54,0.5,0.4545,0.65,Distributed-Individual
0.99,1.0,0.4545,0.55,Distributed-Individual
0.56,1.0,0.4545,0.65,Hierarchical-Collective
0.47,1.0,0.4545,0.51,Distributed-Collective
0.54,0.5,0.4545,0.65,Distributed-Individual
0.99,1.0,0.4545,0.55,Distributed-Individual
0.56,1.0,0.4545,0.65,Hierarchical-Collective
0.47,1.0,0.4545,0.51,Distributed-Collective
0.54,0.5,0.4545,0.65,Distributed-Individual
0.99,1.0,0.4545,0.55,Distributed-Individual
0.56,1.0,0.4545,0.65,Hierarchical-Collective
0.47,1.0,0.4545,0.51,Distributed-Collective
0.54,0.5,0.4545,0.65,Distributed-Individual
0.99,1.0,0.4545,0.55,Distributed-Individual
0.56,1.0,0.4545,0.65,Hierarchical-Collective
0.47,1.0,0.4545,0.51,Distributed-Collective
0.54,0.5,0.4545,0.65,Distributed-Individual
0.99,1.0,0.4545,0.55,Distributed-Individual
0.56,1.0,0.4545,0.65,Hierarchical-Collective
0.47,1.0,0.4545,0.51,Distributed-Collective
0.54,0.5,0.4545,0.65,Distributed-Individual
0.99,1.0,0.4545,0.55,Distributed-Individual
0.56,1.0,0.4545,0.65,Hierarchical-Collective
0.47,1.0,0.4545,0.51,Distributed-Collective
0.54,0.0,0.4545,0.65,Distributed-Individual
0.99,0.5,0.4545,0.55,Distributed-Individual
0.56,0.5,0.4545,0.65,Hierarchical-Collective
0.47,0.5,0.4545,0.51,Distributed-Collective
0.54,0.0,0.4545,0.65,Distributed-Individual
0.99,0.5,0.4545,0.55,Distributed-Individual
0.56,0.5,0.4545,0.65,Hierarchical-Collective
0.47,0.5,0.4545,0.51,Distributed-Collective
0.54,0.0,0.4545,0.65,Distributed-Individual
0.99,0.5,0.4545,0.55,Distributed-Individual
0.56,0.5,0.4545,0.65,Hierarchical-Collective
0.47,0.5,0.4545,0.51,Distributed-Collective
0.6,1.0,0.5,0.95,Distributed-Collective
0.73,1.0,0.5,0.58,Distributed-Collective
0.65,0.5,0.5,0.87,Distributed-Collective
0.6,1.0,0.5,0.95,Distributed-Collective
0.73,1.0,0.5,0.58,Distributed-Collective
0.65,0.5,0.5,0.87,Distributed-Collective
0.6,0.5,0.5,0.95,Distributed-Collective
0.73,0.5,0.5,0.58,Distributed-Collective
0.65,0.0,0.5,0.87,Distributed-Collective
0.6,1.0,0.5,0.95,Distributed-Collective
0.73,1.0,0.5,0.58,Distributed-Collective
0.65,0.5,0.5,0.87,Distributed-Collective
0.6,0.5,0.5,0.95,Distributed-Collective
0.73,0.5,0.5,0.58,Distributed-Collective
0.65,0.0,0.5,0.87,Distributed-Collective
0.6,1.0,0.5,0.95,Distributed-Collective
0.73,1.0,0.5,0.58,Distributed-Collective
0.65,0.5,0.5,0.87,Distributed-Collective
0.6,1.0,0.5,0.95,Distributed-Collective
0.73,1.0,0.5,0.58,Distributed-Collective
0.65,0.5,0.5,0.87,Distributed-Collective
0.6,0.5,0.5,0.95,Distributed-Collective
0.73,0.5,0.5,0.58,Distributed-Collective
0.65,0.0,0.5,0.87,Distributed-Collective
0.43,0.0,0.5455,0.64,Hierarchical-Individual
0.83,0.5,0.5455,0.97,Hierarchical-Collective
0.51,0.0,0.2273,0.97,Distributed-Individual
0.68,0.5,0.2273,0.6,Distributed-Individual
0.83,0.5,0.2273,0.95,Hierarchical-Collective
0.65,0.0,0.2273,0.98,Distributed-Individual
0.59,0.0,0.2273,0.79,Hierarchical-Collective
0.51,0.0,0.2273,0.97,Distributed-Individual
0.68,0.5,0.2273,0.6,Distributed-Individual
0.83,0.5,0.2273,0.95,Hierarchical-Collective
0.65,0.0,0.2273,0.98,Distributed-Individual
0.59,0.0,0.2273,0.79,Hierarchical-Collective
0.51,0.0,0.2273,0.97,Distributed-Individual
0.68,0.5,0.2273,0.6,Distributed-Individual
0.83,0.5,0.2273,0.95,Hierarchical-Collective
0.65,0.0,0.2273,0.98,Distributed-Individual
0.59,0.0,0.2273,0.79,Hierarchical-Collective
0.53,0.5,0.4545,0.52,Distributed-Individual
0.67,0.0,0.4545,0.98,Hierarchical-Collective
0.75,0.5,0.4545,0.5,Distributed-Collective
0.81,0.0,0.4545,0.97,Hierarchical-Collective
0.41,0.5,0.4545,0.54,Distributed-Collective
0.53,1.0,0.4545,0.52,Distributed-Individual
0.67,0.5,0.4545,0.98,Hierarchical-Collective
0.75,1.0,0.4545,0.5,Distributed-Collective
0.81,0.5,0.4545,0.97,Hierarchical-Collective
0.41,1.0,0.4545,0.54,Distributed-Collective
0.53,1.0,0.4545,0.52,Distributed-Individual
0.67,0.5,0.4545,0.98,Hierarchical-Collective
0.75,1.0,0.4545,0.5,Distributed-Collective
0.81,0.5,0.4545,0.97,Hierarchical-Collective
0.41,1.0,0.4545,0.54,Distributed-Collective
0.53,0.5,0.4545,0.52,Distributed-Individual
0.67,0.0,0.4545,0.98,Hierarchical-Collective
0.75,0.5,0.4545,0.5,Distributed-Collective
0.81,0.0,0.4545,0.97,Hierarchical-Collective
0.41,0.5,0.4545,0.54,Distributed-Collective
0.53,1.0,0.4545,0.52,Distributed-Individual
0.67,0.5,0.4545,0.98,Hierarchical-Collective
0.75,1.0,0.4545,0.5,Distributed-Collective
0.81,0.5,0.4545,0.97,Hierarchical-Collective
0.41,1.0,0.4545,0.54,Distributed-Collective
0.53,0.5,0.4545,0.52,Distributed-Individual
0.67,0.0,0.4545,0.98,Hierarchical-Collective
0.75,0.5,0.4545,0.5,Distributed-Collective
0.81,0.0,0.4545,0.97,Hierarchical-Collective
0.41,0.5,0.4545,0.54,Distributed-Collective
0.53,0.5,0.2955,0.99,Distributed-Collective
0.75,1.0,0.2955,0.94,Distributed-Collective
0.96,1.0,0.2955,0.58,Distributed-Collective
0.41,1.0,0.2955,0.89,Distributed-Individual
0.53,0.5,0.2955,0.99,Distributed-Collective
0.75,1.0,0.2955,0.94,Distributed-Collective
0.96,1.0,0.2955,0.58,Distributed-Collective
0.41,1.0,0.2955,0.89,Distributed-Individual
0.53,0.0,0.2955,0.99,Distributed-Collective
0.75,0.5,0.2955,0.94,Distributed-Collective
0.96,0.5,0.2955,0.58,Distributed-Collective
0.41,0.5,0.2955,0.89,Distributed-Individual
0.66,1.0,0.4545,0.83,Hierarchical-Collective
0.66,1.0,0.4545,0.83,Hierarchical-Collective
0.66,0.5,0.4545,0.83,Hierarchical-Collective
0.66,0.5,0.4545,0.83,Hierarchical-Collective
0.95,0.0,0.3409,0.59,Distributed-Individual
0.79,0.5,0.3409,0.82,Hierarchical-Individual
0.65,0.0,0.3409,0.74,Hierarchical-Collective
0.69,0.5,0.3409,0.54,Distributed-Individual
0.95,0.0,0.3409,0.59,Distributed-Individual
0.79,0.5,0.3409,0.82,Hierarchical-Individual
0.65,0.0,0.3409,0.74,Hierarchical-Collective
0.69,0.5,0.3409,0.54,Distributed-Individual
0.95,0.5,0.3409,0.59,Distributed-Individual
0.79,1.0,0.3409,0.82,Hierarchical-Individual
0.65,0.5,0.3409,0.74,Hierarchical-Collective
0.69,1.0,0.3409,0.54,Distributed-Individual
0.56,1.0,0.4091,0.78,Distributed-Collective
1.0,0.5,0.4091,0.76,Hierarchical-Individual
0.56,1.0,0.4091,0.78,Distributed-Collective
1.0,0.5,0.4091,0.76,Hierarchical-Individual
0.56,1.0,0.4091,0.78,Distributed-Collective
1.0,0.5,0.4091,0.76,Hierarchical-Individual
0.56,0.5,0.4091,0.78,Distributed-Collective
1.0,0.0,0.4091,0.76,Hierarchical-Individual
0.56,0.5,0.4091,0.78,Distributed-Collective
1.0,0.0,0.4091,0.76,Hierarchical-Individual
0.56,1.0,0.4091,0.78,Distributed-Collective
1.0,0.5,0.4091,0.76,Hierarchical-Individual
0.43,0.5,0.3864,0.81,Distributed-Individual
0.74,0.5,0.3864,0.99,Hierarchical-Collective
0.43,0.5,0.3864,0.81,Distributed-Individual
0.74,0.5,0.3864,0.99,Hierarchical-Collective
0.43,0.5,0.3864,0.81,Distributed-Individual
0.74,0.5,0.3864,0.99,Hierarchical-Collective
0.43,1.0,0.3864,0.81,Distributed-Individual
0.74,1.0,0.3864,0.99,Hierarchical-Collective
0.43,0.5,0.3864,0.81,Distributed-Individual
0.74,0.5,0.3864,0.99,Hierarchical-Collective
0.77,0.0,0.2955,0.66,Hierarchical-Collective
0.75,0.5,0.2955,0.91,Distributed-Collective
0.55,0.0,0.2955,0.62,Distributed-Individual
0.77,0.0,0.2955,0.66,Hierarchical-Collective
0.75,0.5,0.2955,0.91,Distributed-Collective
0.55,0.0,0.2955,0.62,Distributed-Individual
0.77,0.0,0.2955,0.66,Hierarchical-Collective
0.75,0.5,0.2955,0.91,Distributed-Collective
0.55,0.0,0.2955,0.62,Distributed-Individual
0.77,0.0,0.2955,0.66,Hierarchical-Collective
0.75,0.5,0.2955,0.91,Distributed-Collective
0.55,0.0,0.2955,0.62,Distributed-Individual
0.93,0.5,0.5227,0.7,Hierarchical-Collective
0.93,0.0,0.5227,0.7,Hierarchical-Collective
0.93,0.5,0.5227,0.7,Hierarchical-Collective
0.93,0.5,0.5227,0.7,Hierarchical-Collective
0.93,0.0,0.5227,0.7,Hierarchical-Collective
0.59,1.0,0.6591,0.69,Hierarchical-Individual
0.65,1.0,0.1136,0.74,Hierarchical-Collective
0.65,1.0,0.1136,0.74,Hierarchical-Collective
0.54,1.0,0.4318,0.72,Hierarchical-Collective
0.65,1.0,0.4318,0.62,Hierarchical-Individual
0.72,0.5,0.4318,0.66,Hierarchical-Individual
0.73,1.0,0.4318,0.98,Hierarchical-Collective
0.54,0.5,0.4318,0.72,Hierarchical-Collective
0.65,0.5,0.4318,0.62,Hierarchical-Individual
0.72,0.0,0.4318,0.66,Hierarchical-Individual
0.73,0.5,0.4318,0.98,Hierarchical-Collective
0.54,1.0,0.4318,0.72,Hierarchical-Collective
0.65,1.0,0.4318,0.62,Hierarchical-Individual
0.72,0.5,0.4318,0.66,Hierarchical-Individual
0.73,1.0,0.4318,0.98,Hierarchical-Collective
0.54,1.0,0.4318,0.83,Hierarchical-Individual
0.9,0.5,0.4318,0.72,Hierarchical-Collective
0.54,0.5,0.4318,0.83,Hierarchical-Individual
0.9,0.0,0.4318,0.72,Hierarchical-Collective
0.54,1.0,0.4318,0.83,Hierarchical-Individual
0.9,0.5,0.4318,0.72,Hierarchical-Collective
0.54,1.0,0.4318,0.83,Hierarchical-Individual
0.9,0.5,0.4318,0.72,Hierarchical-Collective
0.91,0.5,0.6136,0.63,Hierarchical-Collective
0.91,0.5,0.6136,0.63,Hierarchical-Collective
0.91,1.0,0.6136,0.63,Hierarchical-Collective
0.91,1.0,0.6136,0.63,Hierarchical-Collective
0.89,1.0,0.5,0.73,Distributed-Individual
0.77,1.0,0.5,0.79,Hierarchical-Individual
0.65,1.0,0.5,0.66,Hierarchical-Collective
0.89,1.0,0.5,0.73,Distributed-Individual
0.77,1.0,0.5,0.79,Hierarchical-Individual
0.65,1.0,0.5,0.66,Hierarchical-Collective
0.89,0.5,0.5,0.73,Distributed-Individual
0.77,0.5,0.5,0.79,Hierarchical-Individual
0.65,0.5,0.5,0.66,Hierarchical-Collective
0.89,1.0,0.5,0.73,Distributed-Individual
0.77,1.0,0.5,0.79,Hierarchical-Individual
0.65,1.0,0.5,0.66,Hierarchical-Collective
0.89,0.5,0.5,0.73,Distributed-Individual
0.77,0.5,0.5,0.79,Hierarchical-Individual
0.65,0.5,0.5,0.66,Hierarchical-Collective
0.89,1.0,0.5,0.73,Distributed-Individual
0.77,1.0,0.5,0.79,Hierarchical-Individual
0.65,1.0,0.5,0.66,Hierarchical-Collective
0.89,1.0,0.5,0.73,Distributed-Individual
0.77,1.0,0.5,0.79,Hierarchical-Individual
0.65,1.0,0.5,0.66,Hierarchical-Collective
0.87,0.5,0.5,0.5,Hierarchical-Individual
0.87,0.0,0.5,0.5,Hierarchical-Individual
0.87,0.5,0.5,0.5,Hierarchical-Individual
0.87,0.5,0.5,0.5,Hierarchical-Individual
0.87,0.0,0.5,0.5,Hierarchical-Individual
0.87,0.5,0.5,0.5,Hierarchical-Individual
0.57,1.0,0.4091,0.55,Hierarchical-Collective
0.99,1.0,0.4091,0.53,Hierarchical-Collective
0.51,0.5,0.4091,0.85,Distributed-Individual
0.57,1.0,0.4091,0.55,Hierarchical-Collective
0.99,1.0,0.4091,0.53,Hierarchical-Collective
0.51,0.5,0.4091,0.85,Distributed-Individual
0.57,0.5,0.4091,0.55,Hierarchical-Collective
0.99,0.5,0.4091,0.53,Hierarchical-Collective
0.51,0.0,0.4091,0.85,Distributed-Individual
0.57,0.5,0.4091,0.55,Hierarchical-Collective
0.99,0.5,0.4091,0.53,Hierarchical-Collective
0.51,0.0,0.4091,0.85,Distributed-Individual
0.57,1.0,0.4091,0.55,Hierarchical-Collective
0.99,1.0,0.4091,0.53,Hierarchical-Collective
0.51,0.5,0.4091,0.85,Distributed-Individual
0.81,0.0,0.3864,0.94,Distributed-Collective
0.75,0.0,0.3864,0.54,Hierarchical-Collective
0.81,0.5,0.3864,0.94,Distributed-Collective
0.75,0.5,0.3864,0.54,Hierarchical-Collective
0.81,0.5,0.3864,0.94,Distributed-Collective
0.75,0.5,0.3864,0.54,Hierarchical-Collective
0.81,0.5,0.3864,0.94,Distributed-Collective
0.75,0.5,0.3864,0.54,Hierarchical-Collective
0.61,1.0,0.5,0.59,Distributed-Individual
0.97,1.0,0.5,0.73,Distributed-Individual
0.57,0.5,0.5,0.51,Distributed-Individual
0.61,0.5,0.5,0.59,Distributed-Individual
0.97,0.5,0.5,0.73,Distributed-Individual
0.57,0.0,0.5,0.51,Distributed-Individual
0.61,1.0,0.5,0.59,Distributed-Individual
0.97,1.0,0.5,0.73,Distributed-Individual
0.57,0.5,0.5,0.51,Distributed-Individual
0.61,1.0,0.5,0.59,Distributed-Individual
0.97,1.0,0.5,0.73,Distributed-Individual
0.57,0.5,0.5,0.51,Distributed-Individual
0.9,0.5,0.5682,0.55,Hierarchical-Individual
0.9,1.0,0.5682,0.55,Hierarchical-Individual
0.98,0.0,0.6136,0.58,Hierarchical-Collective
0.61,0.0,0.6136,0.84,Hierarchical-Collective
0.44,0.5,0.6136,0.54,Hierarchical-Individual
0.98,0.5,0.6136,0.58,Hierarchical-Collective
0.61,0.5,0.6136,0.84,Hierarchical-Collective
0.44,1.0,0.6136,0.54,Hierarchical-Individual
0.98,0.5,0.6136,0.58,Hierarchical-Collective
0.61,0.5,0.6136,0.84,Hierarchical-Collective
0.44,1.0,0.6136,0.54,Hierarchical-Individual
0.98,0.0,0.6136,0.58,Hierarchical-Collective
0.61,0.0,0.6136,0.84,Hierarchical-Collective
0.44,0.5,0.6136,0.54,Hierarchical-Individual
0.78,1.0,0.4091,0.63,Hierarchical-Individual
0.78,1.0,0.4091,0.92,Distributed-Individual
0.91,1.0,0.4091,0.77,Distributed-Collective
0.78,1.0,0.4091,0.63,Hierarchical-Individual
0.78,1.0,0.4091,0.92,Distributed-Individual
0.91,1.0,0.4091,0.77,Distributed-Collective
0.78,0.5,0.4091,0.63,Hierarchical-Individual
0.78,0.5,0.4091,0.92,Distributed-Individual
0.91,0.5,0.4091,0.77,Distributed-Collective
0.78,1.0,0.4091,0.63,Hierarchical-Individual
0.78,1.0,0.4091,0.92,Distributed-Individual
0.91,1.0,0.4091,0.77,Distributed-Collective
0.69,0.5,0.1818,0.68,Hierarchical-Individual
0.9,0.5,0.1818,0.9,Distributed-Individual
0.91,0.5,0.1818,0.85,Hierarchical-Individual
0.69,1.0,0.1818,0.68,Hierarchical-Individual
0.9,1.0,0.1818,0.9,Distributed-Individual
0.91,1.0,0.1818,0.85,Hierarchical-Individual
0.65,0.0,0.3182,0.95,Hierarchical-Collective
0.65,0.0,0.3182,0.95,Hierarchical-Collective
0.65,0.0,0.3182,0.95,Hierarchical-Collective
0.65,0.5,0.3182,0.95,Hierarchical-Collective
0.65,0.5,0.3182,0.95,Hierarchical-Collective
0.95,0.5,0.2045,0.95,Distributed-Collective
0.82,0.5,0.2045,0.66,Hierarchical-Collective
0.95,1.0,0.2045,0.95,Distributed-Collective
0.82,1.0,0.2045,0.66,Hierarchical-Collective
0.95,0.5,0.2045,0.95,Distributed-Collective
0.82,0.5,0.2045,0.66,Hierarchical-Collective
0.48,1.0,0.5682,0.95,Hierarchical-Collective
0.94,0.5,0.5682,0.61,Distributed-Collective
0.44,1.0,0.5682,0.92,Hierarchical-Individual
0.55,1.0,0.5682,0.69,Hierarchical-Individual
0.48,0.5,0.5682,0.95,Hierarchical-Collective
0.94,0.0,0.5682,0.61,Distributed-Collective
0.44,0.5,0.5682,0.92,Hierarchical-Individual
0.55,0.5,0.5682,0.69,Hierarchical-Individual
0.48,1.0,0.5682,0.95,Hierarchical-Collective
0.94,0.5,0.5682,0.61,Distributed-Collective
0.44,1.0,0.5682,0.92,Hierarchical-Individual
0.55,1.0,0.5682,0.69,Hierarchical-Individual
0.48,1.0,0.5682,0.95,Hierarchical-Collective
0.94,0.5,0.5682,0.61,Distributed-Collective
0.44,1.0,0.5682,0.92,Hierarchical-Individual
0.55,1.0,0.5682,0.69,Hierarchical-Individual
0.48,1.0,0.5682,0.95,Hierarchical-Collective
0.94,0.5,0.5682,0.61,Distributed-Collective
0.44,1.0,0.5682,0.92,Hierarchical-Individual
0.55,1.0,0.5682,0.69,Hierarchical-Individual
0.48,0.5,0.5682,0.95,Hierarchical-Collective
0.94,0.0,0.5682,0.61,Distributed-Collective
0.44,0.5,0.5682,0.92,Hierarchical-Individual
0.55,0.5,0.5682,0.69,Hierarchical-Individual
0.48,0.5,0.5682,0.95,Hierarchical-Collective
0.94,0.0,0.5682,0.61,Distributed-Collective
0.44,0.5,0.5682,0.92,Hierarchical-Individual
0.55,0.5,0.5682,0.69,Hierarchical-Individual
0.4,0.5,0.1591,0.76,Distributed-Individual
0.82,1.0,0.5682,0.95,Distributed-Individual
0.82,1.0,0.5682,0.95,Distributed-Individual
0.82,0.5,0.5682,0.95,Distributed-Individual
0.98,0.5,0.4091,0.79,Distributed-Collective
0.82,0.5,0.4091,0.6,Hierarchical-Individual
0.46,0.5,0.4091,0.71,Hierarchical-Collective
0.47,0.0,0.4091,0.98,Distributed-Collective
0.98,1.0,0.4091,0.79,Distributed-Collective
0.82,1.0,0.4091,0.6,Hierarchical-Individual
0.46,1.0,0.4091,0.71,Hierarchical-Collective
0.47,0.5,0.4091,0.98,Distributed-Collective
0.98,1.0,0.4091,0.79,Distributed-Collective
0.82,1.0,0.4091,0.6,Hierarchical-Individual
0.46,1.0,0.4091,0.71,Hierarchical-Collective
0.47,0.5,0.4091,0.98,Distributed-Collective
0.98,0.5,0.4091,0.79,Distributed-Collective
0.82,0.5,0.4091,0.6,Hierarchical-Individual
0.46,0.5,0.4091,0.71,Hierarchical-Collective
0.47,0.0,0.4091,0.98,Distributed-Collective
0.98,1.0,0.4091,0.79,Distributed-Collective
0.82,1.0,0.4091,0.6,Hierarchical-Individual
0.46,1.0,0.4091,0.71,Hierarchical-Collective
0.47,0.5,0.4091,0.98,Distributed-Collective
0.81,0.5,0.5455,0.85,Distributed-Collective
0.81,1.0,0.5455,0.85,Distributed-Collective
0.81,1.0,0.5455,0.85,Distributed-Collective
0.81,1.0,0.5455,0.85,Distributed-Collective
0.81,0.5,0.5455,0.85,Distributed-Collective
0.67,1.0,0.7727,0.78,Hierarchical-Individual
0.95,1.0,0.7727,0.65,Hierarchical-Individual
0.54,0.5,0.3864,0.88,Distributed-Collective
0.51,0.0,0.3864,0.94,Distributed-Individual
0.54,1.0,0.3864,0.88,Distributed-Collective
0.51,0.5,0.3864,0.94,Distributed-Individual
0.54,1.0,0.3864,0.88,Distributed-Collective
0.51,0.5,0.3864,0.94,Distributed-Individual
0.54,1.0,0.3864,0.88,Distributed-Collective
0.51,0.5,0.3864,0.94,Distributed-Individual
0.54,1.0,0.3864,0.88,Distributed-Collective
0.51,0.5,0.3864,0.94,Distributed-Individual
0.54,0.5,0.3864,0.88,Distributed-Collective
0.51,0.0,0.3864,0.94,Distributed-Individual
0.64,0.5,0.3409,0.54,Hierarchical-Collective
0.64,0.0,0.3409,0.54,Hierarchical-Collective
0.64,0.5,0.3409,0.54,Hierarchical-Collective
0.64,0.5,0.3409,0.54,Hierarchical-Collective
0.64,0.0,0.3409,0.54,Hierarchical-Collective
0.64,0.5,0.3409,0.54,Hierarchical-Collective
0.64,0.5,0.3409,0.54,Hierarchical-Collective
0.64,0.0,0.3409,0.54,Hierarchical-Collective
0.64,0.0,0.3409,0.54,Hierarchical-Collective
0.71,1.0,0.5682,0.6,Hierarchical-Individual
0.51,1.0,0.5682,0.51,Distributed-Collective
0.71,1.0,0.5682,0.6,Hierarchical-Individual
0.51,1.0,0.5682,0.51,Distributed-Collective
0.71,0.5,0.5682,0.6,Hierarchical-Individual
0.51,0.5,0.5682,0.51,Distributed-Collective
0.81,1.0,0.5227,0.67,Hierarchical-Collective
0.74,1.0,0.5227,0.9,Hierarchical-Individual
0.97,1.0,0.5227,0.85,Hierarchical-Individual
0.55,0.5,0.5227,0.88,Distributed-Collective
0.81,0.5,0.5227,0.67,Hierarchical-Collective
0.74,0.5,0.5227,0.9,Hierarchical-Individual
0.97,0.5,0.5227,0.85,Hierarchical-Individual
0.55,0.0,0.5227,0.88,Distributed-Collective
0.81,1.0,0.5227,0.67,Hierarchical-Collective
0.74,1.0,0.5227,0.9,Hierarchical-Individual
0.97,1.0,0.5227,0.85,Hierarchical-Individual
0.55,0.5,0.5227,0.88,Distributed-Collective
0.81,0.5,0.5227,0.67,Hierarchical-Collective
0.74,0.5,0.5227,0.9,Hierarchical-Individual
0.97,0.5,0.5227,0.85,Hierarchical-Individual
0.55,0.0,0.5227,0.88,Distributed-Collective
0.96,0.5,0.5909,0.5,Hierarchical-Collective
0.84,0.5,0.5909,0.94,Hierarchical-Collective
0.62,1.0,0.5909,0.92,Hierarchical-Collective
0.73,1.0,0.3864,0.57,Distributed-Individual
0.74,0.5,0.3864,0.65,Distributed-Collective
0.44,0.5,0.3864,0.55,Distributed-Collective
0.73,0.5,0.3864,0.57,Distributed-Individual
0.74,0.0,0.3864,0.65,Distributed-Collective
0.44,0.0,0.3864,0.55,Distributed-Collective
0.73,1.0,0.3864,0.57,Distributed-Individual
0.74,0.5,0.3864,0.65,Distributed-Collective
0.44,0.5,0.3864,0.55,Distributed-Collective
0.43,0.5,0.3182,0.78,Hierarchical-Individual
0.91,0.5,0.3182,0.83,Distributed-Collective
0.69,0.5,0.3182,0.96,Hierarchical-Individual
0.43,0.0,0.3182,0.78,Hierarchical-Individual
0.91,0.0,0.3182,0.83,Distributed-Collective
0.69,0.0,0.3182,0.96,Hierarchical-Individual
0.43,0.5,0.3182,0.78,Hierarchical-Individual
0.91,0.5,0.3182,0.83,Distributed-Collective
0.69,0.5,0.3182,0.96,Hierarchical-Individual
0.43,0.5,0.3182,0.78,Hierarchical-Individual
0.91,0.5,0.3182,0.83,Distributed-Collective
0.69,0.5,0.3182,0.96,Hierarchical-Individual
0.43,0.5,0.3182,0.78,Hierarchical-Individual
0.91,0.5,0.3182,0.83,Distributed-Collective
0.69,0.5,0.3182,0.96,Hierarchical-Individual
0.43,0.0,0.3182,0.78,Hierarchical-Individual
0.91,0.0,0.3182,0.83,Distributed-Collective
0.69,0.0,0.3182,0.96,Hierarchical-Individual
0.43,0.5,0.3182,0.78,Hierarchical-Individual
0.91,0.5,0.3182,0.83,Distributed-Collective
0.69,0.5,0.3182,0.96,Hierarchical-Individual
0.43,0.5,0.3182,0.78,Hierarchical-Individual
0.91,0.5,0.3182,0.83,Distributed-Collective
0.69,0.5,0.3182,0.96,Hierarchical-Individual
0.45,0.5,0.3864,0.79,Hierarchical-Individual
0.83,0.5,0.3864,0.74,Distributed-Collective
0.45,1.0,0.3864,0.79,Hierarchical-Individual
0.83,1.0,0.3864,0.74,Distributed-Collective
0.45,1.0,0.3864,0.79,Hierarchical-Individual
0.83,1.0,0.3864,0.74,Distributed-Collective
0.45,0.5,0.3864,0.79,Hierarchical-Individual
0.83,0.5,0.3864,0.74,Distributed-Collective
0.45,0.5,0.3864,0.79,Hierarchical-Individual
0.83,0.5,0.3864,0.74,Distributed-Collective
0.45,1.0,0.3864,0.79,Hierarchical-Individual
0.83,1.0,0.3864,0.74,Distributed-Collective
0.81,1.0,0.3182,0.51,Hierarchical-Collective
0.98,0.5,0.3182,0.81,Distributed-Individual
0.84,0.5,0.3182,0.62,Distributed-Individual
0.81,1.0,0.3182,0.51,Hierarchical-Collective
0.98,0.5,0.3182,0.81,Distributed-Individual
0.84,0.5,0.3182,0.62,Distributed-Individual
0.81,1.0,0.3182,0.51,Hierarchical-Collective
0.98,0.5,0.3182,0.81,Distributed-Individual
0.84,0.5,0.3182,0.62,Distributed-Individual
0.81,1.0,0.3182,0.51,Hierarchical-Collective
0.98,0.5,0.3182,0.81,Distributed-Individual
0.84,0.5,0.3182,0.62,Distributed-Individual
0.7,0.5,0.5682,0.71,Hierarchical-Collective
0.44,1.0,0.5682,0.65,Hierarchical-Individual
0.76,1.0,0.5682,0.53,Distributed-Individual
0.49,1.0,0.5682,0.75,Distributed-Collective
0.43,1.0,0.5682,0.51,Distributed-Collective
0.72,1.0,0.5682,0.57,Distributed-Individual
0.7,0.5,0.5682,0.71,Hierarchical-Collective
0.44,1.0,0.5682,0.65,Hierarchical-Individual
0.76,1.0,0.5682,0.53,Distributed-Individual
0.49,1.0,0.5682,0.75,Distributed-Collective
0.43,1.0,0.5682,0.51,Distributed-Collective
0.72,1.0,0.5682,0.57,Distributed-Individual
0.7,0.5,0.5682,0.71,Hierarchical-Collective
0.44,1.0,0.5682,0.65,Hierarchical-Individual
0.76,1.0,0.5682,0.53,Distributed-Individual
0.49,1.0,0.5682,0.75,Distributed-Collective
0.43,1.0,0.5682,0.51,Distributed-Collective
0.72,1.0,0.5682,0.57,Distributed-Individual
0.7,0.0,0.5682,0.71,Hierarchical-Collective
0.44,0.5,0.5682,0.65,Hierarchical-Individual
0.76,0.5,0.5682,0.53,Distributed-Individual
0.49,0.5,0.5682,0.75,Distributed-Collective
0.43,0.5,0.5682,0.51,Distributed-Collective
0.72,0.5,0.5682,0.57,Distributed-Individual
0.73,1.0,0.6364,0.82,Distributed-Individual
0.42,0.5,0.6364,0.67,Hierarchical-Collective
0.52,1.0,0.6364,0.94,Hierarchical-Individual
0.69,0.5,0.6364,0.83,Distributed-Individual
0.73,1.0,0.6364,0.82,Distributed-Individual
0.42,0.5,0.6364,0.67,Hierarchical-Collective
0.52,1.0,0.6364,0.94,Hierarchical-Individual
0.69,0.5,0.6364,0.83,Distributed-Individual
0.52,0.5,0.7045,0.64,Distributed-Collective
0.96,0.5,0.7045,0.58,Distributed-Collective
0.9,0.5,0.7045,0.89,Hierarchical-Collective
0.69,0.0,0.7045,0.63,Distributed-Individual
0.47,0.5,0.2955,0.99,Distributed-Collective
0.85,1.0,0.2955,0.71,Distributed-Individual
0.77,1.0,0.2955,0.52,Hierarchical-Individual
0.58,0.5,0.2955,0.83,Hierarchical-Collective
0.96,0.5,0.2955,0.76,Distributed-Individual
0.58,1.0,0.2955,0.92,Distributed-Individual
0.71,1.0,0.2955,0.73,Distributed-Individual
0.47,0.0,0.2955,0.99,Distributed-Collective
0.85,0.5,0.2955,0.71,Distributed-Individual
0.77,0.5,0.2955,0.52,Hierarchical-Individual
0.58,0.0,0.2955,0.83,Hierarchical-Collective
0.96,0.0,0.2955,0.76,Distributed-Individual
0.58,0.5,0.2955,0.92,Distributed-Individual
0.71,0.5,0.2955,0.73,Distributed-Individual
0.47,0.5,0.2955,0.99,Distributed-Collective
0.85,1.0,0.2955,0.71,Distributed-Individual
0.77,1.0,0.2955,0.52,Hierarchical-Individual
0.58,0.5,0.2955,0.83,Hierarchical-Collective
0.96,0.5,0.2955,0.76,Distributed-Individual
0.58,1.0,0.2955,0.92,Distributed-Individual
0.71,1.0,0.2955,0.73,Distributed-Individual
0.47,0.5,0.2955,0.99,Distributed-Collective
0.85,1.0,0.2955,0.71,Distributed-Individual
0.77,1.0,0.2955,0.52,Hierarchical-Individual
0.58,0.5,0.2955,0.83,Hierarchical-Collective
0.96,0.5,0.2955,0.76,Distributed-Individual
0.58,1.0,0.2955,0.92,Distributed-Individual
0.71,1.0,0.2955,0.73,Distributed-Individual
0.47,0.0,0.2955,0.99,Distributed-Collective
0.85,0.5,0.2955,0.71,Distributed-Individual
0.77,0.5,0.2955,0.52,Hierarchical-Individual
0.58,0.0,0.2955,0.83,Hierarchical-Collective
0.96,0.0,0.2955,0.76,Distributed-Individual
0.58,0.5,0.2955,0.92,Distributed-Individual
0.71,0.5,0.2955,0.73,Distributed-Individual
0.77,0.5,0.6591,0.65,Hierarchical-Individual
0.66,0.0,0.6591,0.62,Hierarchical-Individual
0.75,0.5,0.6591,0.86,Distributed-Collective
0.77,0.5,0.6591,0.65,Hierarchical-Individual
0.66,0.0,0.6591,0.62,Hierarchical-Individual
0.75,0.5,0.6591,0.86,Distributed-Collective
0.77,1.0,0.6591,0.65,Hierarchical-Individual
0.66,0.5,0.6591,0.62,Hierarchical-Individual
0.75,1.0,0.6591,0.86,Distributed-Collective
0.77,1.0,0.6591,0.65,Hierarchical-Individual
0.66,0.5,0.6591,0.62,Hierarchical-Individual
0.75,1.0,0.6591,0.86,Distributed-Collective
0.83,0.5,0.5455,0.95,Distributed-Collective
0.79,0.0,0.5455,0.7,Distributed-Individual
0.42,0.0,0.5455,0.52,Hierarchical-Collective
0.48,0.0,0.5455,0.56,Distributed-Individual
0.9,0.5,0.5455,0.68,Hierarchical-Collective
0.85,0.0,0.5455,0.98,Distributed-Individual
0.67,0.0,0.5455,0.62,Hierarchical-Individual
0.83,0.5,0.5455,0.95,Distributed-Collective
0.79,0.0,0.5455,0.7,Distributed-Individual
0.42,0.0,0.5455,0.52,Hierarchical-Collective
0.48,0.0,0.5455,0.56,Distributed-Individual
0.9,0.5,0.5455,0.68,Hierarchical-Collective
0.85,0.0,0.5455,0.98,Distributed-Individual
0.67,0.0,0.5455,0.62,Hierarchical-Individual
0.83,1.0,0.5455,0.95,Distributed-Collective
0.79,0.5,0.5455,0.7,Distributed-Individual
0.42,0.5,0.5455,0.52,Hierarchical-Collective
0.48,0.5,0.5455,0.56,Distributed-Individual
0.9,1.0,0.5455,0.68,Hierarchical-Collective
0.85,0.5,0.5455,0.98,Distributed-Individual
0.67,0.5,0.5455,0.62,Hierarchical-Individual
0.63,1.0,0.4545,0.64,Distributed-Collective
0.88,0.5,0.4545,0.8,Distributed-Collective
0.63,1.0,0.4545,0.64,Distributed-Collective
0.88,0.5,0.4545,0.8,Distributed-Collective
0.63,0.5,0.4545,0.64,Distributed-Collective
0.88,0.0,0.4545,0.8,Distributed-Collective
0.63,0.5,0.4545,0.64,Distributed-Collective
0.88,0.0,0.4545,0.8,Distributed-Collective
0.51,0.5,0.5,0.58,Hierarchical-Individual
0.58,0.5,0.5,0.73,Distributed-Collective
0.68,0.5,0.5,0.51,Hierarchical-Collective
0.88,1.0,0.5,0.72,Distributed-Individual
0.51,0.0,0.5,0.58,Hierarchical-Individual
0.58,0.0,0.5,0.73,Distributed-Collective
0.68,0.0,0.5,0.51,Hierarchical-Collective
0.88,0.5,0.5,0.72,Distributed-Individual
0.51,0.5,0.5,0.58,Hierarchical-Individual
0.58,0.5,0.5,0.73,Distributed-Collective
0.68,0.5,0.5,0.51,Hierarchical-Collective
0.88,1.0,0.5,0.72,Distributed-Individual
0.51,0.5,0.5,0.58,Hierarchical-Individual
0.58,0.5,0.5,0.73,Distributed-Collective
0.68,0.5,0.5,0.51,Hierarchical-Collective
0.88,1.0,0.5,0.72,Distributed-Individual
0.51,0.0,0.5,0.58,Hierarchical-Individual
0.58,0.0,0.5,0.73,Distributed-Collective
0.68,0.0,0.5,0.51,Hierarchical-Collective
0.88,0.5,0.5,0.72,Distributed-Individual
0.51,0.0,0.5,0.58,Hierarchical-Individual
0.58,0.0,0.5,0.73,Distributed-Collective
0.68,0.0,0.5,0.51,Hierarchical-Collective
0.88,0.5,0.5,0.72,Distributed-Individual
0.99,1.0,0.2955,0.98,Hierarchical-Individual
0.82,0.5,0.2955,0.66,Hierarchical-Individual
0.99,0.5,0.2955,0.98,Hierarchical-Individual
0.82,0.0,0.2955,0.66,Hierarchical-Individual
0.99,1.0,0.2955,0.98,Hierarchical-Individual
0.82,0.5,0.2955,0.66,Hierarchical-Individual
0.99,1.0,0.2955,0.98,Hierarchical-Individual
0.82,0.5,0.2955,0.66,Hierarchical-Individual
0.99,0.5,0.2955,0.98,Hierarchical-Individual
0.82,0.0,0.2955,0.66,Hierarchical-Individual
0.99,1.0,0.2955,0.98,Hierarchical-Individual
0.82,0.5,0.2955,0.66,Hierarchical-Individual
0.99,0.5,0.2955,0.98,Hierarchical-Individual
0.82,0.0,0.2955,0.66,Hierarchical-Individual
0.99,1.0,0.2955,0.98,Hierarchical-Individual
0.82,0.5,0.2955,0.66,Hierarchical-Individual
0.76,0.5,0.7955,0.6,Distributed-Collective
0.77,0.5,0.7955,0.59,Hierarchical-Collective
0.61,0.5,0.7955,0.66,Hierarchical-Individual
0.54,1.0,0.7955,0.73,Hierarchical-Individual
0.97,1.0,0.7955,0.96,Distributed-Individual
0.65,1.0,0.7955,0.73,Distributed-Individual
0.73,1.0,0.7955,0.82,Hierarchical-Individual
0.59,1.0,0.4773,0.89,Distributed-Collective
0.9,1.0,0.4773,0.69,Distributed-Collective
0.68,1.0,0.4773,0.91,Hierarchical-Collective
0.59,0.5,0.4773,0.89,Distributed-Collective
0.9,0.5,0.4773,0.69,Distributed-Collective
0.68,0.5,0.4773,0.91,Hierarchical-Collective
0.59,0.5,0.4773,0.89,Distributed-Collective
0.9,0.5,0.4773,0.69,Distributed-Collective
0.68,0.5,0.4773,0.91,Hierarchical-Collective
0.59,1.0,0.4773,0.89,Distributed-Collective
0.9,1.0,0.4773,0.69,Distributed-Collective
0.68,1.0,0.4773,0.91,Hierarchical-Collective
0.59,1.0,0.4773,0.89,Distributed-Collective
0.9,1.0,0.4773,0.69,Distributed-Collective
0.68,1.0,0.4773,0.91,Hierarchical-Collective
0.59,1.0,0.4773,0.89,Distributed-Collective
0.9,1.0,0.4773,0.69,Distributed-Collective
0.68,1.0,0.4773,0.91,Hierarchical-Collective
0.59,0.5,0.4773,0.89,Distributed-Collective
0.9,0.5,0.4773,0.69,Distributed-Collective
0.68,0.5,0.4773,0.91,Hierarchical-Collective
0.59,1.0,0.4773,0.89,Distributed-Collective
0.9,1.0,0.4773,0.69,Distributed-Collective
0.68,1.0,0.4773,0.91,Hierarchical-Collective
0.59,1.0,0.4773,0.89,Distributed-Collective
0.9,1.0,0.4773,0.69,Distributed-Collective
0.68,1.0,0.4773,0.91,Hierarchical-Collective
0.59,1.0,0.4773,0.89,Distributed-Collective
0.9,1.0,0.4773,0.69,Distributed-Collective
0.68,1.0,0.4773,0.91,Hierarchical-Collective
0.59,1.0,0.4773,0.89,Distributed-Collective
0.9,1.0,0.4773,0.69,Distributed-Collective
0.68,1.0,0.4773,0.91,Hierarchical-Collective
0.8,0.0,0.5455,0.98,Hierarchical-Collective
0.8,0.5,0.5455,0.98,Hierarchical-Collective
0.55,1.0,0.5227,0.68,Hierarchical-Individual
0.64,1.0,0.5227,0.53,Hierarchical-Collective
0.79,1.0,0.5227,0.77,Distributed-Individual
0.55,0.5,0.5227,0.68,Hierarchical-Individual
0.64,0.5,0.5227,0.53,Hierarchical-Collective
0.79,0.5,0.5227,0.77,Distributed-Individual
0.55,1.0,0.5227,0.68,Hierarchical-Individual
0.64,1.0,0.5227,0.53,Hierarchical-Collective
0.79,1.0,0.5227,0.77,Distributed-Individual
0.55,1.0,0.5227,0.68,Hierarchical-Individual
0.64,1.0,0.5227,0.53,Hierarchical-Collective
0.79,1.0,0.5227,0.77,Distributed-Individual
0.55,0.5,0.5227,0.68,Hierarchical-Individual
0.64,0.5,0.5227,0.53,Hierarchical-Collective
0.79,0.5,0.5227,0.77,Distributed-Individual
0.55,1.0,0.5227,0.68,Hierarchical-Individual
0.64,1.0,0.5227,0.53,Hierarchical-Collective
0.79,1.0,0.5227,0.77,Distributed-Individual
0.55,0.5,0.5227,0.68,Hierarchical-Individual
0.64,0.5,0.5227,0.53,Hierarchical-Collective
0.79,0.5,0.5227,0.77,Distributed-Individual
0.55,0.5,0.5227,0.68,Hierarchical-Individual
0.64,0.5,0.5227,0.53,Hierarchical-Collective
0.79,0.5,0.5227,0.77,Distributed-Individual
0.43,0.5,0.3409,0.87,Hierarchical-Individual
0.43,0.5,0.3409,0.87,Hierarchical-Individual
0.43,1.0,0.3409,0.87,Hierarchical-Individual
0.43,0.5,0.3409,0.87,Hierarchical-Individual
0.43,0.5,0.3409,0.87,Hierarchical-Individual
0.43,0.5,0.3409,0.87,Hierarchical-Individual
0.94,1.0,0.5227,0.72,Hierarchical-Collective
0.82,1.0,0.5227,0.89,Hierarchical-Individual
0.94,1.0,0.5227,0.72,Hierarchical-Collective
0.82,1.0,0.5227,0.89,Hierarchical-Individual
0.94,1.0,0.5227,0.72,Hierarchical-Collective
0.82,1.0,0.5227,0.89,Hierarchical-Individual
0.94,0.5,0.5227,0.72,Hierarchical-Collective
0.82,0.5,0.5227,0.89,Hierarchical-Individual
0.94,1.0,0.5227,0.72,Hierarchical-Collective
0.82,1.0,0.5227,0.89,Hierarchical-Individual
0.94,1.0,0.5227,0.72,Hierarchical-Collective
0.82,1.0,0.5227,0.89,Hierarchical-Individual
0.94,1.0,0.5227,0.72,Hierarchical-Collective
0.82,1.0,0.5227,0.89,Hierarchical-Individual
0.91,0.5,0.7045,0.91,Distributed-Individual
0.91,1.0,0.7045,0.91,Distributed-Individual
0.51,0.0,0.6364,0.5,Hierarchical-Individual
0.63,0.0,0.6364,0.51,Hierarchical-Collective
0.51,0.5,0.6364,0.5,Hierarchical-Individual
0.63,0.5,0.6364,0.51,Hierarchical-Collective
0.51,0.0,0.6364,0.5,Hierarchical-Individual
0.63,0.0,0.6364,0.51,Hierarchical-Collective
0.89,0.5,0.6818,0.59,Distributed-Collective
0.64,0.5,0.6818,0.87,Distributed-Individual
0.89,0.0,0.6818,0.54,Distributed-Individual
0.8,0.5,0.6818,0.62,Distributed-Individual
0.7,0.5,0.6818,0.5,Distributed-Collective
0.89,1.0,0.6818,0.59,Distributed-Collective
0.64,1.0,0.6818,0.87,Distributed-Individual
0.89,0.5,0.6818,0.54,Distributed-Individual
0.8,1.0,0.6818,0.62,Distributed-Individual
0.7,1.0,0.6818,0.5,Distributed-Collective
0.89,0.5,0.6818,0.59,Distributed-Collective
0.64,0.5,0.6818,0.87,Distributed-Individual
0.89,0.0,0.6818,0.54,Distributed-Individual
0.8,0.5,0.6818,0.62,Distributed-Individual
0.7,0.5,0.6818,0.5,Distributed-Collective
0.43,0.5,0.3864,0.95,Distributed-Individual
0.42,0.5,0.3864,0.72,Distributed-Collective
0.54,0.0,0.3864,0.76,Hierarchical-Individual
0.79,0.0,0.3864,0.73,Hierarchical-Collective
0.43,1.0,0.3864,0.95,Distributed-Individual
0.42,1.0,0.3864,0.72,Distributed-Collective
0.54,0.5,0.3864,0.76,Hierarchical-Individual
0.79,0.5,0.3864,0.73,Hierarchical-Collective
0.62,1.0,0.3182,0.93,Hierarchical-Individual
0.96,1.0,0.3182,0.51,Hierarchical-Individual
0.91,0.5,0.4318,0.52,Hierarchical-Individual
0.91,0.5,0.4318,0.52,Hierarchical-Individual
0.91,0.5,0.4318,0.52,Hierarchical-Individual
0.91,1.0,0.4318,0.52,Hierarchical-Individual
0.79,0.5,0.4545,0.56,Distributed-Individual
0.64,0.5,0.4545,0.81,Distributed-Individual
0.83,1.0,0.4545,0.61,Hierarchical-Collective
0.79,0.0,0.4545,0.56,Distributed-Individual
0.64,0.0,0.4545,0.81,Distributed-Individual
0.83,0.5,0.4545,0.61,Hierarchical-Collective
0.79,0.5,0.4545,0.56,Distributed-Individual
0.64,0.5,0.4545,0.81,Distributed-Individual
0.83,1.0,0.4545,0.61,Hierarchical-Collective
0.79,0.5,0.4545,0.56,Distributed-Individual
0.64,0.5,0.4545,0.81,Distributed-Individual
0.83,1.0,0.4545,0.61,Hierarchical-Collective
0.79,0.5,0.4545,0.56,Distributed-Individual
0.64,0.5,0.4545,0.81,Distributed-Individual
0.83,1.0,0.4545,0.61,Hierarchical-Collective
0.79,0.0,0.4545,0.56,Distributed-Individual
0.64,0.0,0.4545,0.81,Distributed-Individual
0.83,0.5,0.4545,0.61,Hierarchical-Collective
0.79,0.5,0.4545,0.56,Distributed-Individual
0.64,0.5,0.4545,0.81,Distributed-Individual
0.83,1.0,0.4545,0.61,Hierarchical-Collective
0.79,0.5,0.4545,0.56,Distributed-Individual
0.64,0.5,0.4545,0.81,Distributed-Individual
0.83,1.0,0.4545,0.61,Hierarchical-Collective
0.47,0.5,0.6136,0.93,Distributed-Individual
0.66,0.5,0.6136,0.87,Hierarchical-Collective
0.47,0.5,0.6136,0.93,Distributed-Individual
0.66,0.5,0.6136,0.87,Hierarchical-Collective
0.59,0.5,0.2273,0.99,Hierarchical-Collective
0.97,1.0,0.2273,0.76,Distributed-Individual
0.59,0.0,0.2273,0.99,Hierarchical-Collective
0.97,0.5,0.2273,0.76,Distributed-Individual
0.4,0.5,0.4318,0.7,Hierarchical-Collective
0.4,0.5,0.4318,0.7,Hierarchical-Collective
0.4,0.0,0.4318,0.7,Hierarchical-Collective
0.4,0.0,0.4318,0.7,Hierarchical-Collective
0.4,0.5,0.4318,0.7,Hierarchical-Collective
0.4,0.5,0.4318,0.7,Hierarchical-Collective
0.4,0.5,0.4318,0.7,Hierarchical-Collective
0.4,0.0,0.4318,0.7,Hierarchical-Collective
0.4,0.5,0.4318,0.7,Hierarchical-Collective
0.4,0.5,0.4318,0.7,Hierarchical-Collective
0.75,0.5,0.3864,0.94,Distributed-Collective
0.75,0.5,0.3864,0.94,Distributed-Collective
0.75,0.5,0.3864,0.94,Distributed-Collective
0.75,0.5,0.3864,0.94,Distributed-Collective
0.75,0.0,0.3864,0.94,Distributed-Collective
0.75,0.0,0.3864,0.94,Distributed-Collective
0.75,0.5,0.3864,0.94,Distributed-Collective
0.44,1.0,0.3182,0.68,Distributed-Individual
0.42,0.5,0.3182,0.54,Hierarchical-Individual
0.79,1.0,0.3182,0.64,Hierarchical-Individual
0.44,0.5,0.3182,0.68,Distributed-Individual
0.42,0.0,0.3182,0.54,Hierarchical-Individual
0.79,0.5,0.3182,0.64,Hierarchical-Individual
0.44,1.0,0.3182,0.68,Distributed-Individual
0.42,0.5,0.3182,0.54,Hierarchical-Individual
0.79,1.0,0.3182,0.64,Hierarchical-Individual
0.44,1.0,0.3182,0.68,Distributed-Individual
0.42,0.5,0.3182,0.54,Hierarchical-Individual
0.79,1.0,0.3182,0.64,Hierarchical-Individual
0.44,1.0,0.3182,0.68,Distributed-Individual
0.42,0.5,0.3182,0.54,Hierarchical-Individual
0.79,1.0,0.3182,0.64,Hierarchical-Individual
0.44,1.0,0.3182,0.68,Distributed-Individual
0.42,0.5,0.3182,0.54,Hierarchical-Individual
0.79,1.0,0.3182,0.64,Hierarchical-Individual
0.44,0.5,0.3182,0.68,Distributed-Individual
0.42,0.0,0.3182,0.54,Hierarchical-Individual
0.79,0.5,0.3182,0.64,Hierarchical-Individual
0.4,0.0,0.2273,0.61,Distributed-Collective
0.42,0.5,0.2273,0.56,Distributed-Individual
0.98,0.5,0.2273,0.8,Hierarchical-Collective
0.4,0.0,0.2273,0.61,Distributed-Collective
0.42,0.5,0.2273,0.56,Distributed-Individual
0.98,0.5,0.2273,0.8,Hierarchical-Collective
0.41,1.0,0.5682,0.9,Hierarchical-Collective
0.81,1.0,0.2727,0.77,Distributed-Collective
0.65,1.0,0.2727,0.65,Hierarchical-Individual
0.81,1.0,0.2727,0.77,Distributed-Collective
0.65,1.0,0.2727,0.65,Hierarchical-Individual
0.81,0.5,0.4091,0.89,Distributed-Collective
0.81,1.0,0.4091,0.89,Distributed-Collective
0.81,1.0,0.4091,0.89,Distributed-Collective
0.81,0.5,0.4091,0.89,Distributed-Collective
0.81,1.0,0.4091,0.89,Distributed-Collective
0.81,0.5,0.4091,0.89,Distributed-Collective
0.69,0.5,0.6818,0.84,Distributed-Individual
0.5,0.0,0.6818,0.62,Distributed-Individual
0.98,0.0,0.6818,0.6,Distributed-Collective
0.81,0.5,0.6818,0.94,Distributed-Collective
0.57,0.0,0.6818,0.73,Distributed-Individual
0.69,1.0,0.6818,0.84,Distributed-Individual
0.5,0.5,0.6818,0.62,Distributed-Individual
0.98,0.5,0.6818,0.6,Distributed-Collective
0.81,1.0,0.6818,0.94,Distributed-Collective
0.57,0.5,0.6818,0.73,Distributed-Individual
0.69,1.0,0.6818,0.84,Distributed-Individual
0.5,0.5,0.6818,0.62,Distributed-Individual
0.98,0.5,0.6818,0.6,Distributed-Collective
0.81,1.0,0.6818,0.94,Distributed-Collective
0.57,0.5,0.6818,0.73,Distributed-Individual
0.69,1.0,0.6818,0.84,Distributed-Individual
0.5,0.5,0.6818,0.62,Distributed-Individual
0.98,0.5,0.6818,0.6,Distributed-Collective
0.81,1.0,0.6818,0.94,Distributed-Collective
0.57,0.5,0.6818,0.73,Distributed-Individual
0.93,1.0,0.25,0.81,Distributed-Collective
0.89,1.0,0.25,0.51,Distributed-Individual
0.93,0.5,0.25,0.81,Distributed-Collective
0.89,0.5,0.25,0.51,Distributed-Individual
0.56,0.5,0.4318,0.87,Distributed-Individual
0.56,0.5,0.4318,0.87,Distributed-Individual
0.56,1.0,0.4318,0.87,Distributed-Individual
0.56,1.0,0.4318,0.87,Distributed-Individual
0.5,0.0,0.4545,0.84,Hierarchical-Individual
0.5,0.5,0.4545,0.84,Hierarchical-Individual
0.5,0.5,0.4545,0.84,Hierarchical-Individual
0.5,0.5,0.4545,0.84,Hierarchical-Individual
0.47,0.5,0.4318,0.78,Hierarchical-Individual
0.8,0.5,0.4318,0.95,Distributed-Collective
0.47,0.0,0.4318,0.95,Hierarchical-Collective
0.87,0.5,0.4318,0.54,Hierarchical-Individual
0.47,1.0,0.4318,0.78,Hierarchical-Individual
0.8,1.0,0.4318,0.95,Distributed-Collective
0.47,0.5,0.4318,0.95,Hierarchical-Collective
0.87,1.0,0.4318,0.54,Hierarchical-Individual
0.47,1.0,0.4318,0.78,Hierarchical-Individual
0.8,1.0,0.4318,0.95,Distributed-Collective
0.47,0.5,0.4318,0.95,Hierarchical-Collective
0.87,1.0,0.4318,0.54,Hierarchical-Individual
0.47,1.0,0.4318,0.78,Hierarchical-Individual
0.8,1.0,0.4318,0.95,Distributed-Collective
0.47,0.5,0.4318,0.95,Hierarchical-Collective
0.87,1.0,0.4318,0.54,Hierarchical-Individual
0.47,1.0,0.4318,0.78,Hierarchical-Individual
0.8,1.0,0.4318,0.95,Distributed-Collective
0.47,0.5,0.4318,0.95,Hierarchical-Collective
0.87,1.0,0.4318,0.54,Hierarchical-Individual
0.47,0.5,0.4318,0.78,Hierarchical-Individual
0.8,0.5,0.4318,0.95,Distributed-Collective
0.47,0.0,0.4318,0.95,Hierarchical-Collective
0.87,0.5,0.4318,0.54,Hierarchical-Individual
0.47,1.0,0.4318,0.78,Hierarchical-Individual
0.8,1.0,0.4318,0.95,Distributed-Collective
0.47,0.5,0.4318,0.95,Hierarchical-Collective
0.87,1.0,0.4318,0.54,Hierarchical-Individual
0.47,1.0,0.4318,0.78,Hierarchical-Individual
0.8,1.0,0.4318,0.95,Distributed-Collective
0.47,0.5,0.4318,0.95,Hierarchical-Collective
0.87,1.0,0.4318,0.54,Hierarchical-Individual
0.45,0.5,0.6136,0.63,Hierarchical-Collective
0.82,0.5,0.6136,0.66,Distributed-Collective
0.68,1.0,0.4091,0.9,Distributed-Individual
0.77,1.0,0.4091,0.68,Distributed-Collective
0.68,0.5,0.4091,0.9,Distributed-Individual
0.77,0.5,0.4091,0.68,Distributed-Collective
0.68,1.0,0.4091,0.9,Distributed-Individual
0.77,1.0,0.4091,0.68,Distributed-Collective
0.68,1.0,0.4091,0.9,Distributed-Individual
0.77,1.0,0.4091,0.68,Distributed-Collective
0.68,0.5,0.4091,0.9,Distributed-Individual
0.77,0.5,0.4091,0.68,Distributed-Collective
0.4,0.5,0.7955,0.85,Hierarchical-Individual
0.5,0.5,0.7955,0.89,Distributed-Individual
0.91,0.5,0.4545,0.79,Hierarchical-Individual
0.55,0.5,0.4545,0.59,Distributed-Collective
0.62,0.5,0.4545,0.58,Hierarchical-Collective
0.91,0.5,0.4545,0.79,Hierarchical-Individual
0.55,0.5,0.4545,0.59,Distributed-Collective
0.62,0.5,0.4545,0.58,Hierarchical-Collective
0.91,0.0,0.4545,0.79,Hierarchical-Individual
0.55,0.0,0.4545,0.59,Distributed-Collective
0.62,0.0,0.4545,0.58,Hierarchical-Collective
0.91,0.0,0.4545,0.79,Hierarchical-Individual
0.55,0.0,0.4545,0.59,Distributed-Collective
0.62,0.0,0.4545,0.58,Hierarchical-Collective
0.67,0.0,0.4545,0.56,Hierarchical-Collective
0.78,0.5,0.4545,0.89,Distributed-Individual
0.78,0.5,0.4545,0.57,Distributed-Individual
0.67,0.5,0.4545,0.56,Hierarchical-Collective
0.78,1.0,0.4545,0.89,Distributed-Individual
0.78,1.0,0.4545,0.57,Distributed-Individual
0.67,0.5,0.4545,0.56,Hierarchical-Collective
0.78,1.0,0.4545,0.89,Distributed-Individual
0.78,1.0,0.4545,0.57,Distributed-Individual
0.67,0.5,0.4545,0.56,Hierarchical-Collective
0.78,1.0,0.4545,0.89,Distributed-Individual
0.78,1.0,0.4545,0.57,Distributed-Individual
0.67,0.5,0.4545,0.56,Hierarchical-Collective
0.78,1.0,0.4545,0.89,Distributed-Individual
0.78,1.0,0.4545,0.57,Distributed-Individual
0.67,0.5,0.4545,0.56,Hierarchical-Collective
0.78,1.0,0.4545,0.89,Distributed-Individual
0.78,1.0,0.4545,0.57,Distributed-Individual
0.67,0.5,0.4545,0.56,Hierarchical-Collective
0.78,1.0,0.4545,0.89,Distributed-Individual
0.78,1.0,0.4545,0.57,Distributed-Individual
0.67,0.0,0.4545,0.56,Hierarchical-Collective
0.78,0.5,0.4545,0.89,Distributed-Individual
0.78,0.5,0.4545,0.57,Distributed-Individual
0.79,0.5,0.4773,0.83,Hierarchical-Individual
0.82,0.0,0.4773,0.78,Hierarchical-Collective
0.79,0.5,0.4773,0.83,Hierarchical-Individual
0.82,0.0,0.4773,0.78,Hierarchical-Collective
0.79,0.5,0.4773,0.83,Hierarchical-Individual
0.82,0.0,0.4773,0.78,Hierarchical-Collective
0.79,1.0,0.4773,0.83,Hierarchical-Individual
0.82,0.5,0.4773,0.78,Hierarchical-Collective
0.79,1.0,0.4773,0.83,Hierarchical-Individual
0.82,0.5,0.4773,0.78,Hierarchical-Collective
0.79,1.0,0.4773,0.83,Hierarchical-Individual
0.82,0.5,0.4773,0.78,Hierarchical-Collective
0.79,1.0,0.4773,0.83,Hierarchical-Individual
0.82,0.5,0.4773,0.78,Hierarchical-Collective
0.79,1.0,0.4773,0.83,Hierarchical-Individual
0.82,0.5,0.4773,0.78,Hierarchical-Collective
0.79,1.0,0.4773,0.83,Hierarchical-Individual
0.82,0.5,0.4773,0.78,Hierarchical-Collective
1.0,0.5,0.4318,0.67,Hierarchical-Individual
0.7,0.5,0.4318,0.99,Hierarchical-Collective
1.0,1.0,0.4318,0.67,Hierarchical-Individual
0.7,1.0,0.4318,0.99,Hierarchical-Collective
1.0,1.0,0.4318,0.67,Hierarchical-Individual
0.7,1.0,0.4318,0.99,Hierarchical-Collective
1.0,1.0,0.4318,0.67,Hierarchical-Individual
0.7,1.0,0.4318,0.99,Hierarchical-Collective
1.0,1.0,0.4318,0.67,Hierarchical-Individual
0.7,1.0,0.4318,0.99,Hierarchical-Collective
1.0,1.0,0.4318,0.67,Hierarchical-Individual
0.7,1.0,0.4318,0.99,Hierarchical-Collective
0.82,1.0,0.3864,0.52,Distributed-Individual
0.8,1.0,0.3864,0.53,Distributed-Individual
0.78,1.0,0.3864,0.58,Hierarchical-Individual
0.86,1.0,0.3864,0.61,Hierarchical-Collective
0.82,0.5,0.3864,0.52,Distributed-Individual
0.8,0.5,0.3864,0.53,Distributed-Individual
0.78,0.5,0.3864,0.58,Hierarchical-Individual
0.86,0.5,0.3864,0.61,Hierarchical-Collective
0.82,0.5,0.3864,0.52,Distributed-Individual
0.8,0.5,0.3864,0.53,Distributed-Individual
0.78,0.5,0.3864,0.58,Hierarchical-Individual
0.86,0.5,0.3864,0.61,Hierarchical-Collective
0.61,0.5,0.3864,0.71,Distributed-Collective
0.64,0.5,0.3864,0.56,Distributed-Individual
0.46,0.0,0.3864,0.65,Hierarchical-Collective
0.61,0.5,0.3864,0.71,Distributed-Collective
0.64,0.5,0.3864,0.56,Distributed-Individual
0.46,0.0,0.3864,0.65,Hierarchical-Collective
0.61,0.5,0.3864,0.71,Distributed-Collective
0.64,0.5,0.3864,0.56,Distributed-Individual
0.46,0.0,0.3864,0.65,Hierarchical-Collective
0.61,1.0,0.3864,0.71,Distributed-Collective
0.64,1.0,0.3864,0.56,Distributed-Individual
0.46,0.5,0.3864,0.65,Hierarchical-Collective
0.61,1.0,0.3864,0.71,Distributed-Collective
0.64,1.0,0.3864,0.56,Distributed-Individual
0.46,0.5,0.3864,0.65,Hierarchical-Collective
0.61,1.0,0.3864,0.71,Distributed-Collective
0.64,1.0,0.3864,0.56,Distributed-Individual
0.46,0.5,0.3864,0.65,Hierarchical-Collective
0.61,0.5,0.3864,0.71,Distributed-Collective
0.64,0.5,0.3864,0.56,Distributed-Individual
0.46,0.0,0.3864,0.65,Hierarchical-Collective
0.61,1.0,0.3864,0.71,Distributed-Collective
0.64,1.0,0.3864,0.56,Distributed-Individual
0.46,0.5,0.3864,0.65,Hierarchical-Collective
0.61,1.0,0.3864,0.71,Distributed-Collective
0.64,1.0,0.3864,0.56,Distributed-Individual
0.46,0.5,0.3864,0.65,Hierarchical-Collective
0.46,0.5,0.3636,0.75,Hierarchical-Individual
0.95,0.5,0.3636,0.61,Distributed-Collective
0.46,1.0,0.3636,0.75,Hierarchical-Individual
0.95,1.0,0.3636,0.61,Distributed-Collective
0.46,1.0,0.3636,0.75,Hierarchical-Individual
0.95,1.0,0.3636,0.61,Distributed-Collective
0.46,1.0,0.3636,0.75,Hierarchical-Individual
0.95,1.0,0.3636,0.61,Distributed-Collective
0.46,1.0,0.3636,0.75,Hierarchical-Individual
0.95,1.0,0.3636,0.61,Distributed-Collective
0.55,0.5,0.6136,0.87,Hierarchical-Individual
0.76,0.0,0.6136,0.9,Hierarchical-Collective
0.43,0.5,0.6136,0.51,Hierarchical-Collective
0.55,1.0,0.6136,0.87,Hierarchical-Individual
0.76,0.5,0.6136,0.9,Hierarchical-Collective
0.43,1.0,0.6136,0.51,Hierarchical-Collective
0.55,1.0,0.6136,0.87,Hierarchical-Individual
0.76,0.5,0.6136,0.9,Hierarchical-Collective
0.43,1.0,0.6136,0.51,Hierarchical-Collective
0.55,1.0,0.6136,0.87,Hierarchical-Individual
0.76,0.5,0.6136,0.9,Hierarchical-Collective
0.43,1.0,0.6136,0.51,Hierarchical-Collective
0.55,0.5,0.6136,0.87,Hierarchical-Individual
0.76,0.0,0.6136,0.9,Hierarchical-Collective
0.43,0.5,0.6136,0.51,Hierarchical-Collective
0.55,1.0,0.6136,0.87,Hierarchical-Individual
0.76,0.5,0.6136,0.9,Hierarchical-Collective
0.43,1.0,0.6136,0.51,Hierarchical-Collective
0.97,1.0,0.6136,0.69,Hierarchical-Individual
0.5,1.0,0.6136,0.61,Hierarchical-Collective
1.0,0.5,0.6136,0.79,Distributed-Collective
0.88,0.0,0.1818,0.81,Hierarchical-Collective
0.44,0.0,0.1818,0.73,Distributed-Collective
0.56,0.5,0.4091,0.65,Hierarchical-Collective
0.72,0.5,0.4091,0.87,Hierarchical-Collective
0.92,1.0,0.4091,0.85,Distributed-Collective
0.71,0.5,0.4091,0.63,Hierarchical-Individual
0.56,0.0,0.4091,0.65,Hierarchical-Collective
0.72,0.0,0.4091,0.87,Hierarchical-Collective
0.92,0.5,0.4091,0.85,Distributed-Collective
0.71,0.0,0.4091,0.63,Hierarchical-Individual
0.56,0.5,0.4091,0.65,Hierarchical-Collective
0.72,0.5,0.4091,0.87,Hierarchical-Collective
0.92,1.0,0.4091,0.85,Distributed-Collective
0.71,0.5,0.4091,0.63,Hierarchical-Individual
0.56,0.0,0.4091,0.65,Hierarchical-Collective
0.72,0.0,0.4091,0.87,Hierarchical-Collective
0.92,0.5,0.4091,0.85,Distributed-Collective
0.71,0.0,0.4091,0.63,Hierarchical-Individual
0.56,0.0,0.4091,0.65,Hierarchical-Collective
0.72,0.0,0.4091,0.87,Hierarchical-Collective
0.92,0.5,0.4091,0.85,Distributed-Collective
0.71,0.0,0.4091,0.63,Hierarchical-Individual
0.56,0.5,0.4091,0.65,Hierarchical-Collective
0.72,0.5,0.4091,0.87,Hierarchical-Collective
0.92,1.0,0.4091,0.85,Distributed-Collective
0.71,0.5,0.4091,0.63,Hierarchical-Individual
0.56,0.5,0.4091,0.65,Hierarchical-Collective
0.72,0.5,0.4091,0.87,Hierarchical-Collective
0.92,1.0,0.4091,0.85,Distributed-Collective
0.71,0.5,0.4091,0.63,Hierarchical-Individual
0.56,0.0,0.4091,0.65,Hierarchical-Collective
0.72,0.0,0.4091,0.87,Hierarchical-Collective
0.92,0.5,0.4091,0.85,Distributed-Collective
0.71,0.0,0.4091,0.63,Hierarchical-Individual
0.56,0.5,0.4091,0.65,Hierarchical-Collective
0.72,0.5,0.4091,0.87,Hierarchical-Collective
0.92,1.0,0.4091,0.85,Distributed-Collective
0.71,0.5,0.4091,0.63,Hierarchical-Individual
0.56,0.0,0.4091,0.65,Hierarchical-Collective
0.72,0.0,0.4091,0.87,Hierarchical-Collective
0.92,0.5,0.4091,0.85,Distributed-Collective
0.71,0.0,0.4091,0.63,Hierarchical-Individual
0.56,0.0,0.4091,0.65,Hierarchical-Collective
0.72,0.0,0.4091,0.87,Hierarchical-Collective
0.92,0.5,0.4091,0.85,Distributed-Collective
0.71,0.0,0.4091,0.63,Hierarchical-Individual
0.56,0.0,0.4091,0.65,Hierarchical-Collective
0.72,0.0,0.4091,0.87,Hierarchical-Collective
0.92,0.5,0.4091,0.85,Distributed-Collective
0.71,0.0,0.4091,0.63,Hierarchical-Individual
0.97,0.5,0.4091,0.83,Hierarchical-Collective
0.52,0.5,0.4091,0.62,Distributed-Collective
0.98,0.5,0.4091,0.87,Distributed-Collective
0.93,0.5,0.4091,0.55,Hierarchical-Collective
0.97,0.5,0.4091,0.83,Hierarchical-Collective
0.52,0.5,0.4091,0.62,Distributed-Collective
0.98,0.5,0.4091,0.87,Distributed-Collective
0.93,0.5,0.4091,0.55,Hierarchical-Collective
0.97,0.5,0.4091,0.83,Hierarchical-Collective
0.52,0.5,0.4091,0.62,Distributed-Collective
0.98,0.5,0.4091,0.87,Distributed-Collective
0.93,0.5,0.4091,0.55,Hierarchical-Collective
0.97,1.0,0.4091,0.83,Hierarchical-Collective
0.52,1.0,0.4091,0.62,Distributed-Collective
0.98,1.0,0.4091,0.87,Distributed-Collective
0.93,1.0,0.4091,0.55,Hierarchical-Collective
0.97,0.5,0.4091,0.83,Hierarchical-Collective
0.52,0.5,0.4091,0.62,Distributed-Collective
0.98,0.5,0.4091,0.87,Distributed-Collective
0.93,0.5,0.4091,0.55,Hierarchical-Collective
0.86,0.5,0.2727,0.97,Distributed-Individual
0.66,0.0,0.2727,0.9,Distributed-Individual
0.86,0.5,0.2727,0.97,Distributed-Individual
0.66,0.0,0.2727,0.9,Distributed-Individual
0.86,0.5,0.2727,0.97,Distributed-Individual
0.66,0.0,0.2727,0.9,Distributed-Individual
0.86,1.0,0.2727,0.97,Distributed-Individual
0.66,0.5,0.2727,0.9,Distributed-Individual
0.45,0.0,0.3409,0.92,Hierarchical-Individual
0.81,0.5,0.3409,0.93,Distributed-Individual
0.8,0.5,0.3409,0.76,Hierarchical-Collective
0.45,0.5,0.3409,0.92,Hierarchical-Individual
0.81,1.0,0.3409,0.93,Distributed-Individual
0.8,1.0,0.3409,0.76,Hierarchical-Collective
0.45,0.5,0.3409,0.92,Hierarchical-Individual
0.81,1.0,0.3409,0.93,Distributed-Individual
0.8,1.0,0.3409,0.76,Hierarchical-Collective
0.45,0.5,0.3409,0.92,Hierarchical-Individual
0.81,1.0,0.3409,0.93,Distributed-Individual
0.8,1.0,0.3409,0.76,Hierarchical-Collective
0.52,0.5,0.2955,0.65,Hierarchical-Individual
0.75,0.5,0.2955,0.87,Hierarchical-Individual
0.86,0.5,0.2955,0.55,Hierarchical-Individual
0.52,0.5,0.2955,0.65,Hierarchical-Individual
0.75,0.5,0.2955,0.87,Hierarchical-Individual
0.86,0.5,0.2955,0.55,Hierarchical-Individual
0.52,1.0,0.2955,0.65,Hierarchical-Individual
0.75,1.0,0.2955,0.87,Hierarchical-Individual
0.86,1.0,0.2955,0.55,Hierarchical-Individual
0.52,1.0,0.2955,0.65,Hierarchical-Individual
0.75,1.0,0.2955,0.87,Hierarchical-Individual
0.86,1.0,0.2955,0.55,Hierarchical-Individual
0.8,1.0,0.7045,0.91,Hierarchical-Individual
0.8,1.0,0.7045,0.91,Hierarchical-Individual
0.64,1.0,0.6364,0.7,Hierarchical-Individual
0.64,1.0,0.6364,0.7,Hierarchical-Individual
0.64,1.0,0.6364,0.7,Hierarchical-Individual
0.81,0.5,0.2955,0.94,Distributed-Individual
0.81,0.5,0.2955,0.94,Distributed-Individual
0.59,0.5,0.5227,0.56,Distributed-Collective
0.83,1.0,0.5227,0.89,Hierarchical-Individual
0.59,0.5,0.5227,0.56,Distributed-Collective
0.83,1.0,0.5227,0.89,Hierarchical-Individual
0.59,0.5,0.5227,0.56,Distributed-Collective
0.83,1.0,0.5227,0.89,Hierarchical-Individual
0.59,0.0,0.5227,0.56,Distributed-Collective
0.83,0.5,0.5227,0.89,Hierarchical-Individual
0.59,0.0,0.5227,0.56,Distributed-Collective
0.83,0.5,0.5227,0.89,Hierarchical-Individual
0.9,1.0,0.5455,0.66,Distributed-Collective
0.62,0.5,0.5455,0.98,Hierarchical-Individual
0.9,1.0,0.5455,0.66,Distributed-Collective
0.62,0.5,0.5455,0.98,Hierarchical-Individual
0.9,1.0,0.5455,0.66,Distributed-Collective
0.62,0.5,0.5455,0.98,Hierarchical-Individual
0.9,0.5,0.5455,0.66,Distributed-Collective
0.62,0.0,0.5455,0.98,Hierarchical-Individual
0.9,1.0,0.5455,0.66,Distributed-Collective
0.62,0.5,0.5455,0.98,Hierarchical-Individual
0.93,0.0,0.5227,0.61,Hierarchical-Collective
0.71,0.5,0.5227,0.88,Hierarchical-Collective
0.99,0.0,0.5227,0.82,Distributed-Individual
0.69,0.0,0.5227,0.77,Distributed-Individual
0.93,0.5,0.5227,0.61,Hierarchical-Collective
0.71,1.0,0.5227,0.88,Hierarchical-Collective
0.99,0.5,0.5227,0.82,Distributed-Individual
0.69,0.5,0.5227,0.77,Distributed-Individual
0.93,0.0,0.5227,0.61,Hierarchical-Collective
0.71,0.5,0.5227,0.88,Hierarchical-Collective
0.99,0.0,0.5227,0.82,Distributed-Individual
0.69,0.0,0.5227,0.77,Distributed-Individual
0.93,0.0,0.5227,0.61,Hierarchical-Collective
0.71,0.5,0.5227,0.88,Hierarchical-Collective
0.99,0.0,0.5227,0.82,Distributed-Individual
0.69,0.0,0.5227,0.77,Distributed-Individual
0.93,0.0,0.5227,0.61,Hierarchical-Collective
0.71,0.5,0.5227,0.88,Hierarchical-Collective
0.99,0.0,0.5227,0.82,Distributed-Individual
0.69,0.0,0.5227,0.77,Distributed-Individual
0.93,0.5,0.5227,0.61,Hierarchical-Collective
0.71,1.0,0.5227,0.88,Hierarchical-Collective
0.99,0.5,0.5227,0.82,Distributed-Individual
0.69,0.5,0.5227,0.77,Distributed-Individual
0.57,0.5,0.6136,0.85,Hierarchical-Individual
0.57,1.0,0.6136,0.85,Hierarchical-Individual
0.44,0.5,0.5455,0.54,Hierarchical-Individual
0.69,1.0,0.5455,0.67,Hierarchical-Individual
0.44,0.5,0.5455,0.54,Hierarchical-Individual
0.69,1.0,0.5455,0.67,Hierarchical-Individual
0.85,0.5,0.5,0.91,Distributed-Collective
0.49,1.0,0.5,0.88,Hierarchical-Collective
0.85,0.0,0.5,0.91,Distributed-Collective
0.49,0.5,0.5,0.88,Hierarchical-Collective
0.85,0.5,0.5,0.91,Distributed-Collective
0.49,1.0,0.5,0.88,Hierarchical-Collective
0.85,0.5,0.5,0.91,Distributed-Collective
0.49,1.0,0.5,0.88,Hierarchical-Collective
0.85,0.5,0.5,0.91,Distributed-Collective
0.49,1.0,0.5,0.88,Hierarchical-Collective
0.85,0.5,0.5,0.91,Distributed-Collective
0.49,1.0,0.5,0.88,Hierarchical-Collective
0.84,0.5,0.2727,0.55,Hierarchical-Collective
0.49,1.0,0.2727,0.56,Distributed-Collective
0.99,1.0,0.2727,0.83,Distributed-Collective
0.84,0.0,0.2727,0.55,Hierarchical-Collective
0.49,0.5,0.2727,0.56,Distributed-Collective
0.99,0.5,0.2727,0.83,Distributed-Collective
0.84,0.5,0.2727,0.55,Hierarchical-Collective
0.49,1.0,0.2727,0.56,Distributed-Collective
0.99,1.0,0.2727,0.83,Distributed-Collective
0.92,1.0,0.5909,0.84,Hierarchical-Individual
0.81,0.5,0.5909,0.82,Distributed-Collective
0.93,0.5,0.5909,0.9,Distributed-Individual
0.92,0.5,0.5909,0.84,Hierarchical-Individual
0.81,0.0,0.5909,0.82,Distributed-Collective
0.93,0.0,0.5909,0.9,Distributed-Individual
0.92,1.0,0.5909,0.84,Hierarchical-Individual
0.81,0.5,0.5909,0.82,Distributed-Collective
0.93,0.5,0.5909,0.9,Distributed-Individual
0.92,0.5,0.5909,0.84,Hierarchical-Individual
0.81,0.0,0.5909,0.82,Distributed-Collective
0.93,0.0,0.5909,0.9,Distributed-Individual
0.49,0.5,0.4318,0.91,Distributed-Collective
0.66,0.5,0.4318,0.98,Hierarchical-Collective
0.49,0.0,0.4318,0.91,Distributed-Collective
0.66,0.0,0.4318,0.98,Hierarchical-Collective
0.49,0.5,0.4318,0.91,Distributed-Collective
0.66,0.5,0.4318,0.98,Hierarchical-Collective
0.49,0.5,0.4318,0.91,Distributed-Collective
0.66,0.5,0.4318,0.98,Hierarchical-Collective
0.49,0.0,0.4318,0.91,Distributed-Collective
0.66,0.0,0.4318,0.98,Hierarchical-Collective
0.49,0.5,0.4318,0.91,Distributed-Collective
0.66,0.5,0.4318,0.98,Hierarchical-Collective
0.48,0.0,0.3864,0.58,Distributed-Individual
0.92,0.5,0.3864,0.77,Distributed-Collective
0.63,0.5,0.3864,0.88,Distributed-Individual
0.48,0.5,0.3864,0.77,Hierarchical-Individual
0.48,0.5,0.3864,0.58,Distributed-Individual
0.92,1.0,0.3864,0.77,Distributed-Collective
0.63,1.0,0.3864,0.88,Distributed-Individual
0.48,1.0,0.3864,0.77,Hierarchical-Individual
0.48,0.5,0.3864,0.58,Distributed-Individual
0.92,1.0,0.3864,0.77,Distributed-Collective
0.63,1.0,0.3864,0.88,Distributed-Individual
0.48,1.0,0.3864,0.77,Hierarchical-Individual
0.41,1.0,0.5909,0.55,Distributed-Individual
0.41,0.5,0.5909,0.55,Distributed-Individual
0.41,1.0,0.5909,0.55,Distributed-Individual
0.72,0.0,0.3636,0.86,Hierarchical-Collective
0.72,0.0,0.3636,0.86,Hierarchical-Collective
0.72,0.5,0.3636,0.86,Hierarchical-Collective
0.72,0.5,0.3636,0.86,Hierarchical-Collective
0.72,0.0,0.3636,0.86,Hierarchical-Collective
0.68,0.0,0.2727,0.54,Hierarchical-Individual
0.88,0.0,0.2727,0.8,Distributed-Collective
0.69,0.5,0.2727,0.93,Distributed-Collective
0.47,0.5,0.2727,0.56,Hierarchical-Individual
0.57,0.5,0.2727,0.9,Distributed-Collective
0.68,0.5,0.2727,0.54,Hierarchical-Individual
0.88,0.5,0.2727,0.8,Distributed-Collective
0.69,1.0,0.2727,0.93,Distributed-Collective
0.47,1.0,0.2727,0.56,Hierarchical-Individual
0.57,1.0,0.2727,0.9,Distributed-Collective
0.68,0.5,0.2727,0.54,Hierarchical-Individual
0.88,0.5,0.2727,0.8,Distributed-Collective
0.69,1.0,0.2727,0.93,Distributed-Collective
0.47,1.0,0.2727,0.56,Hierarchical-Individual
0.57,1.0,0.2727,0.9,Distributed-Collective
0.68,0.5,0.2727,0.54,Hierarchical-Individual
0.88,0.5,0.2727,0.8,Distributed-Collective
0.69,1.0,0.2727,0.93,Distributed-Collective
0.47,1.0,0.2727,0.56,Hierarchical-Individual
0.57,1.0,0.2727,0.9,Distributed-Collective
0.68,0.0,0.2727,0.54,Hierarchical-Individual
0.88,0.0,0.2727,0.8,Distributed-Collective
0.69,0.5,0.2727,0.93,Distributed-Collective
0.47,0.5,0.2727,0.56,Hierarchical-Individual
0.57,0.5,0.2727,0.9,Distributed-Collective
0.68,0.5,0.2727,0.54,Hierarchical-Individual
0.88,0.5,0.2727,0.8,Distributed-Collective
0.69,1.0,0.2727,0.93,Distributed-Collective
0.47,1.0,0.2727,0.56,Hierarchical-Individual
0.57,1.0,0.2727,0.9,Distributed-Collective
0.68,0.5,0.2727,0.54,Hierarchical-Individual
0.88,0.5,0.2727,0.8,Distributed-Collective
0.69,1.0,0.2727,0.93,Distributed-Collective
0.47,1.0,0.2727,0.56,Hierarchical-Individual
0.57,1.0,0.2727,0.9,Distributed-Collective
0.57,0.0,0.6818,0.98,Hierarchical-Collective
0.57,0.5,0.6818,0.98,Hierarchical-Collective
0.57,0.0,0.6818,0.98,Hierarchical-Collective
0.57,0.5,0.6818,0.98,Hierarchical-Collective
0.96,0.5,0.4318,0.92,Distributed-Individual
0.88,0.5,0.4318,0.62,Hierarchical-Individual
0.46,1.0,0.4318,0.81,Distributed-Individual
0.85,0.5,0.4318,0.89,Hierarchical-Individual
0.96,0.5,0.4318,0.92,Distributed-Individual
0.88,0.5,0.4318,0.62,Hierarchical-Individual
0.46,1.0,0.4318,0.81,Distributed-Individual
0.85,0.5,0.4318,0.89,Hierarchical-Individual
0.96,0.5,0.4318,0.92,Distributed-Individual
0.88,0.5,0.4318,0.62,Hierarchical-Individual
0.46,1.0,0.4318,0.81,Distributed-Individual
0.85,0.5,0.4318,0.89,Hierarchical-Individual
0.96,0.5,0.4318,0.92,Distributed-Individual
0.88,0.5,0.4318,0.62,Hierarchical-Individual
0.46,1.0,0.4318,0.81,Distributed-Individual
0.85,0.5,0.4318,0.89,Hierarchical-Individual
0.96,0.0,0.4318,0.92,Distributed-Individual
0.88,0.0,0.4318,0.62,Hierarchical-Individual
0.46,0.5,0.4318,0.81,Distributed-Individual
0.85,0.0,0.4318,0.89,Hierarchical-Individual
0.96,0.5,0.4318,0.92,Distributed-Individual
0.88,0.5,0.4318,0.62,Hierarchical-Individual
0.46,1.0,0.4318,0.81,Distributed-Individual
0.85,0.5,0.4318,0.89,Hierarchical-Individual
0.79,1.0,0.4545,0.51,Distributed-Individual
0.95,0.5,0.4545,0.87,Hierarchical-Individual
0.79,1.0,0.4545,0.51,Distributed-Individual
0.95,0.5,0.4545,0.87,Hierarchical-Individual
0.79,1.0,0.4545,0.51,Distributed-Individual
0.95,0.5,0.4545,0.87,Hierarchical-Individual
0.79,0.5,0.4545,0.51,Distributed-Individual
0.95,0.0,0.4545,0.87,Hierarchical-Individual
0.92,1.0,0.4773,0.61,Distributed-Collective
0.71,1.0,0.4773,0.78,Hierarchical-Collective
0.92,1.0,0.4773,0.61,Distributed-Collective
0.71,1.0,0.4773,0.78,Hierarchical-Collective
0.92,1.0,0.4773,0.61,Distributed-Collective
0.71,1.0,0.4773,0.78,Hierarchical-Collective
0.92,1.0,0.4773,0.61,Distributed-Collective
0.71,1.0,0.4773,0.78,Hierarchical-Collective
0.92,1.0,0.4773,0.61,Distributed-Collective
0.71,1.0,0.4773,0.78,Hierarchical-Collective
0.92,1.0,0.4773,0.61,Distributed-Collective
0.71,1.0,0.4773,0.78,Hierarchical-Collective
0.72,0.0,0.4091,0.89,Hierarchical-Collective
0.79,0.0,0.4091,0.81,Hierarchical-Collective
0.64,0.0,0.4091,0.65,Hierarchical-Collective
0.72,0.5,0.4091,0.89,Hierarchical-Collective
0.79,0.5,0.4091,0.81,Hierarchical-Collective
0.64,0.5,0.4091,0.65,Hierarchical-Collective
0.72,0.5,0.4091,0.89,Hierarchical-Collective
0.79,0.5,0.4091,0.81,Hierarchical-Collective
0.64,0.5,0.4091,0.65,Hierarchical-Collective
0.72,0.5,0.4091,0.89,Hierarchical-Collective
0.79,0.5,0.4091,0.81,Hierarchical-Collective
0.64,0.5,0.4091,0.65,Hierarchical-Collective
0.68,1.0,0.4545,0.92,Distributed-Individual
0.57,1.0,0.4545,0.79,Distributed-Individual
0.99,1.0,0.4545,0.81,Hierarchical-Individual
0.41,1.0,0.4545,0.55,Hierarchical-Collective
0.68,1.0,0.4545,0.92,Distributed-Individual
0.57,1.0,0.4545,0.79,Distributed-Individual
0.99,1.0,0.4545,0.81,Hierarchical-Individual
0.41,1.0,0.4545,0.55,Hierarchical-Collective
0.68,1.0,0.4545,0.92,Distributed-Individual
0.57,1.0,0.4545,0.79,Distributed-Individual
0.99,1.0,0.4545,0.81,Hierarchical-Individual
0.41,1.0,0.4545,0.55,Hierarchical-Collective
0.68,1.0,0.4545,0.92,Distributed-Individual
0.57,1.0,0.4545,0.79,Distributed-Individual
0.99,1.0,0.4545,0.81,Hierarchical-Individual
0.41,1.0,0.4545,0.55,Hierarchical-Collective
0.68,1.0,0.4545,0.92,Distributed-Individual
0.57,1.0,0.4545,0.79,Distributed-Individual
0.99,1.0,0.4545,0.81,Hierarchical-Individual
0.41,1.0,0.4545,0.55,Hierarchical-Collective
0.68,1.0,0.4545,0.92,Distributed-Individual
0.57,1.0,0.4545,0.79,Distributed-Individual
0.99,1.0,0.4545,0.81,Hierarchical-Individual
0.41,1.0,0.4545,0.55,Hierarchical-Collective
0.68,1.0,0.4545,0.92,Distributed-Individual
0.57,1.0,0.4545,0.79,Distributed-Individual
0.99,1.0,0.4545,0.81,Hierarchical-Individual
0.41,1.0,0.4545,0.55,Hierarchical-Collective
0.68,1.0,0.4545,0.92,Distributed-Individual
0.57,1.0,0.4545,0.79,Distributed-Individual
0.99,1.0,0.4545,0.81,Hierarchical-Individual
0.41,1.0,0.4545,0.55,Hierarchical-Collective
0.68,0.5,0.4545,0.92,Distributed-Individual
0.57,0.5,0.4545,0.79,Distributed-Individual
0.99,0.5,0.4545,0.81,Hierarchical-Individual
0.41,0.5,0.4545,0.55,Hierarchical-Collective
0.68,0.5,0.4545,0.92,Distributed-Individual
0.57,0.5,0.4545,0.79,Distributed-Individual
0.99,0.5,0.4545,0.81,Hierarchical-Individual
0.41,0.5,0.4545,0.55,Hierarchical-Collective
0.81,0.5,0.2273,0.63,Hierarchical-Individual
0.81,0.5,0.2273,0.63,Hierarchical-Individual
0.81,0.0,0.2273,0.63,Hierarchical-Individual
0.66,0.0,0.2727,0.74,Hierarchical-Collective
0.41,0.0,0.2727,0.83,Hierarchical-Individual
0.66,0.5,0.2727,0.74,Hierarchical-Collective
0.41,0.5,0.2727,0.83,Hierarchical-Individual
0.66,0.0,0.2727,0.74,Hierarchical-Collective
0.41,0.0,0.2727,0.83,Hierarchical-Individual
0.55,1.0,0.5455,0.89,Distributed-Collective
0.55,0.5,0.5455,0.59,Distributed-Individual
0.98,1.0,0.5455,0.66,Hierarchical-Individual
0.64,1.0,0.5455,0.71,Distributed-Individual
0.55,1.0,0.5455,0.89,Distributed-Collective
0.55,0.5,0.5455,0.59,Distributed-Individual
0.98,1.0,0.5455,0.66,Hierarchical-Individual
0.64,1.0,0.5455,0.71,Distributed-Individual
0.55,1.0,0.5455,0.89,Distributed-Collective
0.55,0.5,0.5455,0.59,Distributed-Individual
0.98,1.0,0.5455,0.66,Hierarchical-Individual
0.64,1.0,0.5455,0.71,Distributed-Individual
0.9,0.5,0.4773,0.81,Distributed-Individual
0.87,0.0,0.4773,0.89,Distributed-Collective
0.9,1.0,0.4773,0.81,Distributed-Individual
0.87,0.5,0.4773,0.89,Distributed-Collective
0.9,1.0,0.4773,0.81,Distributed-Individual
0.87,0.5,0.4773,0.89,Distributed-Collective
0.9,0.5,0.4773,0.81,Distributed-Individual
0.87,0.0,0.4773,0.89,Distributed-Collective
0.9,0.5,0.4773,0.81,Distributed-Individual
0.87,0.0,0.4773,0.89,Distributed-Collective
0.9,0.5,0.4773,0.81,Distributed-Individual
0.87,0.0,0.4773,0.89,Distributed-Collective
0.9,1.0,0.4773,0.81,Distributed-Individual
0.87,0.5,0.4773,0.89,Distributed-Collective
0.77,0.5,0.4545,0.59,Distributed-Collective
0.98,1.0,0.4545,0.82,Distributed-Individual
0.62,1.0,0.4545,1.0,Hierarchical-Individual
0.77,0.0,0.4545,0.59,Distributed-Collective
0.98,0.5,0.4545,0.82,Distributed-Individual
0.62,0.5,0.4545,1.0,Hierarchical-Individual
0.77,0.0,0.4545,0.59,Distributed-Collective
0.98,0.5,0.4545,0.82,Distributed-Individual
0.62,0.5,0.4545,1.0,Hierarchical-Individual
0.77,0.5,0.4545,0.59,Distributed-Collective
0.98,1.0,0.4545,0.82,Distributed-Individual
0.62,1.0,0.4545,1.0,Hierarchical-Individual
0.77,0.0,0.4545,0.59,Distributed-Collective
0.98,0.5,0.4545,0.82,Distributed-Individual
0.62,0.5,0.4545,1.0,Hierarchical-Individual
0.77,0.0,0.4545,0.59,Distributed-Collective
0.98,0.5,0.4545,0.82,Distributed-Individual
0.62,0.5,0.4545,1.0,Hierarchical-Individual
0.77,0.5,0.4545,0.59,Distributed-Collective
0.98,1.0,0.4545,0.82,Distributed-Individual
0.62,1.0,0.4545,1.0,Hierarchical-Individual
0.77,0.5,0.4545,0.59,Distributed-Collective
0.98,1.0,0.4545,0.82,Distributed-Individual
0.62,1.0,0.4545,1.0,Hierarchical-Individual
0.98,0.0,0.3864,0.53,Hierarchical-Collective
0.84,0.5,0.3864,0.77,Distributed-Individual
0.95,0.5,0.3864,0.68,Hierarchical-Individual
0.99,0.5,0.3864,0.75,Hierarchical-Collective
0.98,0.5,0.3864,0.53,Hierarchical-Collective
0.84,1.0,0.3864,0.77,Distributed-Individual
0.95,1.0,0.3864,0.68,Hierarchical-Individual
0.99,1.0,0.3864,0.75,Hierarchical-Collective
0.98,0.0,0.3864,0.53,Hierarchical-Collective
0.84,0.5,0.3864,0.77,Distributed-Individual
0.95,0.5,0.3864,0.68,Hierarchical-Individual
0.99,0.5,0.3864,0.75,Hierarchical-Collective
0.98,0.0,0.3864,0.53,Hierarchical-Collective
0.84,0.5,0.3864,0.77,Distributed-Individual
0.95,0.5,0.3864,0.68,Hierarchical-Individual
0.99,0.5,0.3864,0.75,Hierarchical-Collective
0.98,0.0,0.3864,0.53,Hierarchical-Collective
0.84,0.5,0.3864,0.77,Distributed-Individual
0.95,0.5,0.3864,0.68,Hierarchical-Individual
0.99,0.5,0.3864,0.75,Hierarchical-Collective
0.98,0.5,0.3864,0.53,Hierarchical-Collective
0.84,1.0,0.3864,0.77,Distributed-Individual
0.95,1.0,0.3864,0.68,Hierarchical-Individual
0.99,1.0,0.3864,0.75,Hierarchical-Collective
0.98,0.5,0.3864,0.53,Hierarchical-Collective
0.84,1.0,0.3864,0.77,Distributed-Individual
0.95,1.0,0.3864,0.68,Hierarchical-Individual
0.99,1.0,0.3864,0.75,Hierarchical-Collective
0.98,0.0,0.3864,0.53,Hierarchical-Collective
0.84,0.5,0.3864,0.77,Distributed-Individual
0.95,0.5,0.3864,0.68,Hierarchical-Individual
0.99,0.5,0.3864,0.75,Hierarchical-Collective
0.98,0.0,0.3864,0.53,Hierarchical-Collective
0.84,0.5,0.3864,0.77,Distributed-Individual
0.95,0.5,0.3864,0.68,Hierarchical-Individual
0.99,0.5,0.3864,0.75,Hierarchical-Collective
0.69,0.0,0.3409,0.6,Hierarchical-Individual
0.69,0.0,0.3409,0.6,Hierarchical-Individual
0.69,0.5,0.3409,0.6,Hierarchical-Individual
0.69,0.0,0.3409,0.6,Hierarchical-Individual
0.69,0.5,0.3409,0.6,Hierarchical-Individual
0.55,0.5,0.4773,0.81,Hierarchical-Individual
0.55,0.5,0.4773,0.81,Hierarchical-Individual
0.55,1.0,0.4773,0.81,Hierarchical-Individual
0.55,1.0,0.4773,0.81,Hierarchical-Individual
0.55,1.0,0.4773,0.81,Hierarchical-Individual
0.68,0.5,0.3182,0.63,Hierarchical-Individual
0.68,0.5,0.3182,0.63,Hierarchical-Individual
0.68,0.5,0.3182,0.63,Hierarchical-Individual
0.68,0.5,0.3182,0.63,Hierarchical-Individual
0.68,0.0,0.3182,0.63,Hierarchical-Individual
0.68,0.5,0.3182,0.63,Hierarchical-Individual
0.48,0.5,0.5909,0.53,Distributed-Individual
0.4,0.5,0.5909,0.84,Distributed-Collective
0.73,0.0,0.5909,0.77,Distributed-Collective
0.48,1.0,0.5909,0.53,Distributed-Individual
0.4,1.0,0.5909,0.84,Distributed-Collective
0.73,0.5,0.5909,0.77,Distributed-Collective
0.65,1.0,0.5,0.6,Distributed-Collective
0.96,0.5,0.5,0.68,Distributed-Collective
0.47,0.5,0.5,0.65,Hierarchical-Collective
0.65,1.0,0.5,0.6,Distributed-Collective
0.96,0.5,0.5,0.68,Distributed-Collective
0.47,0.5,0.5,0.65,Hierarchical-Collective
0.65,1.0,0.5,0.6,Distributed-Collective
0.96,0.5,0.5,0.68,Distributed-Collective
0.47,0.5,0.5,0.65,Hierarchical-Collective
0.65,1.0,0.5,0.6,Distributed-Collective
0.96,0.5,0.5,0.68,Distributed-Collective
0.47,0.5,0.5,0.65,Hierarchical-Collective
0.65,1.0,0.5,0.6,Distributed-Collective
0.96,0.5,0.5,0.68,Distributed-Collective
0.47,0.5,0.5,0.65,Hierarchical-Collective
0.65,0.5,0.5,0.6,Distributed-Collective
0.96,0.0,0.5,0.68,Distributed-Collective
0.47,0.0,0.5,0.65,Hierarchical-Collective
0.65,1.0,0.5,0.6,Distributed-Collective
0.96,0.5,0.5,0.68,Distributed-Collective
0.47,0.5,0.5,0.65,Hierarchical-Collective
0.65,0.5,0.5,0.6,Distributed-Collective
0.96,0.0,0.5,0.68,Distributed-Collective
0.47,0.0,0.5,0.65,Hierarchical-Collective
0.75,0.5,0.5909,0.67,Distributed-Individual
0.53,0.5,0.5909,0.93,Hierarchical-Individual
0.75,0.5,0.5909,0.67,Distributed-Individual
0.53,0.5,0.5909,0.93,Hierarchical-Individual
0.75,0.5,0.5909,0.67,Distributed-Individual
0.53,0.5,0.5909,0.93,Hierarchical-Individual
0.75,0.5,0.5909,0.67,Distributed-Individual
0.53,0.5,0.5909,0.93,Hierarchical-Individual
0.61,0.5,0.6818,0.78,Hierarchical-Collective
0.76,0.5,0.6818,0.58,Distributed-Individual
0.49,0.5,0.6818,0.51,Hierarchical-Collective
0.61,0.5,0.6818,0.78,Hierarchical-Collective
0.76,0.5,0.6818,0.58,Distributed-Individual
0.49,0.5,0.6818,0.51,Hierarchical-Collective
0.78,1.0,0.5909,0.53,Hierarchical-Individual
0.73,0.5,0.5909,0.68,Distributed-Collective
0.86,0.5,0.5909,0.72,Distributed-Individual
0.91,1.0,0.5909,0.52,Distributed-Collective
0.78,1.0,0.5909,0.53,Hierarchical-Individual
0.73,0.5,0.5909,0.68,Distributed-Collective
0.86,0.5,0.5909,0.72,Distributed-Individual
0.91,1.0,0.5909,0.52,Distributed-Collective
0.78,1.0,0.5909,0.53,Hierarchical-Individual
0.73,0.5,0.5909,0.68,Distributed-Collective
0.86,0.5,0.5909,0.72,Distributed-Individual
0.91,1.0,0.5909,0.52,Distributed-Collective
0.78,1.0,0.5909,0.53,Hierarchical-Individual
0.73,0.5,0.5909,0.68,Distributed-Collective
0.86,0.5,0.5909,0.72,Distributed-Individual
0.91,1.0,0.5909,0.52,Distributed-Collective
0.78,0.5,0.5909,0.53,Hierarchical-Individual
0.73,0.0,0.5909,0.68,Distributed-Collective
0.86,0.0,0.5909,0.72,Distributed-Individual
0.91,0.5,0.5909,0.52,Distributed-Collective
0.78,1.0,0.5909,0.53,Hierarchical-Individual
0.73,0.5,0.5909,0.68,Distributed-Collective
0.86,0.5,0.5909,0.72,Distributed-Individual
0.91,1.0,0.5909,0.52,Distributed-Collective
0.5,0.5,0.3636,0.73,Distributed-Collective
0.5,0.0,0.3636,0.73,Distributed-Collective
0.5,0.5,0.3636,0.73,Distributed-Collective
0.5,0.5,0.3636,0.73,Distributed-Collective
0.5,0.0,0.3636,0.73,Distributed-Collective
0.73,1.0,0.5227,0.58,Hierarchical-Individual
0.73,0.5,0.5227,0.58,Hierarchical-Individual
0.73,1.0,0.5227,0.58,Hierarchical-Individual
0.73,1.0,0.5227,0.58,Hierarchical-Individual
0.69,0.5,0.3636,0.65,Distributed-Individual
0.61,1.0,0.3636,0.61,Distributed-Individual
0.85,0.5,0.3636,0.58,Hierarchical-Individual
0.69,0.5,0.3636,0.65,Distributed-Individual
0.61,1.0,0.3636,0.61,Distributed-Individual
0.85,0.5,0.3636,0.58,Hierarchical-Individual
0.69,0.0,0.3636,0.65,Distributed-Individual
0.61,0.5,0.3636,0.61,Distributed-Individual
0.85,0.0,0.3636,0.58,Hierarchical-Individual
0.69,0.0,0.3636,0.65,Distributed-Individual
0.61,0.5,0.3636,0.61,Distributed-Individual
0.85,0.0,0.3636,0.58,Hierarchical-Individual
0.69,0.5,0.3636,0.65,Distributed-Individual
0.61,1.0,0.3636,0.61,Distributed-Individual
0.85,0.5,0.3636,0.58,Hierarchical-Individual
0.69,0.0,0.3636,0.65,Distributed-Individual
0.61,0.5,0.3636,0.61,Distributed-Individual
0.85,0.0,0.3636,0.58,Hierarchical-Individual
0.69,0.0,0.3636,0.65,Distributed-Individual
0.61,0.5,0.3636,0.61,Distributed-Individual
0.85,0.0,0.3636,0.58,Hierarchical-Individual
0.69,0.0,0.3636,0.65,Distributed-Individual
0.61,0.5,0.3636,0.61,Distributed-Individual
0.85,0.0,0.3636,0.58,Hierarchical-Individual
0.8,0.5,0.3636,0.9,Distributed-Individual
0.43,1.0,0.3636,0.52,Hierarchical-Individual
0.78,1.0,0.3636,1.0,Distributed-Individual
0.83,0.5,0.3636,0.7,Distributed-Collective
0.47,0.5,0.3636,0.73,Hierarchical-Individual
0.8,0.5,0.3636,0.9,Distributed-Individual
0.43,1.0,0.3636,0.52,Hierarchical-Individual
0.78,1.0,0.3636,1.0,Distributed-Individual
0.83,0.5,0.3636,0.7,Distributed-Collective
0.47,0.5,0.3636,0.73,Hierarchical-Individual
0.8,0.0,0.3636,0.9,Distributed-Individual
0.43,0.5,0.3636,0.52,Hierarchical-Individual
0.78,0.5,0.3636,1.0,Distributed-Individual
0.83,0.0,0.3636,0.7,Distributed-Collective
0.47,0.0,0.3636,0.73,Hierarchical-Individual
0.97,0.5,0.2727,0.93,Hierarchical-Collective
0.73,1.0,0.2727,0.91,Distributed-Collective
0.76,1.0,0.2727,0.56,Hierarchical-Individual
0.89,0.5,0.2727,0.58,Hierarchical-Collective
0.56,1.0,0.3182,0.88,Hierarchical-Collective
0.6,0.5,0.3182,0.76,Distributed-Collective
0.56,1.0,0.3182,0.88,Hierarchical-Collective
0.6,0.5,0.3182,0.76,Distributed-Collective
0.56,0.5,0.3182,0.88,Hierarchical-Collective
0.6,0.0,0.3182,0.76,Distributed-Collective
0.56,0.5,0.3182,0.88,Hierarchical-Collective
0.6,0.0,0.3182,0.76,Distributed-Collective
0.56,0.5,0.3182,0.88,Hierarchical-Collective
0.6,0.0,0.3182,0.76,Distributed-Collective
0.56,0.5,0.3182,0.88,Hierarchical-Collective
0.6,0.0,0.3182,0.76,Distributed-Collective
0.85,1.0,0.2727,0.58,Hierarchical-Individual
0.68,0.5,0.2727,0.58,Hierarchical-Collective
0.46,1.0,0.2727,0.95,Hierarchical-Individual
0.85,0.5,0.2727,0.58,Hierarchical-Individual
0.68,0.0,0.2727,0.58,Hierarchical-Collective
0.46,0.5,0.2727,0.95,Hierarchical-Individual
0.85,0.5,0.2727,0.58,Hierarchical-Individual
0.68,0.0,0.2727,0.58,Hierarchical-Collective
0.46,0.5,0.2727,0.95,Hierarchical-Individual
0.85,1.0,0.2727,0.58,Hierarchical-Individual
0.68,0.5,0.2727,0.58,Hierarchical-Collective
0.46,1.0,0.2727,0.95,Hierarchical-Individual
0.9,0.5,0.5909,0.96,Hierarchical-Collective
0.66,1.0,0.5909,0.82,Distributed-Individual
0.9,0.5,0.5909,0.96,Hierarchical-Collective
0.66,1.0,0.5909,0.82,Distributed-Individual
0.9,0.5,0.5909,0.96,Hierarchical-Collective
0.66,1.0,0.5909,0.82,Distributed-Individual
0.9,0.0,0.5909,0.96,Hierarchical-Collective
0.66,0.5,0.5909,0.82,Distributed-Individual
0.9,0.0,0.5909,0.96,Hierarchical-Collective
0.66,0.5,0.5909,0.82,Distributed-Individual
0.9,0.5,0.5909,0.96,Hierarchical-Collective
0.66,1.0,0.5909,0.82,Distributed-Individual
0.68,1.0,0.3182,0.62,Hierarchical-Collective
0.68,1.0,0.3182,0.7,Distributed-Individual
0.49,1.0,0.3182,0.86,Hierarchical-Individual
0.68,0.5,0.3182,0.62,Hierarchical-Collective
0.68,0.5,0.3182,0.7,Distributed-Individual
0.49,0.5,0.3182,0.86,Hierarchical-Individual
0.68,0.5,0.3182,0.62,Hierarchical-Collective
0.68,0.5,0.3182,0.7,Distributed-Individual
0.49,0.5,0.3182,0.86,Hierarchical-Individual
0.73,0.0,0.4773,0.67,Distributed-Collective
0.73,0.0,0.4773,0.67,Distributed-Collective
0.73,0.5,0.4773,0.67,Distributed-Collective
0.73,0.0,0.4773,0.67,Distributed-Collective
0.73,0.5,0.4773,0.67,Distributed-Collective
0.86,0.5,0.5455,0.92,Distributed-Collective
0.42,0.5,0.5455,0.55,Hierarchical-Collective
0.42,1.0,0.5455,0.76,Hierarchical-Individual
0.4,1.0,0.5455,0.59,Distributed-Individual
0.86,0.0,0.5455,0.92,Distributed-Collective
0.42,0.0,0.5455,0.55,Hierarchical-Collective
0.42,0.5,0.5455,0.76,Hierarchical-Individual
0.4,0.5,0.5455,0.59,Distributed-Individual
0.59,1.0,0.7955,0.95,Distributed-Collective
0.98,1.0,0.7955,0.94,Distributed-Individual
0.49,0.0,0.4318,0.55,Distributed-Individual
0.91,0.5,0.4318,0.69,Distributed-Collective
0.49,0.5,0.4318,0.55,Distributed-Individual
0.91,1.0,0.4318,0.69,Distributed-Collective
0.49,0.0,0.4318,0.55,Distributed-Individual
0.91,0.5,0.4318,0.69,Distributed-Collective
0.49,0.0,0.4318,0.55,Distributed-Individual
0.91,0.5,0.4318,0.69,Distributed-Collective
0.49,0.5,0.4318,0.55,Distributed-Individual
0.91,1.0,0.4318,0.69,Distributed-Collective
0.49,0.5,0.4318,0.55,Distributed-Individual
0.91,1.0,0.4318,0.69,Distributed-Collective
0.65,1.0,0.6136,0.77,Hierarchical-Collective
0.85,1.0,0.6136,0.8,Distributed-Collective
0.83,0.5,0.6136,0.95,Hierarchical-Collective
0.65,0.5,0.6136,0.77,Hierarchical-Collective
0.85,0.5,0.6136,0.8,Distributed-Collective
0.83,0.0,0.6136,0.95,Hierarchical-Collective
0.46,0.5,0.3636,0.58,Hierarchical-Collective
0.91,0.5,0.3636,0.92,Distributed-Individual
0.94,0.0,0.3636,0.83,Hierarchical-Individual
0.65,0.5,0.3636,0.62,Distributed-Collective
0.46,0.5,0.3636,0.58,Hierarchical-Collective
0.91,0.5,0.3636,0.92,Distributed-Individual
0.94,0.0,0.3636,0.83,Hierarchical-Individual
0.65,0.5,0.3636,0.62,Distributed-Collective
0.46,0.5,0.3636,0.58,Hierarchical-Collective
0.91,0.5,0.3636,0.92,Distributed-Individual
0.94,0.0,0.3636,0.83,Hierarchical-Individual
0.65,0.5,0.3636,0.62,Distributed-Collective
0.55,0.5,0.7045,0.53,Hierarchical-Collective
0.76,0.0,0.5455,0.82,Distributed-Individual
0.76,0.5,0.5455,0.82,Distributed-Individual
0.76,0.0,0.5455,0.82,Distributed-Individual
0.76,0.0,0.5455,0.82,Distributed-Individual
0.76,0.5,0.5455,0.82,Distributed-Individual
0.76,0.0,0.5455,0.82,Distributed-Individual
0.94,1.0,0.4318,0.81,Hierarchical-Individual
0.94,1.0,0.4318,0.81,Hierarchical-Individual
0.94,0.5,0.4318,0.81,Hierarchical-Individual
0.94,0.5,0.4318,0.81,Hierarchical-Individual
0.94,0.5,0.4318,0.81,Hierarchical-Individual
0.94,0.5,0.4318,0.81,Hierarchical-Individual
0.94,1.0,0.4318,0.81,Hierarchical-Individual
0.96,0.5,0.4773,0.68,Distributed-Individual
0.56,1.0,0.4773,0.78,Hierarchical-Individual
0.96,0.5,0.4773,0.68,Distributed-Individual
0.56,1.0,0.4773,0.78,Hierarchical-Individual
0.96,0.5,0.4773,0.68,Distributed-Individual
0.56,1.0,0.4773,0.78,Hierarchical-Individual
0.96,0.0,0.4773,0.68,Distributed-Individual
0.56,0.5,0.4773,0.78,Hierarchical-Individual
0.96,0.0,0.4773,0.68,Distributed-Individual
0.56,0.5,0.4773,0.78,Hierarchical-Individual
0.96,0.5,0.4773,0.68,Distributed-Individual
0.56,1.0,0.4773,0.78,Hierarchical-Individual
0.81,0.5,0.2727,0.87,Distributed-Individual
0.9,0.5,0.2727,0.84,Hierarchical-Individual
0.81,0.0,0.2727,0.87,Distributed-Individual
0.9,0.0,0.2727,0.84,Hierarchical-Individual
0.81,0.5,0.2727,0.87,Distributed-Individual
0.9,0.5,0.2727,0.84,Hierarchical-Individual
0.99,1.0,0.5,0.91,Distributed-Individual
0.85,1.0,0.5,0.78,Distributed-Collective
0.9,1.0,0.5,0.97,Distributed-Collective
0.74,1.0,0.5,0.63,Hierarchical-Individual
0.71,0.5,0.5,0.84,Distributed-Individual
0.99,1.0,0.5,0.91,Distributed-Individual
0.85,1.0,0.5,0.78,Distributed-Collective
0.9,1.0,0.5,0.97,Distributed-Collective
0.74,1.0,0.5,0.63,Hierarchical-Individual
0.71,0.5,0.5,0.84,Distributed-Individual
0.99,1.0,0.5,0.91,Distributed-Individual
0.85,1.0,0.5,0.78,Distributed-Collective
0.9,1.0,0.5,0.97,Distributed-Collective
0.74,1.0,0.5,0.63,Hierarchical-Individual
0.71,0.5,0.5,0.84,Distributed-Individual
0.99,0.5,0.5,0.91,Distributed-Individual
0.85,0.5,0.5,0.78,Distributed-Collective
0.9,0.5,0.5,0.97,Distributed-Collective
0.74,0.5,0.5,0.63,Hierarchical-Individual
0.71,0.0,0.5,0.84,Distributed-Individual
0.99,0.5,0.5,0.91,Distributed-Individual
0.85,0.5,0.5,0.78,Distributed-Collective
0.9,0.5,0.5,0.97,Distributed-Collective
0.74,0.5,0.5,0.63,Hierarchical-Individual
0.71,0.0,0.5,0.84,Distributed-Individual
0.43,0.0,0.5455,0.69,Hierarchical-Collective
0.95,0.5,0.5455,0.52,Distributed-Individual
0.55,0.5,0.5455,0.63,Distributed-Collective
0.43,0.5,0.5455,0.69,Hierarchical-Collective
0.95,1.0,0.5455,0.52,Distributed-Individual
0.55,1.0,0.5455,0.63,Distributed-Collective
0.43,0.0,0.5455,0.69,Hierarchical-Collective
0.95,0.5,0.5455,0.52,Distributed-Individual
0.55,0.5,0.5455,0.63,Distributed-Collective
0.43,0.5,0.5455,0.69,Hierarchical-Collective
0.95,1.0,0.5455,0.52,Distributed-Individual
0.55,1.0,0.5455,0.63,Distributed-Collective
0.41,1.0,0.5227,0.86,Distributed-Individual
0.7,1.0,0.5227,0.63,Distributed-Individual
0.41,0.5,0.5227,0.86,Distributed-Individual
0.7,0.5,0.5227,0.63,Distributed-Individual
0.41,1.0,0.5227,0.86,Distributed-Individual
0.7,1.0,0.5227,0.63,Distributed-Individual
0.41,0.5,0.5227,0.86,Distributed-Individual
0.7,0.5,0.5227,0.63,Distributed-Individual
0.41,1.0,0.5227,0.86,Distributed-Individual
0.7,1.0,0.5227,0.63,Distributed-Individual
0.93,1.0,0.5909,0.59,Distributed-Individual
0.65,1.0,0.5909,0.81,Hierarchical-Individual
0.77,1.0,0.5909,0.84,Distributed-Collective
0.93,0.5,0.5909,0.59,Distributed-Individual
0.65,0.5,0.5909,0.81,Hierarchical-Individual
0.77,0.5,0.5909,0.84,Distributed-Collective
0.93,0.5,0.5909,0.59,Distributed-Individual
0.65,0.5,0.5909,0.81,Hierarchical-Individual
0.77,0.5,0.5909,0.84,Distributed-Collective
0.93,1.0,0.5909,0.59,Distributed-Individual
0.65,1.0,0.5909,0.81,Hierarchical-Individual
0.77,1.0,0.5909,0.84,Distributed-Collective
0.43,1.0,0.5682,0.88,Distributed-Collective
0.61,0.5,0.5682,0.62,Distributed-Collective
0.71,0.5,0.5682,0.63,Distributed-Collective
0.43,1.0,0.5682,0.88,Distributed-Collective
0.61,0.5,0.5682,0.62,Distributed-Collective
0.71,0.5,0.5682,0.63,Distributed-Collective
0.43,1.0,0.5682,0.88,Distributed-Collective
0.61,0.5,0.5682,0.62,Distributed-Collective
0.71,0.5,0.5682,0.63,Distributed-Collective
0.43,1.0,0.5682,0.88,Distributed-Collective
0.61,0.5,0.5682,0.62,Distributed-Collective
0.71,0.5,0.5682,0.63,Distributed-Collective
0.43,0.5,0.5682,0.88,Distributed-Collective
0.61,0.0,0.5682,0.62,Distributed-Collective
0.71,0.0,0.5682,0.63,Distributed-Collective
0.81,0.5,0.5227,0.82,Distributed-Individual
0.58,0.5,0.5227,0.92,Hierarchical-Collective
0.82,0.5,0.5227,0.7,Distributed-Individual
0.81,0.5,0.5227,0.82,Distributed-Individual
0.58,0.5,0.5227,0.92,Hierarchical-Collective
0.82,0.5,0.5227,0.7,Distributed-Individual
0.81,0.5,0.5227,0.82,Distributed-Individual
0.58,0.5,0.5227,0.92,Hierarchical-Collective
0.82,0.5,0.5227,0.7,Distributed-Individual
0.81,1.0,0.5227,0.82,Distributed-Individual
0.58,1.0,0.5227,0.92,Hierarchical-Collective
0.82,1.0,0.5227,0.7,Distributed-Individual
0.81,0.5,0.5227,0.82,Distributed-Individual
0.58,0.5,0.5227,0.92,Hierarchical-Collective
0.82,0.5,0.5227,0.7,Distributed-Individual
0.52,0.5,0.2273,0.91,Hierarchical-Individual
0.52,0.5,0.2273,0.91,Hierarchical-Individual
0.83,0.5,0.4773,0.56,Distributed-Collective
0.42,1.0,0.4773,0.74,Hierarchical-Individual
0.91,0.5,0.4773,0.57,Hierarchical-Collective
0.83,0.5,0.4773,0.56,Distributed-Collective
0.42,1.0,0.4773,0.74,Hierarchical-Individual
0.91,0.5,0.4773,0.57,Hierarchical-Collective
0.83,0.5,0.4773,0.56,Distributed-Collective
0.42,1.0,0.4773,0.74,Hierarchical-Individual
0.91,0.5,0.4773,0.57,Hierarchical-Collective
0.83,0.5,0.4773,0.56,Distributed-Collective
0.42,1.0,0.4773,0.74,Hierarchical-Individual
0.91,0.5,0.4773,0.57,Hierarchical-Collective
0.83,0.5,0.4773,0.56,Distributed-Collective
0.42,1.0,0.4773,0.74,Hierarchical-Individual
0.91,0.5,0.4773,0.57,Hierarchical-Collective
0.83,0.5,0.4773,0.56,Distributed-Collective
0.42,1.0,0.4773,0.74,Hierarchical-Individual
0.91,0.5,0.4773,0.57,Hierarchical-Collective
0.83,0.5,0.4773,0.56,Distributed-Collective
0.42,1.0,0.4773,0.74,Hierarchical-Individual
0.91,0.5,0.4773,0.57,Hierarchical-Collective
0.83,0.5,0.4773,0.56,Distributed-Collective
0.42,1.0,0.4773,0.74,Hierarchical-Individual
0.91,0.5,0.4773,0.57,Hierarchical-Collective
0.61,1.0,0.2727,0.79,Distributed-Collective
0.61,1.0,0.2727,0.79,Distributed-Collective
0.49,0.0,0.3182,1.0,Hierarchical-Collective
0.49,0.5,0.3182,1.0,Hierarchical-Collective
0.49,0.5,0.3182,1.0,Hierarchical-Collective
0.74,1.0,0.5909,0.88,Distributed-Individual
0.74,0.5,0.5909,0.88,Distributed-Individual
0.74,1.0,0.5909,0.88,Distributed-Individual
0.59,0.5,0.4545,0.61,Distributed-Individual
0.62,0.5,0.4545,0.77,Distributed-Individual
0.59,1.0,0.4545,0.61,Distributed-Individual
0.62,1.0,0.4545,0.77,Distributed-Individual
0.59,1.0,0.4545,0.61,Distributed-Individual
0.62,1.0,0.4545,0.77,Distributed-Individual
0.59,1.0,0.4545,0.61,Distributed-Individual
0.62,1.0,0.4545,0.77,Distributed-Individual
0.59,1.0,0.4545,0.61,Distributed-Individual
0.62,1.0,0.4545,0.77,Distributed-Individual
0.59,1.0,0.4545,0.61,Distributed-Individual
0.62,1.0,0.4545,0.77,Distributed-Individual
0.59,0.5,0.4545,0.61,Distributed-Individual
0.62,0.5,0.4545,0.77,Distributed-Individual
0.59,0.5,0.4545,0.61,Distributed-Individual
0.62,0.5,0.4545,0.77,Distributed-Individual
0.59,0.5,0.4545,0.61,Distributed-Individual
0.62,0.5,0.4545,0.77,Distributed-Individual
0.59,1.0,0.4545,0.61,Distributed-Individual
0.62,1.0,0.4545,0.77,Distributed-Individual
0.75,1.0,0.4773,1.0,Distributed-Individual
0.89,0.5,0.4773,0.58,Hierarchical-Individual
0.75,1.0,0.4773,1.0,Distributed-Individual
0.89,0.5,0.4773,0.58,Hierarchical-Individual
0.75,1.0,0.4773,1.0,Distributed-Individual
0.89,0.5,0.4773,0.58,Hierarchical-Individual
0.75,1.0,0.4773,1.0,Distributed-Individual
0.89,0.5,0.4773,0.58,Hierarchical-Individual
0.75,0.5,0.4773,1.0,Distributed-Individual
0.89,0.0,0.4773,0.58,Hierarchical-Individual
0.75,1.0,0.4773,1.0,Distributed-Individual
0.89,0.5,0.4773,0.58,Hierarchical-Individual
0.77,0.5,0.3864,0.93,Hierarchical-Individual
0.88,0.5,0.3864,0.58,Distributed-Individual
0.77,1.0,0.3864,0.93,Hierarchical-Individual
0.88,1.0,0.3864,0.58,Distributed-Individual
0.77,1.0,0.3864,0.93,Hierarchical-Individual
0.88,1.0,0.3864,0.58,Distributed-Individual
0.77,1.0,0.3864,0.93,Hierarchical-Individual
0.88,1.0,0.3864,0.58,Distributed-Individual
0.77,1.0,0.3864,0.93,Hierarchical-Individual
0.88,1.0,0.3864,0.58,Distributed-Individual
0.77,0.5,0.3864,0.93,Hierarchical-Individual
0.88,0.5,0.3864,0.58,Distributed-Individual
0.48,1.0,0.6364,0.7,Distributed-Individual
0.48,1.0,0.6364,0.7,Distributed-Individual
0.84,0.5,0.4318,0.84,Hierarchical-Collective
0.76,0.5,0.4318,0.91,Distributed-Individual
0.51,0.0,0.4318,0.51,Distributed-Collective
0.84,1.0,0.4318,0.84,Hierarchical-Collective
0.76,1.0,0.4318,0.91,Distributed-Individual
0.51,0.5,0.4318,0.51,Distributed-Collective
0.84,1.0,0.4318,0.84,Hierarchical-Collective
0.76,1.0,0.4318,0.91,Distributed-Individual
0.51,0.5,0.4318,0.51,Distributed-Collective
0.84,1.0,0.4318,0.84,Hierarchical-Collective
0.76,1.0,0.4318,0.91,Distributed-Individual
0.51,0.5,0.4318,0.51,Distributed-Collective
0.87,0.0,0.5909,0.82,Hierarchical-Collective
0.49,0.5,0.5909,0.72,Hierarchical-Collective
0.52,0.0,0.5909,0.98,Distributed-Collective
0.86,0.0,0.5909,0.99,Distributed-Individual
0.87,0.5,0.5909,0.82,Hierarchical-Collective
0.49,1.0,0.5909,0.72,Hierarchical-Collective
0.52,0.5,0.5909,0.98,Distributed-Collective
0.86,0.5,0.5909,0.99,Distributed-Individual
0.45,1.0,0.25,0.54,Distributed-Collective
1.0,0.5,0.25,0.67,Distributed-Collective
0.78,1.0,0.25,0.57,Hierarchical-Individual
0.55,0.5,0.25,0.65,Hierarchical-Individual
0.45,1.0,0.25,0.54,Distributed-Collective
1.0,0.5,0.25,0.67,Distributed-Collective
0.78,1.0,0.25,0.57,Hierarchical-Individual
0.55,0.5,0.25,0.65,Hierarchical-Individual
0.45,1.0,0.25,0.54,Distributed-Collective
1.0,0.5,0.25,0.67,Distributed-Collective
0.78,1.0,0.25,0.57,Hierarchical-Individual
0.55,0.5,0.25,0.65,Hierarchical-Individual
0.46,0.5,0.4545,0.72,Distributed-Collective
0.46,1.0,0.4545,0.72,Distributed-Collective
0.46,1.0,0.4545,0.72,Distributed-Collective
0.46,0.5,0.4545,0.72,Distributed-Collective
0.46,1.0,0.4545,0.72,Distributed-Collective
0.54,1.0,0.3864,0.59,Hierarchical-Collective
0.54,0.5,0.3864,0.59,Hierarchical-Collective
0.54,0.5,0.3864,0.59,Hierarchical-Collective
0.54,1.0,0.3864,0.59,Hierarchical-Collective
0.54,0.5,0.3864,0.59,Hierarchical-Collective
0.54,1.0,0.3864,0.59,Hierarchical-Collective
0.54,0.5,0.3864,0.59,Hierarchical-Collective
0.54,0.5,0.3864,0.59,Hierarchical-Collective
0.53,1.0,0.6364,0.62,Hierarchical-Collective
0.96,0.5,0.6364,0.61,Hierarchical-Individual
0.79,1.0,0.6364,0.79,Distributed-Individual
0.78,1.0,0.6364,0.84,Distributed-Individual
0.94,1.0,0.6364,0.55,Hierarchical-Collective
0.71,0.5,0.6364,0.64,Distributed-Individual
0.53,1.0,0.6364,0.62,Hierarchical-Collective
0.96,0.5,0.6364,0.61,Hierarchical-Individual
0.79,1.0,0.6364,0.79,Distributed-Individual
0.78,1.0,0.6364,0.84,Distributed-Individual
0.94,1.0,0.6364,0.55,Hierarchical-Collective
0.71,0.5,0.6364,0.64,Distributed-Individual
0.6,1.0,0.7727,0.63,Hierarchical-Collective
0.88,0.5,0.4091,0.68,Hierarchical-Collective
0.65,0.5,0.4091,0.88,Distributed-Collective
0.4,0.5,0.4091,0.65,Hierarchical-Individual
0.88,0.5,0.4091,0.68,Hierarchical-Collective
0.65,0.5,0.4091,0.88,Distributed-Collective
0.4,0.5,0.4091,0.65,Hierarchical-Individual
0.88,1.0,0.4091,0.68,Hierarchical-Collective
0.65,1.0,0.4091,0.88,Distributed-Collective
0.4,1.0,0.4091,0.65,Hierarchical-Individual
0.69,0.5,0.3864,0.62,Hierarchical-Collective
0.69,1.0,0.3864,0.62,Hierarchical-Collective
0.69,0.5,0.3864,0.62,Hierarchical-Collective
0.69,1.0,0.3864,0.62,Hierarchical-Collective
0.42,0.5,0.6591,0.71,Distributed-Individual
0.42,1.0,0.6591,0.71,Distributed-Individual
0.68,0.5,0.3864,1.0,Hierarchical-Individual
0.95,1.0,0.3864,0.55,Distributed-Collective
0.7,0.5,0.3864,0.69,Hierarchical-Individual
0.44,0.5,0.3864,0.82,Hierarchical-Collective
0.68,0.5,0.3864,1.0,Hierarchical-Individual
0.95,1.0,0.3864,0.55,Distributed-Collective
0.7,0.5,0.3864,0.69,Hierarchical-Individual
0.44,0.5,0.3864,0.82,Hierarchical-Collective
0.68,0.5,0.3864,1.0,Hierarchical-Individual
0.95,1.0,0.3864,0.55,Distributed-Collective
0.7,0.5,0.3864,0.69,Hierarchical-Individual
0.44,0.5,0.3864,0.82,Hierarchical-Collective
0.68,0.5,0.3864,1.0,Hierarchical-Individual
0.95,1.0,0.3864,0.55,Distributed-Collective
0.7,0.5,0.3864,0.69,Hierarchical-Individual
0.44,0.5,0.3864,0.82,Hierarchical-Collective
0.68,0.0,0.3864,1.0,Hierarchical-Individual
0.95,0.5,0.3864,0.55,Distributed-Collective
0.7,0.0,0.3864,0.69,Hierarchical-Individual
0.44,0.0,0.3864,0.82,Hierarchical-Collective
0.68,0.5,0.3864,1.0,Hierarchical-Individual
0.95,1.0,0.3864,0.55,Distributed-Collective
0.7,0.5,0.3864,0.69,Hierarchical-Individual
0.44,0.5,0.3864,0.82,Hierarchical-Collective
0.8,0.5,0.3182,0.84,Distributed-Collective
0.8,1.0,0.3182,0.84,Distributed-Collective
0.8,0.5,0.3182,0.84,Distributed-Collective
0.8,1.0,0.3182,0.84,Distributed-Collective
0.8,0.5,0.3182,0.84,Distributed-Collective
0.66,0.5,0.4545,0.67,Hierarchical-Individual
0.48,0.5,0.4545,0.64,Hierarchical-Collective
0.66,0.5,0.4545,0.67,Hierarchical-Individual
0.48,0.5,0.4545,0.64,Hierarchical-Collective
0.66,0.5,0.4545,0.67,Hierarchical-Individual
0.48,0.5,0.4545,0.64,Hierarchical-Collective
0.66,0.5,0.4545,0.67,Hierarchical-Individual
0.48,0.5,0.4545,0.64,Hierarchical-Collective
0.66,0.5,0.4545,0.67,Hierarchical-Individual
0.48,0.5,0.4545,0.64,Hierarchical-Collective
0.44,0.0,0.6591,0.71,Hierarchical-Collective
0.44,0.5,0.6591,0.71,Hierarchical-Collective
0.44,0.5,0.6591,0.71,Hierarchical-Collective
0.44,0.5,0.6591,0.71,Hierarchical-Collective
0.74,1.0,0.4545,0.77,Distributed-Collective
0.81,1.0,0.4545,0.9,Distributed-Collective
0.74,1.0,0.4545,0.77,Distributed-Collective
0.81,1.0,0.4545,0.9,Distributed-Collective
0.74,1.0,0.4545,0.77,Distributed-Collective
0.81,1.0,0.4545,0.9,Distributed-Collective
0.74,1.0,0.4545,0.77,Distributed-Collective
0.81,1.0,0.4545,0.9,Distributed-Collective
0.74,1.0,0.4545,0.77,Distributed-Collective
0.81,1.0,0.4545,0.9,Distributed-Collective
0.74,1.0,0.4545,0.77,Distributed-Collective
0.81,1.0,0.4545,0.9,Distributed-Collective
0.74,1.0,0.4545,0.77,Distributed-Collective
0.81,1.0,0.4545,0.9,Distributed-Collective
0.74,0.5,0.4545,0.77,Distributed-Collective
0.81,0.5,0.4545,0.9,Distributed-Collective
0.95,0.0,0.5455,0.88,Hierarchical-Individual
0.95,0.5,0.5455,0.88,Hierarchical-Individual
0.99,0.5,0.2955,0.88,Distributed-Collective
0.73,0.5,0.2955,1.0,Distributed-Collective
0.87,0.0,0.2955,0.56,Hierarchical-Collective
0.99,0.5,0.2955,0.88,Distributed-Collective
0.73,0.5,0.2955,1.0,Distributed-Collective
0.87,0.0,0.2955,0.56,Hierarchical-Collective
0.99,1.0,0.2955,0.88,Distributed-Collective
0.73,1.0,0.2955,1.0,Distributed-Collective
0.87,0.5,0.2955,0.56,Hierarchical-Collective
0.99,1.0,0.2955,0.88,Distributed-Collective
0.73,1.0,0.2955,1.0,Distributed-Collective
0.87,0.5,0.2955,0.56,Hierarchical-Collective
0.9,0.5,0.4773,0.79,Hierarchical-Individual
0.54,1.0,0.4773,0.51,Distributed-Individual
0.9,0.5,0.4773,1.0,Distributed-Collective
0.9,0.0,0.4773,0.79,Hierarchical-Individual
0.54,0.5,0.4773,0.51,Distributed-Individual
0.9,0.0,0.4773,1.0,Distributed-Collective
0.9,0.5,0.4773,0.79,Hierarchical-Individual
0.54,1.0,0.4773,0.51,Distributed-Individual
0.9,0.5,0.4773,1.0,Distributed-Collective
0.9,0.5,0.4773,0.79,Hierarchical-Individual
0.54,1.0,0.4773,0.51,Distributed-Individual
0.9,0.5,0.4773,1.0,Distributed-Collective
0.9,0.0,0.4773,0.79,Hierarchical-Individual
0.54,0.5,0.4773,0.51,Distributed-Individual
0.9,0.0,0.4773,1.0,Distributed-Collective
0.9,0.0,0.4773,0.79,Hierarchical-Individual
0.54,0.5,0.4773,0.51,Distributed-Individual
0.9,0.0,0.4773,1.0,Distributed-Collective
0.9,0.5,0.4773,0.79,Hierarchical-Individual
0.54,1.0,0.4773,0.51,Distributed-Individual
0.9,0.5,0.4773,1.0,Distributed-Collective
0.94,0.5,0.5,0.83,Hierarchical-Collective
0.79,1.0,0.5,0.53,Distributed-Collective
0.91,1.0,0.5,0.78,Distributed-Individual
0.41,1.0,0.5,0.66,Hierarchical-Collective
0.94,0.5,0.5,0.83,Hierarchical-Collective
0.79,1.0,0.5,0.53,Distributed-Collective
0.91,1.0,0.5,0.78,Distributed-Individual
0.41,1.0,0.5,0.66,Hierarchical-Collective
0.94,0.0,0.5,0.83,Hierarchical-Collective
0.79,0.5,0.5,0.53,Distributed-Collective
0.91,0.5,0.5,0.78,Distributed-Individual
0.41,0.5,0.5,0.66,Hierarchical-Collective
0.94,0.0,0.5,0.83,Hierarchical-Collective
0.79,0.5,0.5,0.53,Distributed-Collective
0.91,0.5,0.5,0.78,Distributed-Individual
0.41,0.5,0.5,0.66,Hierarchical-Collective
0.94,0.0,0.5,0.83,Hierarchical-Collective
0.79,0.5,0.5,0.53,Distributed-Collective
0.91,0.5,0.5,0.78,Distributed-Individual
0.41,0.5,0.5,0.66,Hierarchical-Collective
0.94,0.5,0.5,0.83,Hierarchical-Collective
0.79,1.0,0.5,0.53,Distributed-Collective
0.91,1.0,0.5,0.78,Distributed-Individual
0.41,1.0,0.5,0.66,Hierarchical-Collective
0.94,0.5,0.5,0.83,Hierarchical-Collective
0.79,1.0,0.5,0.53,Distributed-Collective
0.91,1.0,0.5,0.78,Distributed-Individual
0.41,1.0,0.5,0.66,Hierarchical-Collective
0.94,0.0,0.5,0.83,Hierarchical-Collective
0.79,0.5,0.5,0.53,Distributed-Collective
0.91,0.5,0.5,0.78,Distributed-Individual
0.41,0.5,0.5,0.66,Hierarchical-Collective
0.43,0.5,0.7955,0.56,Distributed-Individual
0.95,0.5,0.7955,0.59,Distributed-Collective
0.43,0.0,0.7955,0.56,Distributed-Individual
0.95,0.0,0.7955,0.59,Distributed-Collective
0.69,0.5,0.3636,0.99,Hierarchical-Individual
0.69,1.0,0.3636,0.99,Hierarchical-Individual
0.56,0.5,0.6136,0.79,Hierarchical-Collective
0.44,0.0,0.6136,0.7,Distributed-Collective
0.56,1.0,0.6136,0.79,Hierarchical-Collective
0.44,0.5,0.6136,0.7,Distributed-Collective
0.56,1.0,0.6136,0.79,Hierarchical-Collective
0.44,0.5,0.6136,0.7,Distributed-Collective
0.44,0.5,0.6591,1.0,Distributed-Individual
0.44,0.5,0.6591,1.0,Distributed-Individual
0.44,0.5,0.6591,1.0,Distributed-Individual
0.84,0.5,0.5227,0.67,Hierarchical-Individual
0.84,0.0,0.5227,0.67,Hierarchical-Individual
0.84,0.5,0.5227,0.67,Hierarchical-Individual
0.84,0.0,0.5227,0.67,Hierarchical-Individual
0.84,0.0,0.5227,0.67,Hierarchical-Individual
0.84,0.5,0.5227,0.67,Hierarchical-Individual
0.84,0.5,0.5227,0.67,Hierarchical-Individual
0.84,0.0,0.5227,0.67,Hierarchical-Individual
0.74,1.0,0.3864,0.52,Distributed-Individual
0.45,1.0,0.3864,0.69,Hierarchical-Individual
0.74,0.5,0.3864,0.52,Distributed-Individual
0.45,0.5,0.3864,0.69,Hierarchical-Individual
0.74,1.0,0.3864,0.52,Distributed-Individual
0.45,1.0,0.3864,0.69,Hierarchical-Individual
0.74,1.0,0.3864,0.52,Distributed-Individual
0.45,1.0,0.3864,0.69,Hierarchical-Individual
0.74,1.0,0.3864,0.52,Distributed-Individual
0.45,1.0,0.3864,0.69,Hierarchical-Individual
0.74,0.5,0.3864,0.52,Distributed-Individual
0.45,0.5,0.3864,0.69,Hierarchical-Individual
0.74,1.0,0.3864,0.52,Distributed-Individual
0.45,1.0,0.3864,0.69,Hierarchical-Individual
0.74,0.5,0.3864,0.52,Distributed-Individual
0.45,0.5,0.3864,0.69,Hierarchical-Individual
0.74,1.0,0.3864,0.52,Distributed-Individual
0.45,1.0,0.3864,0.69,Hierarchical-Individual
0.74,1.0,0.3864,0.52,Distributed-Individual
0.45,1.0,0.3864,0.69,Hierarchical-Individual
0.74,1.0,0.3864,0.52,Distributed-Individual
0.45,1.0,0.3864,0.69,Hierarchical-Individual
0.9,1.0,0.25,0.78,Distributed-Collective
0.44,1.0,0.25,0.6,Distributed-Individual
0.9,0.5,0.25,0.78,Distributed-Collective
0.44,0.5,0.25,0.6,Distributed-Individual
0.9,1.0,0.25,0.78,Distributed-Collective
0.44,1.0,0.25,0.6,Distributed-Individual
0.9,1.0,0.25,0.78,Distributed-Collective
0.44,1.0,0.25,0.6,Distributed-Individual
0.68,0.0,0.6591,0.99,Hierarchical-Individual
0.68,0.5,0.6591,0.99,Hierarchical-Individual
0.68,0.0,0.6591,0.99,Hierarchical-Individual
0.68,0.5,0.6591,0.99,Hierarchical-Individual
0.63,0.5,0.3636,0.84,Hierarchical-Collective
0.59,0.0,0.3636,0.6,Hierarchical-Individual
0.56,0.5,0.3636,0.92,Distributed-Collective
0.57,0.5,0.3636,1.0,Hierarchical-Individual
0.55,0.5,0.3636,0.57,Hierarchical-Individual
0.63,1.0,0.3636,0.84,Hierarchical-Collective
0.59,0.5,0.3636,0.6,Hierarchical-Individual
0.56,1.0,0.3636,0.92,Distributed-Collective
0.57,1.0,0.3636,1.0,Hierarchical-Individual
0.55,1.0,0.3636,0.57,Hierarchical-Individual
0.63,0.5,0.3636,0.84,Hierarchical-Collective
0.59,0.0,0.3636,0.6,Hierarchical-Individual
0.56,0.5,0.3636,0.92,Distributed-Collective
0.57,0.5,0.3636,1.0,Hierarchical-Individual
0.55,0.5,0.3636,0.57,Hierarchical-Individual
0.63,1.0,0.3636,0.84,Hierarchical-Collective
0.59,0.5,0.3636,0.6,Hierarchical-Individual
0.56,1.0,0.3636,0.92,Distributed-Collective
0.57,1.0,0.3636,1.0,Hierarchical-Individual
0.55,1.0,0.3636,0.57,Hierarchical-Individual
0.76,1.0,0.4091,0.67,Distributed-Individual
0.64,1.0,0.4091,0.53,Hierarchical-Collective
0.62,1.0,0.4091,0.8,Distributed-Individual
0.65,0.5,0.4091,0.52,Hierarchical-Individual
0.76,0.5,0.4091,0.67,Distributed-Individual
0.64,0.5,0.4091,0.53,Hierarchical-Collective
0.62,0.5,0.4091,0.8,Distributed-Individual
0.65,0.0,0.4091,0.52,Hierarchical-Individual
0.76,1.0,0.4091,0.67,Distributed-Individual
0.64,1.0,0.4091,0.53,Hierarchical-Collective
0.62,1.0,0.4091,0.8,Distributed-Individual
0.65,0.5,0.4091,0.52,Hierarchical-Individual
0.76,1.0,0.4091,0.67,Distributed-Individual
0.64,1.0,0.4091,0.53,Hierarchical-Collective
0.62,1.0,0.4091,0.8,Distributed-Individual
0.65,0.5,0.4091,0.52,Hierarchical-Individual
0.83,0.5,0.5,0.66,Distributed-Collective
0.47,1.0,0.5,0.86,Distributed-Individual
0.83,0.5,0.5,0.66,Distributed-Collective
0.47,1.0,0.5,0.86,Distributed-Individual
0.83,0.5,0.5,0.66,Distributed-Collective
0.47,1.0,0.5,0.86,Distributed-Individual
0.83,0.5,0.5,0.66,Distributed-Collective
0.47,1.0,0.5,0.86,Distributed-Individual
0.83,0.0,0.5,0.66,Distributed-Collective
0.47,0.5,0.5,0.86,Distributed-Individual
0.83,0.0,0.5,0.66,Distributed-Collective
0.47,0.5,0.5,0.86,Distributed-Individual
0.83,0.0,0.5,0.66,Distributed-Collective
0.47,0.5,0.5,0.86,Distributed-Individual
0.83,0.0,0.5,0.66,Distributed-Collective
0.47,0.5,0.5,0.86,Distributed-Individual
0.83,0.5,0.5,0.66,Distributed-Collective
0.47,1.0,0.5,0.86,Distributed-Individual
0.83,0.0,0.5,0.66,Distributed-Collective
0.47,0.5,0.5,0.86,Distributed-Individual
0.53,0.5,0.5,0.79,Hierarchical-Collective
0.56,0.0,0.5,0.62,Distributed-Collective
0.53,1.0,0.5,0.79,Hierarchical-Collective
0.56,0.5,0.5,0.62,Distributed-Collective
0.53,1.0,0.5,0.79,Hierarchical-Collective
0.56,0.5,0.5,0.62,Distributed-Collective
0.53,0.5,0.5,0.79,Hierarchical-Collective
0.56,0.0,0.5,0.62,Distributed-Collective
0.53,1.0,0.5,0.79,Hierarchical-Collective
0.56,0.5,0.5,0.62,Distributed-Collective
0.53,1.0,0.5,0.79,Hierarchical-Collective
0.56,0.5,0.5,0.62,Distributed-Collective
0.53,1.0,0.5,0.79,Hierarchical-Collective
0.56,0.5,0.5,0.62,Distributed-Collective
0.53,0.5,0.5,0.79,Hierarchical-Collective
0.56,0.0,0.5,0.62,Distributed-Collective
0.53,1.0,0.5,0.79,Hierarchical-Collective
0.56,0.5,0.5,0.62,Distributed-Collective
0.74,0.5,0.7273,0.97,Hierarchical-Individual
0.9,1.0,0.7273,0.61,Distributed-Individual
0.74,0.0,0.7273,0.97,Hierarchical-Individual
0.9,0.5,0.7273,0.61,Distributed-Individual
0.73,1.0,0.2727,0.98,Distributed-Collective
0.83,1.0,0.2727,0.59,Hierarchical-Individual
0.42,0.5,0.3636,0.68,Distributed-Individual
0.42,0.5,0.3636,1.0,Distributed-Individual
0.74,0.0,0.3636,0.72,Hierarchical-Individual
0.7,0.5,0.3636,0.71,Hierarchical-Individual
0.42,1.0,0.3636,0.68,Distributed-Individual
0.42,1.0,0.3636,1.0,Distributed-Individual
0.74,0.5,0.3636,0.72,Hierarchical-Individual
0.7,1.0,0.3636,0.71,Hierarchical-Individual
0.42,0.5,0.3636,0.68,Distributed-Individual
0.42,0.5,0.3636,1.0,Distributed-Individual
0.74,0.0,0.3636,0.72,Hierarchical-Individual
0.7,0.5,0.3636,0.71,Hierarchical-Individual
0.42,1.0,0.3636,0.68,Distributed-Individual
0.42,1.0,0.3636,1.0,Distributed-Individual
0.74,0.5,0.3636,0.72,Hierarchical-Individual
0.7,1.0,0.3636,0.71,Hierarchical-Individual
0.42,0.5,0.3636,0.68,Distributed-Individual
0.42,0.5,0.3636,1.0,Distributed-Individual
0.74,0.0,0.3636,0.72,Hierarchical-Individual
0.7,0.5,0.3636,0.71,Hierarchical-Individual
0.42,1.0,0.3636,0.68,Distributed-Individual
0.42,1.0,0.3636,1.0,Distributed-Individual
0.74,0.5,0.3636,0.72,Hierarchical-Individual
0.7,1.0,0.3636,0.71,Hierarchical-Individual
0.42,0.5,0.3636,0.68,Distributed-Individual
0.42,0.5,0.3636,1.0,Distributed-Individual
0.74,0.0,0.3636,0.72,Hierarchical-Individual
0.7,0.5,0.3636,0.71,Hierarchical-Individual
0.45,0.0,0.7045,0.56,Hierarchical-Collective
0.45,0.5,0.7045,0.56,Hierarchical-Collective
0.74,0.5,0.4773,0.59,Hierarchical-Individual
0.97,0.5,0.4773,0.92,Distributed-Collective
0.74,1.0,0.4773,0.59,Hierarchical-Individual
0.97,1.0,0.4773,0.92,Distributed-Collective
0.74,0.5,0.4773,0.59,Hierarchical-Individual
0.97,0.5,0.4773,0.92,Distributed-Collective
0.74,0.5,0.4773,0.59,Hierarchical-Individual
0.97,0.5,0.4773,0.92,Distributed-Collective
0.74,1.0,0.4773,0.59,Hierarchical-Individual
0.97,1.0,0.4773,0.92,Distributed-Collective
0.74,1.0,0.4773,0.59,Hierarchical-Individual
0.97,1.0,0.4773,0.92,Distributed-Collective
0.85,1.0,0.7955,0.92,Distributed-Individual
0.54,1.0,0.7955,0.71,Hierarchical-Collective
0.64,0.5,0.3864,0.89,Distributed-Individual
0.52,0.5,0.3864,0.71,Distributed-Collective
0.64,1.0,0.3864,0.89,Distributed-Individual
0.52,1.0,0.3864,0.71,Distributed-Collective
0.64,1.0,0.3864,0.89,Distributed-Individual
0.52,1.0,0.3864,0.71,Distributed-Collective
0.64,0.5,0.3864,0.89,Distributed-Individual
0.52,0.5,0.3864,0.71,Distributed-Collective
0.64,1.0,0.3864,0.89,Distributed-Individual
0.52,1.0,0.3864,0.71,Distributed-Collective
0.64,0.5,0.3864,0.89,Distributed-Individual
0.52,0.5,0.3864,0.71,Distributed-Collective
0.64,0.5,0.3864,0.89,Distributed-Individual
0.52,0.5,0.3864,0.71,Distributed-Collective
0.64,1.0,0.3864,0.89,Distributed-Individual
0.52,1.0,0.3864,0.71,Distributed-Collective
0.64,1.0,0.3864,0.89,Distributed-Individual
0.52,1.0,0.3864,0.71,Distributed-Collective
0.64,0.5,0.3864,0.89,Distributed-Individual
0.52,0.5,0.3864,0.71,Distributed-Collective
0.48,1.0,0.3864,0.63,Distributed-Individual
0.48,1.0,0.3864,0.63,Distributed-Individual
0.48,0.5,0.3864,0.63,Distributed-Individual
0.48,0.5,0.3864,0.63,Distributed-Individual
0.48,1.0,0.3864,0.63,Distributed-Individual
0.48,1.0,0.3864,0.63,Distributed-Individual
0.48,0.5,0.3864,0.63,Distributed-Individual
0.48,1.0,0.3864,0.63,Distributed-Individual
0.48,0.5,0.3864,0.63,Distributed-Individual
0.71,0.0,0.5455,0.61,Hierarchical-Collective
0.71,0.5,0.5455,0.61,Hierarchical-Collective
0.71,0.5,0.5455,0.61,Hierarchical-Collective
0.71,0.5,0.5455,0.61,Hierarchical-Collective
0.71,0.0,0.5455,0.61,Hierarchical-Collective
0.71,0.5,0.5455,0.61,Hierarchical-Collective
0.71,0.0,0.5455,0.61,Hierarchical-Collective
0.97,1.0,0.7045,0.87,Hierarchical-Individual
0.64,1.0,0.5455,0.67,Hierarchical-Collective
0.64,1.0,0.5455,0.67,Hierarchical-Collective
0.64,1.0,0.5455,0.67,Hierarchical-Collective
0.64,1.0,0.5455,0.67,Hierarchical-Collective
0.64,1.0,0.5455,0.67,Hierarchical-Collective
0.79,0.0,0.4091,0.7,Hierarchical-Collective
0.42,0.5,0.4091,0.75,Hierarchical-Collective
0.79,0.0,0.4091,0.7,Hierarchical-Collective
0.42,0.5,0.4091,0.75,Hierarchical-Collective
0.79,0.0,0.4091,0.7,Hierarchical-Collective
0.42,0.5,0.4091,0.75,Hierarchical-Collective
0.79,0.5,0.4091,0.7,Hierarchical-Collective
0.42,1.0,0.4091,0.75,Hierarchical-Collective
0.74,0.0,0.5455,0.8,Distributed-Collective
0.47,0.0,0.5455,0.79,Distributed-Individual
0.9,0.5,0.5455,0.92,Distributed-Individual
0.74,0.0,0.5455,0.8,Distributed-Collective
0.47,0.0,0.5455,0.79,Distributed-Individual
0.9,0.5,0.5455,0.92,Distributed-Individual
0.74,0.0,0.5455,0.8,Distributed-Collective
0.47,0.0,0.5455,0.79,Distributed-Individual
0.9,0.5,0.5455,0.92,Distributed-Individual
0.56,1.0,0.6136,0.85,Hierarchical-Collective
0.56,1.0,0.6136,0.85,Hierarchical-Collective
0.56,1.0,0.6136,0.85,Hierarchical-Collective
0.56,0.5,0.6136,0.85,Hierarchical-Collective
0.56,1.0,0.6136,0.85,Hierarchical-Collective
0.56,1.0,0.6136,0.85,Hierarchical-Collective
0.56,0.5,0.6136,0.85,Hierarchical-Collective
0.56,1.0,0.6136,0.85,Hierarchical-Collective
0.74,1.0,0.5909,0.67,Distributed-Individual
0.62,1.0,0.5909,0.8,Distributed-Individual
0.75,1.0,0.5909,0.76,Distributed-Collective
0.74,0.5,0.5909,0.67,Distributed-Individual
0.62,0.5,0.5909,0.8,Distributed-Individual
0.75,0.5,0.5909,0.76,Distributed-Collective
0.74,0.5,0.5909,0.67,Distributed-Individual
0.62,0.5,0.5909,0.8,Distributed-Individual
0.75,0.5,0.5909,0.76,Distributed-Collective
0.41,1.0,0.6136,0.53,Hierarchical-Collective
0.91,1.0,0.6136,0.99,Hierarchical-Collective
0.41,1.0,0.6136,0.53,Hierarchical-Collective
0.91,1.0,0.6136,0.99,Hierarchical-Collective
0.41,0.5,0.6136,0.53,Hierarchical-Collective
0.91,0.5,0.6136,0.99,Hierarchical-Collective
0.41,1.0,0.6136,0.53,Hierarchical-Collective
0.91,1.0,0.6136,0.99,Hierarchical-Collective
0.66,1.0,0.4773,0.54,Distributed-Individual
0.53,0.5,0.4773,0.95,Hierarchical-Individual
0.66,1.0,0.4773,0.54,Distributed-Individual
0.53,0.5,0.4773,0.95,Hierarchical-Individual
0.66,1.0,0.4773,0.54,Distributed-Individual
0.53,0.5,0.4773,0.95,Hierarchical-Individual
0.66,1.0,0.4773,0.54,Distributed-Individual
0.53,0.5,0.4773,0.95,Hierarchical-Individual
0.66,0.5,0.4773,0.54,Distributed-Individual
0.53,0.0,0.4773,0.95,Hierarchical-Individual
0.66,1.0,0.4773,0.54,Distributed-Individual
0.53,0.5,0.4773,0.95,Hierarchical-Individual
0.66,0.5,0.4773,0.54,Distributed-Individual
0.53,0.0,0.4773,0.95,Hierarchical-Individual
0.66,1.0,0.4773,0.54,Distributed-Individual
0.53,0.5,0.4773,0.95,Hierarchical-Individual
0.46,1.0,0.3409,0.66,Hierarchical-Individual
0.81,1.0,0.3409,0.8,Distributed-Collective
0.74,0.5,0.3409,0.86,Distributed-Individual
0.93,1.0,0.3409,0.73,Hierarchical-Collective
0.46,1.0,0.3409,0.65,Distributed-Collective
0.82,0.5,0.3409,0.51,Hierarchical-Individual
0.46,1.0,0.3409,0.66,Hierarchical-Individual
0.81,1.0,0.3409,0.8,Distributed-Collective
0.74,0.5,0.3409,0.86,Distributed-Individual
0.93,1.0,0.3409,0.73,Hierarchical-Collective
0.46,1.0,0.3409,0.65,Distributed-Collective
0.82,0.5,0.3409,0.51,Hierarchical-Individual
0.46,1.0,0.3409,0.66,Hierarchical-Individual
0.81,1.0,0.3409,0.8,Distributed-Collective
0.74,0.5,0.3409,0.86,Distributed-Individual
0.93,1.0,0.3409,0.73,Hierarchical-Collective
0.46,1.0,0.3409,0.65,Distributed-Collective
0.82,0.5,0.3409,0.51,Hierarchical-Individual
0.46,0.5,0.3409,0.66,Hierarchical-Individual
0.81,0.5,0.3409,0.8,Distributed-Collective
0.74,0.0,0.3409,0.86,Distributed-Individual
0.93,0.5,0.3409,0.73,Hierarchical-Collective
0.46,0.5,0.3409,0.65,Distributed-Collective
0.82,0.0,0.3409,0.51,Hierarchical-Individual
0.46,1.0,0.3409,0.66,Hierarchical-Individual
0.81,1.0,0.3409,0.8,Distributed-Collective
0.74,0.5,0.3409,0.86,Distributed-Individual
0.93,1.0,0.3409,0.73,Hierarchical-Collective
0.46,1.0,0.3409,0.65,Distributed-Collective
0.82,0.5,0.3409,0.51,Hierarchical-Individual
0.75,0.5,0.4091,0.75,Distributed-Collective
0.75,0.5,0.4091,0.75,Distributed-Collective
0.75,0.5,0.4091,0.75,Distributed-Collective
0.75,0.0,0.4091,0.75,Distributed-Collective
0.75,0.5,0.4091,0.75,Distributed-Collective
0.75,0.5,0.4091,0.75,Distributed-Collective
0.75,0.5,0.4091,0.75,Distributed-Collective
0.64,0.5,0.4545,0.75,Hierarchical-Collective
0.64,0.5,0.4545,0.75,Hierarchical-Collective
0.64,0.5,0.4545,0.75,Hierarchical-Collective
0.64,0.5,0.4545,0.75,Hierarchical-Collective
0.64,0.0,0.4545,0.75,Hierarchical-Collective
0.64,0.0,0.4545,0.75,Hierarchical-Collective
0.86,0.0,0.6364,0.76,Hierarchical-Collective
0.98,0.5,0.6364,0.64,Distributed-Collective
0.86,0.0,0.6364,0.76,Hierarchical-Collective
0.98,0.5,0.6364,0.64,Distributed-Collective
0.86,0.5,0.6364,0.76,Hierarchical-Collective
0.98,1.0,0.6364,0.64,Distributed-Collective
0.86,0.0,0.6364,0.76,Hierarchical-Collective
0.98,0.5,0.6364,0.64,Distributed-Collective
0.54,0.5,0.2727,0.91,Hierarchical-Individual
0.6,0.5,0.2727,0.9,Distributed-Collective
0.54,1.0,0.2727,0.91,Hierarchical-Individual
0.6,1.0,0.2727,0.9,Distributed-Collective
0.54,1.0,0.2727,0.91,Hierarchical-Individual
0.6,1.0,0.2727,0.9,Distributed-Collective
0.54,0.5,0.2727,0.91,Hierarchical-Individual
0.6,0.5,0.2727,0.9,Distributed-Collective
0.54,0.5,0.2727,0.91,Hierarchical-Individual
0.6,0.5,0.2727,0.9,Distributed-Collective
0.49,0.5,0.5455,0.78,Distributed-Individual
0.52,0.5,0.5455,0.97,Distributed-Collective
0.87,0.5,0.5455,0.81,Distributed-Collective
0.49,0.5,0.5455,0.78,Distributed-Individual
0.52,0.5,0.5455,0.97,Distributed-Collective
0.87,0.5,0.5455,0.81,Distributed-Collective
0.49,0.0,0.5455,0.78,Distributed-Individual
0.52,0.0,0.5455,0.97,Distributed-Collective
0.87,0.0,0.5455,0.81,Distributed-Collective
0.49,0.5,0.5455,0.78,Distributed-Individual
0.52,0.5,0.5455,0.97,Distributed-Collective
0.87,0.5,0.5455,0.81,Distributed-Collective
0.49,0.5,0.5455,0.78,Distributed-Individual
0.52,0.5,0.5455,0.97,Distributed-Collective
0.87,0.5,0.5455,0.81,Distributed-Collective
0.87,0.5,0.75,0.9,Distributed-Collective
0.83,0.0,0.75,0.77,Hierarchical-Collective
0.63,1.0,0.4091,0.63,Hierarchical-Individual
0.79,0.5,0.4091,0.68,Distributed-Individual
0.63,1.0,0.4091,0.63,Hierarchical-Individual
0.79,0.5,0.4091,0.68,Distributed-Individual
0.63,1.0,0.4091,0.63,Hierarchical-Individual
0.79,0.5,0.4091,0.68,Distributed-Individual
0.63,1.0,0.4091,0.63,Hierarchical-Individual
0.79,0.5,0.4091,0.68,Distributed-Individual
0.63,0.5,0.4091,0.63,Hierarchical-Individual
0.79,0.0,0.4091,0.68,Distributed-Individual
0.63,1.0,0.4091,0.63,Hierarchical-Individual
0.79,0.5,0.4091,0.68,Distributed-Individual
0.72,1.0,0.4318,1.0,Hierarchical-Individual
0.76,1.0,0.4318,0.58,Distributed-Individual
0.72,0.5,0.4318,1.0,Hierarchical-Individual
0.76,0.5,0.4318,0.58,Distributed-Individual
0.72,1.0,0.4318,1.0,Hierarchical-Individual
0.76,1.0,0.4318,0.58,Distributed-Individual
0.72,0.5,0.4318,1.0,Hierarchical-Individual
0.76,0.5,0.4318,0.58,Distributed-Individual
0.75,0.0,0.5455,0.69,Hierarchical-Collective
0.75,0.5,0.5455,0.69,Hierarchical-Collective
0.75,0.0,0.5455,0.69,Hierarchical-Collective
0.75,0.5,0.5455,0.69,Hierarchical-Collective
0.75,0.5,0.5455,0.69,Hierarchical-Collective
0.75,0.0,0.5455,0.69,Hierarchical-Collective
0.75,0.5,0.5455,0.69,Hierarchical-Collective
0.68,1.0,0.3864,0.79,Hierarchical-Individual
0.68,1.0,0.3864,0.79,Hierarchical-Individual
0.68,1.0,0.3864,0.79,Hierarchical-Individual
0.68,0.5,0.3864,0.79,Hierarchical-Individual
0.68,0.5,0.3864,0.79,Hierarchical-Individual
0.68,0.5,0.3864,0.79,Hierarchical-Individual
0.61,0.5,0.3182,0.89,Distributed-Individual
0.63,1.0,0.3182,0.73,Distributed-Individual
0.61,0.0,0.3182,0.89,Distributed-Individual
0.63,0.5,0.3182,0.73,Distributed-Individual
0.61,0.0,0.3182,0.89,Distributed-Individual
0.63,0.5,0.3182,0.73,Distributed-Individual
0.75,0.5,0.3636,0.81,Hierarchical-Individual
0.88,1.0,0.3636,0.54,Hierarchical-Individual
0.51,0.5,0.3636,0.76,Hierarchical-Individual
0.75,0.5,0.3636,0.81,Hierarchical-Individual
0.88,1.0,0.3636,0.54,Hierarchical-Individual
0.51,0.5,0.3636,0.76,Hierarchical-Individual
0.75,0.5,0.3636,0.81,Hierarchical-Individual
0.88,1.0,0.3636,0.54,Hierarchical-Individual
0.51,0.5,0.3636,0.76,Hierarchical-Individual
0.75,0.5,0.3636,0.81,Hierarchical-Individual
0.88,1.0,0.3636,0.54,Hierarchical-Individual
0.51,0.5,0.3636,0.76,Hierarchical-Individual
0.79,1.0,0.6136,0.93,Hierarchical-Individual
0.68,0.5,0.6136,0.61,Distributed-Collective
0.44,0.5,0.6136,0.9,Distributed-Individual
0.62,1.0,0.6136,0.83,Hierarchical-Individual
0.82,1.0,0.25,0.53,Distributed-Collective
0.69,1.0,0.25,0.83,Hierarchical-Collective
0.82,0.5,0.25,0.97,Hierarchical-Individual
0.82,1.0,0.25,0.53,Distributed-Collective
0.69,1.0,0.25,0.83,Hierarchical-Collective
0.82,0.5,0.25,0.97,Hierarchical-Individual
0.82,1.0,0.25,0.53,Distributed-Collective
0.69,1.0,0.25,0.83,Hierarchical-Collective
0.82,0.5,0.25,0.97,Hierarchical-Individual
0.82,0.5,0.25,0.53,Distributed-Collective
0.69,0.5,0.25,0.83,Hierarchical-Collective
0.82,0.0,0.25,0.97,Hierarchical-Individual
0.71,0.5,0.6591,0.79,Distributed-Collective
0.62,1.0,0.6591,0.86,Hierarchical-Collective
0.99,1.0,0.6591,0.87,Hierarchical-Individual
0.66,1.0,0.6591,0.87,Hierarchical-Collective
0.84,1.0,0.6591,0.72,Distributed-Individual
0.45,1.0,0.6591,0.84,Hierarchical-Individual
0.71,0.0,0.6591,0.79,Distributed-Collective
0.62,0.5,0.6591,0.86,Hierarchical-Collective
0.99,0.5,0.6591,0.87,Hierarchical-Individual
0.66,0.5,0.6591,0.87,Hierarchical-Collective
0.84,0.5,0.6591,0.72,Distributed-Individual
0.45,0.5,0.6591,0.84,Hierarchical-Individual
0.71,0.5,0.6591,0.79,Distributed-Collective
0.62,1.0,0.6591,0.86,Hierarchical-Collective
0.99,1.0,0.6591,0.87,Hierarchical-Individual
0.66,1.0,0.6591,0.87,Hierarchical-Collective
0.84,1.0,0.6591,0.72,Distributed-Individual
0.45,1.0,0.6591,0.84,Hierarchical-Individual
0.44,0.5,0.7045,0.61,Distributed-Collective
0.41,0.5,0.1591,0.82,Hierarchical-Individual
0.7,0.0,0.1591,0.74,Distributed-Collective
0.93,0.5,0.5227,0.69,Hierarchical-Collective
1.0,0.5,0.5227,0.55,Hierarchical-Collective
0.9,0.0,0.5227,0.85,Hierarchical-Collective
0.93,0.5,0.5227,0.69,Hierarchical-Collective
1.0,0.5,0.5227,0.55,Hierarchical-Collective
0.9,0.0,0.5227,0.85,Hierarchical-Collective
0.93,1.0,0.5227,0.69,Hierarchical-Collective
1.0,1.0,0.5227,0.55,Hierarchical-Collective
0.9,0.5,0.5227,0.85,Hierarchical-Collective
0.93,1.0,0.5227,0.69,Hierarchical-Collective
1.0,1.0,0.5227,0.55,Hierarchical-Collective
0.9,0.5,0.5227,0.85,Hierarchical-Collective
0.93,0.5,0.5227,0.69,Hierarchical-Collective
1.0,0.5,0.5227,0.55,Hierarchical-Collective
0.9,0.0,0.5227,0.85,Hierarchical-Collective
0.93,0.5,0.5227,0.69,Hierarchical-Collective
1.0,0.5,0.5227,0.55,Hierarchical-Collective
0.9,0.0,0.5227,0.85,Hierarchical-Collective
0.93,1.0,0.5227,0.69,Hierarchical-Collective
1.0,1.0,0.5227,0.55,Hierarchical-Collective
0.9,0.5,0.5227,0.85,Hierarchical-Collective
0.92,0.0,0.3864,0.8,Distributed-Collective
0.84,0.5,0.3864,0.76,Hierarchical-Individual
0.92,0.5,0.3864,0.8,Distributed-Collective
0.84,1.0,0.3864,0.76,Hierarchical-Individual
0.92,0.5,0.3864,0.8,Distributed-Collective
0.84,1.0,0.3864,0.76,Hierarchical-Individual
0.92,0.0,0.3864,0.8,Distributed-Collective
0.84,0.5,0.3864,0.76,Hierarchical-Individual
0.92,0.0,0.3864,0.8,Distributed-Collective
0.84,0.5,0.3864,0.76,Hierarchical-Individual
0.63,0.5,0.3182,0.91,Distributed-Individual
0.66,0.5,0.3182,0.62,Hierarchical-Collective
0.63,0.5,0.3182,0.91,Distributed-Individual
0.66,0.5,0.3182,0.62,Hierarchical-Collective
0.63,0.5,0.3182,0.91,Distributed-Individual
0.66,0.5,0.3182,0.62,Hierarchical-Collective
0.63,0.5,0.3182,0.91,Distributed-Individual
0.66,0.5,0.3182,0.62,Hierarchical-Collective
0.52,0.5,0.5455,0.5,Distributed-Individual
0.52,0.5,0.5455,0.5,Distributed-Individual
0.52,0.5,0.5455,0.5,Distributed-Individual
0.41,0.0,0.7045,0.98,Distributed-Individual
0.48,0.5,0.7045,0.94,Distributed-Individual
0.57,0.5,0.3636,0.96,Hierarchical-Individual
0.64,0.5,0.3636,0.93,Hierarchical-Individual
0.73,0.5,0.3636,0.81,Distributed-Collective
0.57,1.0,0.3636,0.96,Hierarchical-Individual
0.64,1.0,0.3636,0.93,Hierarchical-Individual
0.73,1.0,0.3636,0.81,Distributed-Collective
0.57,1.0,0.3636,0.96,Hierarchical-Individual
0.64,1.0,0.3636,0.93,Hierarchical-Individual
0.73,1.0,0.3636,0.81,Distributed-Collective
0.79,1.0,0.4318,0.77,Distributed-Individual
0.94,1.0,0.4318,0.88,Distributed-Individual
0.79,0.5,0.4318,0.77,Distributed-Individual
0.94,0.5,0.4318,0.88,Distributed-Individual
0.79,0.5,0.4318,0.77,Distributed-Individual
0.94,0.5,0.4318,0.88,Distributed-Individual
0.79,0.5,0.4318,0.77,Distributed-Individual
0.94,0.5,0.4318,0.88,Distributed-Individual
0.79,1.0,0.4318,0.77,Distributed-Individual
0.94,1.0,0.4318,0.88,Distributed-Individual
0.44,0.0,0.5,0.89,Distributed-Individual
0.91,0.5,0.5,0.59,Hierarchical-Individual
0.44,0.0,0.5,0.89,Distributed-Individual
0.91,0.5,0.5,0.59,Hierarchical-Individual
0.44,0.0,0.5,0.89,Distributed-Individual
0.91,0.5,0.5,0.59,Hierarchical-Individual
0.44,0.0,0.5,0.89,Distributed-Individual
0.91,0.5,0.5,0.59,Hierarchical-Individual
0.44,0.5,0.5,0.89,Distributed-Individual
0.91,1.0,0.5,0.59,Hierarchical-Individual
0.44,0.5,0.5,0.89,Distributed-Individual
0.91,1.0,0.5,0.59,Hierarchical-Individual
0.44,0.0,0.5,0.89,Distributed-Individual
0.91,0.5,0.5,0.59,Hierarchical-Individual
0.81,1.0,0.2727,0.79,Distributed-Individual
0.81,1.0,0.2727,0.79,Distributed-Individual
0.61,0.0,0.6591,0.99,Distributed-Collective
0.62,0.5,0.6591,0.55,Hierarchical-Individual
0.61,0.5,0.6591,0.99,Distributed-Collective
0.62,1.0,0.6591,0.55,Hierarchical-Individual
0.61,0.5,0.6591,0.99,Distributed-Collective
0.62,1.0,0.6591,0.55,Hierarchical-Individual
0.61,0.5,0.6591,0.99,Distributed-Collective
0.62,1.0,0.6591,0.55,Hierarchical-Individual
0.46,0.5,0.5,0.92,Distributed-Collective
0.55,0.0,0.5,0.69,Hierarchical-Collective
0.75,0.5,0.5,0.98,Distributed-Individual
0.52,0.5,0.5,0.92,Hierarchical-Individual
0.46,1.0,0.5,0.92,Distributed-Collective
0.55,0.5,0.5,0.69,Hierarchical-Collective
0.75,1.0,0.5,0.98,Distributed-Individual
0.52,1.0,0.5,0.92,Hierarchical-Individual
0.46,0.5,0.5,0.92,Distributed-Collective
0.55,0.0,0.5,0.69,Hierarchical-Collective
0.75,0.5,0.5,0.98,Distributed-Individual
0.52,0.5,0.5,0.92,Hierarchical-Individual
0.46,1.0,0.5,0.92,Distributed-Collective
0.55,0.5,0.5,0.69,Hierarchical-Collective
0.75,1.0,0.5,0.98,Distributed-Individual
0.52,1.0,0.5,0.92,Hierarchical-Individual
0.46,1.0,0.5,0.92,Distributed-Collective
0.55,0.5,0.5,0.69,Hierarchical-Collective
0.75,1.0,0.5,0.98,Distributed-Individual
0.52,1.0,0.5,0.92,Hierarchical-Individual
0.63,1.0,0.5227,0.84,Hierarchical-Collective
0.63,1.0,0.5227,0.84,Hierarchical-Collective
0.63,1.0,0.5227,0.84,Hierarchical-Collective
0.63,0.5,0.5227,0.84,Hierarchical-Collective
0.63,1.0,0.5227,0.84,Hierarchical-Collective
0.63,0.5,0.5227,0.84,Hierarchical-Collective
0.78,1.0,0.6364,0.94,Hierarchical-Collective
0.91,1.0,0.6364,0.85,Distributed-Individual
0.45,0.5,0.6364,0.94,Hierarchical-Individual
0.78,0.5,0.6364,0.94,Hierarchical-Collective
0.91,0.5,0.6364,0.85,Distributed-Individual
0.45,0.0,0.6364,0.94,Hierarchical-Individual
0.67,1.0,0.4318,0.55,Distributed-Individual
0.44,1.0,0.4318,0.7,Distributed-Individual
0.86,0.5,0.4318,0.54,Hierarchical-Individual
0.54,0.5,0.4318,0.65,Distributed-Collective
0.67,1.0,0.4318,0.55,Distributed-Individual
0.44,1.0,0.4318,0.7,Distributed-Individual
0.86,0.5,0.4318,0.54,Hierarchical-Individual
0.54,0.5,0.4318,0.65,Distributed-Collective
0.67,1.0,0.4318,0.55,Distributed-Individual
0.44,1.0,0.4318,0.7,Distributed-Individual
0.86,0.5,0.4318,0.54,Hierarchical-Individual
0.54,0.5,0.4318,0.65,Distributed-Collective
0.4,0.0,0.3636,0.64,Distributed-Collective
0.4,0.5,0.3636,0.64,Distributed-Collective
0.4,0.5,0.3636,0.64,Distributed-Collective
0.4,0.0,0.3636,0.64,Distributed-Collective
0.4,0.0,0.3636,0.64,Distributed-Collective
0.4,0.0,0.3636,0.64,Distributed-Collective
0.4,0.5,0.3636,0.64,Distributed-Collective
0.4,0.5,0.3636,0.64,Distributed-Collective
0.4,0.5,0.3636,0.64,Distributed-Collective
0.61,0.5,0.7045,0.83,Distributed-Collective
0.86,0.0,0.25,0.82,Hierarchical-Collective
0.5,0.0,0.25,1.0,Hierarchical-Collective
0.98,0.5,0.4773,0.64,Distributed-Collective
0.82,0.5,0.4773,0.95,Distributed-Individual
0.84,0.5,0.4773,0.74,Distributed-Individual
0.98,1.0,0.4773,0.64,Distributed-Collective
0.82,1.0,0.4773,0.95,Distributed-Individual
0.84,1.0,0.4773,0.74,Distributed-Individual
0.98,1.0,0.4773,0.64,Distributed-Collective
0.82,1.0,0.4773,0.95,Distributed-Individual
0.84,1.0,0.4773,0.74,Distributed-Individual
0.98,1.0,0.4773,0.64,Distributed-Collective
0.82,1.0,0.4773,0.95,Distributed-Individual
0.84,1.0,0.4773,0.74,Distributed-Individual
0.98,1.0,0.4773,0.64,Distributed-Collective
0.82,1.0,0.4773,0.95,Distributed-Individual
0.84,1.0,0.4773,0.74,Distributed-Individual
0.6,1.0,0.3636,0.61,Distributed-Collective
0.6,1.0,0.3636,0.61,Distributed-Collective
0.6,0.5,0.3636,0.61,Distributed-Collective
0.78,0.5,0.2045,0.75,Distributed-Collective
0.81,0.0,0.2045,1.0,Hierarchical-Collective
0.93,0.0,0.2045,0.71,Distributed-Individual
0.78,1.0,0.2045,0.75,Distributed-Collective
0.81,0.5,0.2045,1.0,Hierarchical-Collective
0.93,0.5,0.2045,0.71,Distributed-Individual
0.44,1.0,0.1136,0.54,Distributed-Collective
0.56,0.5,0.2273,0.76,Hierarchical-Collective
0.56,0.0,0.2273,0.76,Hierarchical-Collective
0.56,0.5,0.2273,0.76,Hierarchical-Collective
0.56,0.5,0.5682,0.93,Distributed-Individual
0.56,1.0,0.5682,0.93,Distributed-Individual
0.56,1.0,0.5682,0.93,Distributed-Individual
0.56,1.0,0.5682,0.93,Distributed-Individual
0.56,1.0,0.5682,0.93,Distributed-Individual
0.88,0.5,0.5682,0.92,Hierarchical-Individual
0.67,0.5,0.5682,0.59,Hierarchical-Individual
0.62,1.0,0.5682,0.66,Hierarchical-Individual
0.88,0.5,0.5682,0.92,Hierarchical-Individual
0.67,0.5,0.5682,0.59,Hierarchical-Individual
0.62,1.0,0.5682,0.66,Hierarchical-Individual
0.88,0.5,0.5682,0.92,Hierarchical-Individual
0.67,0.5,0.5682,0.59,Hierarchical-Individual
0.62,1.0,0.5682,0.66,Hierarchical-Individual
0.88,0.0,0.5682,0.92,Hierarchical-Individual
0.67,0.0,0.5682,0.59,Hierarchical-Individual
0.62,0.5,0.5682,0.66,Hierarchical-Individual
0.95,1.0,0.5227,0.77,Hierarchical-Individual
0.95,1.0,0.5227,0.77,Hierarchical-Individual
0.95,1.0,0.5227,0.77,Hierarchical-Individual
0.95,1.0,0.5227,0.77,Hierarchical-Individual
0.95,1.0,0.5227,0.77,Hierarchical-Individual
0.95,1.0,0.5227,0.77,Hierarchical-Individual
0.95,1.0,0.5227,0.77,Hierarchical-Individual
0.54,0.5,0.6591,0.59,Distributed-Individual
0.9,1.0,0.5682,0.73,Hierarchical-Collective
0.9,1.0,0.5682,0.73,Hierarchical-Collective
0.9,0.5,0.5682,0.73,Hierarchical-Collective
0.9,1.0,0.5682,0.73,Hierarchical-Collective
0.9,1.0,0.5682,0.73,Hierarchical-Collective
0.9,0.5,0.5682,0.73,Hierarchical-Collective
0.85,0.5,0.1818,0.72,Distributed-Individual
0.54,1.0,0.1818,0.68,Distributed-Collective
0.43,1.0,0.1818,0.6,Hierarchical-Individual
0.79,0.5,0.1818,0.9,Hierarchical-Individual
0.98,1.0,0.1818,0.81,Hierarchical-Individual
0.86,0.0,0.4318,0.66,Hierarchical-Individual
0.78,0.5,0.4318,0.91,Hierarchical-Individual
0.86,0.0,0.4318,0.66,Hierarchical-Individual
0.78,0.5,0.4318,0.91,Hierarchical-Individual
0.86,0.5,0.4318,0.66,Hierarchical-Individual
0.78,1.0,0.4318,0.91,Hierarchical-Individual
0.86,0.0,0.4318,0.66,Hierarchical-Individual
0.78,0.5,0.4318,0.91,Hierarchical-Individual
0.94,0.0,0.4091,0.76,Hierarchical-Collective
0.51,0.5,0.4091,0.63,Hierarchical-Individual
0.53,0.5,0.4091,0.66,Hierarchical-Collective
0.94,0.5,0.4091,0.76,Hierarchical-Collective
0.51,1.0,0.4091,0.63,Hierarchical-Individual
0.53,1.0,0.4091,0.66,Hierarchical-Collective
0.94,0.5,0.4091,0.76,Hierarchical-Collective
0.51,1.0,0.4091,0.63,Hierarchical-Individual
0.53,1.0,0.4091,0.66,Hierarchical-Collective
0.94,0.0,0.4091,0.76,Hierarchical-Collective
0.51,0.5,0.4091,0.63,Hierarchical-Individual
0.53,0.5,0.4091,0.66,Hierarchical-Collective
0.94,0.5,0.4091,0.76,Hierarchical-Collective
0.51,1.0,0.4091,0.63,Hierarchical-Individual
0.53,1.0,0.4091,0.66,Hierarchical-Collective
0.94,0.5,0.4091,0.76,Hierarchical-Collective
0.51,1.0,0.4091,0.63,Hierarchical-Individual
0.53,1.0,0.4091,0.66,Hierarchical-Collective
0.94,0.5,0.4091,0.76,Hierarchical-Collective
0.51,1.0,0.4091,0.63,Hierarchical-Individual
0.53,1.0,0.4091,0.66,Hierarchical-Collective
0.77,0.5,0.7045,0.73,Distributed-Collective
0.69,1.0,0.7045,0.59,Hierarchical-Individual
0.77,0.5,0.7045,0.73,Distributed-Collective
0.69,1.0,0.7045,0.59,Hierarchical-Individual
0.77,0.5,0.7045,0.73,Distributed-Collective
0.69,1.0,0.7045,0.59,Hierarchical-Individual
0.64,1.0,0.6364,0.87,Distributed-Individual
0.8,0.5,0.5909,0.84,Distributed-Individual
0.45,0.0,0.5909,0.97,Distributed-Individual
0.8,1.0,0.5909,0.84,Distributed-Individual
0.45,0.5,0.5909,0.97,Distributed-Individual
0.57,0.5,0.4545,0.99,Distributed-Collective
0.41,0.5,0.4545,0.65,Distributed-Individual
0.57,0.5,0.4545,0.99,Distributed-Collective
0.41,0.5,0.4545,0.65,Distributed-Individual
0.57,1.0,0.4545,0.99,Distributed-Collective
0.41,1.0,0.4545,0.65,Distributed-Individual
0.57,1.0,0.4545,0.99,Distributed-Collective
0.41,1.0,0.4545,0.65,Distributed-Individual
0.57,0.5,0.4545,0.99,Distributed-Collective
0.41,0.5,0.4545,0.65,Distributed-Individual
0.57,1.0,0.4545,0.99,Distributed-Collective
0.41,1.0,0.4545,0.65,Distributed-Individual
0.89,0.5,0.3636,0.52,Hierarchical-Collective
0.42,0.5,0.3636,0.82,Distributed-Collective
0.69,1.0,0.3636,0.83,Hierarchical-Collective
0.89,0.0,0.3636,0.52,Hierarchical-Collective
0.42,0.0,0.3636,0.82,Distributed-Collective
0.69,0.5,0.3636,0.83,Hierarchical-Collective
0.89,0.5,0.3636,0.52,Hierarchical-Collective
0.42,0.5,0.3636,0.82,Distributed-Collective
0.69,1.0,0.3636,0.83,Hierarchical-Collective
0.89,0.0,0.3636,0.52,Hierarchical-Collective
0.42,0.0,0.3636,0.82,Distributed-Collective
0.69,0.5,0.3636,0.83,Hierarchical-Collective
0.89,0.5,0.3636,0.52,Hierarchical-Collective
0.42,0.5,0.3636,0.82,Distributed-Collective
0.69,1.0,0.3636,0.83,Hierarchical-Collective
0.88,0.5,0.5,0.69,Distributed-Individual
0.88,1.0,0.5,0.69,Distributed-Individual
0.88,0.5,0.5,0.69,Distributed-Individual
0.76,1.0,0.5682,0.83,Distributed-Collective
0.76,0.5,0.5682,0.83,Distributed-Collective
0.88,1.0,0.3636,0.79,Hierarchical-Collective
0.73,1.0,0.3636,0.82,Distributed-Collective
0.56,0.5,0.3636,0.67,Hierarchical-Individual
0.52,1.0,0.3636,0.85,Hierarchical-Collective
0.88,0.5,0.3636,0.79,Hierarchical-Collective
0.73,0.5,0.3636,0.82,Distributed-Collective
0.56,0.0,0.3636,0.67,Hierarchical-Individual
0.52,0.5,0.3636,0.85,Hierarchical-Collective
0.88,1.0,0.3636,0.79,Hierarchical-Collective
0.73,1.0,0.3636,0.82,Distributed-Collective
0.56,0.5,0.3636,0.67,Hierarchical-Individual
0.52,1.0,0.3636,0.85,Hierarchical-Collective
0.88,0.5,0.3636,0.79,Hierarchical-Collective
0.73,0.5,0.3636,0.82,Distributed-Collective
0.56,0.0,0.3636,0.67,Hierarchical-Individual
0.52,0.5,0.3636,0.85,Hierarchical-Collective
0.96,1.0,0.6818,0.7,Hierarchical-Individual
0.87,0.5,0.6818,0.75,Hierarchical-Individual
0.77,1.0,0.6818,0.65,Hierarchical-Individual
0.75,1.0,0.6818,0.5,Distributed-Collective
0.69,0.5,0.6818,0.88,Distributed-Individual
0.96,0.5,0.6818,0.7,Hierarchical-Individual
0.87,0.0,0.6818,0.75,Hierarchical-Individual
0.77,0.5,0.6818,0.65,Hierarchical-Individual
0.75,0.5,0.6818,0.5,Distributed-Collective
0.69,0.0,0.6818,0.88,Distributed-Individual
0.85,1.0,0.3636,0.77,Distributed-Collective
0.85,1.0,0.3636,0.77,Distributed-Collective
0.43,0.0,0.5227,0.67,Distributed-Individual
0.58,0.0,0.5227,0.67,Hierarchical-Individual
0.43,0.5,0.5227,0.67,Distributed-Individual
0.58,0.5,0.5227,0.67,Hierarchical-Individual
0.43,0.5,0.5227,0.67,Distributed-Individual
0.58,0.5,0.5227,0.67,Hierarchical-Individual
0.43,0.5,0.5227,0.67,Distributed-Individual
0.58,0.5,0.5227,0.67,Hierarchical-Individual
0.43,0.5,0.5227,0.67,Distributed-Individual
0.58,0.5,0.5227,0.67,Hierarchical-Individual
0.43,0.5,0.5227,0.67,Distributed-Individual
0.58,0.5,0.5227,0.67,Hierarchical-Individual
1.0,1.0,0.75,0.82,Hierarchical-Collective
1.0,1.0,0.75,0.82,Hierarchical-Collective
1.0,0.5,0.75,0.82,Hierarchical-Collective
0.69,0.5,0.6818,0.64,Hierarchical-Collective
0.84,0.5,0.6818,0.65,Hierarchical-Individual
0.69,0.5,0.6818,0.64,Hierarchical-Collective
0.84,0.5,0.6818,0.65,Hierarchical-Individual
0.69,0.5,0.6818,0.64,Hierarchical-Collective
0.84,0.5,0.6818,0.65,Hierarchical-Individual
0.69,0.5,0.6818,0.64,Hierarchical-Collective
0.84,0.5,0.6818,0.65,Hierarchical-Individual
0.44,0.5,0.5227,0.96,Distributed-Collective
0.44,0.0,0.5227,0.96,Distributed-Collective
0.44,0.5,0.5227,0.96,Distributed-Collective
0.44,0.0,0.5227,0.96,Distributed-Collective
0.44,0.5,0.5227,0.96,Distributed-Collective
0.44,0.0,0.5227,0.96,Distributed-Collective
0.83,1.0,0.5455,0.58,Distributed-Collective
0.62,0.5,0.5455,0.64,Distributed-Collective
0.55,0.5,0.5455,0.98,Hierarchical-Collective
0.83,1.0,0.5455,0.58,Distributed-Collective
0.62,0.5,0.5455,0.64,Distributed-Collective
0.55,0.5,0.5455,0.98,Hierarchical-Collective
0.83,1.0,0.5455,0.58,Distributed-Collective
0.62,0.5,0.5455,0.64,Distributed-Collective
0.55,0.5,0.5455,0.98,Hierarchical-Collective
0.83,1.0,0.5455,0.58,Distributed-Collective
0.62,0.5,0.5455,0.64,Distributed-Collective
0.55,0.5,0.5455,0.98,Hierarchical-Collective
0.83,0.5,0.5455,0.58,Distributed-Collective
0.62,0.0,0.5455,0.64,Distributed-Collective
0.55,0.0,0.5455,0.98,Hierarchical-Collective
0.83,1.0,0.5455,0.58,Distributed-Collective
0.62,0.5,0.5455,0.64,Distributed-Collective
0.55,0.5,0.5455,0.98,Hierarchical-Collective
0.83,1.0,0.5455,0.58,Distributed-Collective
0.62,0.5,0.5455,0.64,Distributed-Collective
0.55,0.5,0.5455,0.98,Hierarchical-Collective
0.83,1.0,0.5455,0.58,Distributed-Collective
0.62,0.5,0.5455,0.64,Distributed-Collective
0.55,0.5,0.5455,0.98,Hierarchical-Collective
0.83,1.0,0.5455,0.58,Distributed-Collective
0.62,0.5,0.5455,0.64,Distributed-Collective
0.55,0.5,0.5455,0.98,Hierarchical-Collective
0.73,0.0,0.4091,0.72,Distributed-Collective
0.53,0.5,0.4091,0.75,Distributed-Collective
0.73,0.0,0.4091,0.72,Distributed-Collective
0.53,0.5,0.4091,0.75,Distributed-Collective
0.73,0.5,0.4091,0.72,Distributed-Collective
0.53,1.0,0.4091,0.75,Distributed-Collective
0.73,0.0,0.4091,0.72,Distributed-Collective
0.53,0.5,0.4091,0.75,Distributed-Collective
0.69,0.0,0.2273,0.57,Distributed-Individual
0.76,0.0,0.2273,0.66,Distributed-Collective
0.75,0.5,0.6591,0.66,Distributed-Collective
0.75,0.0,0.6591,0.66,Distributed-Collective
0.96,0.0,0.2955,0.56,Distributed-Individual
0.51,0.0,0.2955,0.57,Distributed-Collective
0.96,0.5,0.2955,0.56,Distributed-Individual
0.51,0.5,0.2955,0.57,Distributed-Collective
0.96,0.0,0.2955,0.56,Distributed-Individual
0.51,0.0,0.2955,0.57,Distributed-Collective
0.96,0.0,0.2955,0.56,Distributed-Individual
0.51,0.0,0.2955,0.57,Distributed-Collective
0.9,0.0,0.5909,0.98,Distributed-Collective
0.94,0.5,0.5909,0.79,Distributed-Individual
0.9,0.5,0.5909,0.98,Distributed-Collective
0.94,1.0,0.5909,0.79,Distributed-Individual
0.9,0.0,0.5909,0.98,Distributed-Collective
0.94,0.5,0.5909,0.79,Distributed-Individual
0.9,0.0,0.5909,0.98,Distributed-Collective
0.94,0.5,0.5909,0.79,Distributed-Individual
0.99,1.0,0.6818,0.73,Hierarchical-Collective
0.57,0.5,0.5682,0.73,Distributed-Individual
0.56,1.0,0.5682,0.81,Distributed-Collective
0.57,0.5,0.5682,0.73,Distributed-Individual
0.56,1.0,0.5682,0.81,Distributed-Collective
0.57,0.5,0.5682,0.73,Distributed-Individual
0.56,1.0,0.5682,0.81,Distributed-Collective
0.57,0.0,0.5682,0.73,Distributed-Individual
0.56,0.5,0.5682,0.81,Distributed-Collective
0.57,0.5,0.5682,0.73,Distributed-Individual
0.56,1.0,0.5682,0.81,Distributed-Collective
0.57,0.5,0.5682,0.73,Distributed-Individual
0.56,1.0,0.5682,0.81,Distributed-Collective
0.57,0.5,0.5682,0.73,Distributed-Individual
0.56,1.0,0.5682,0.81,Distributed-Collective
0.97,0.5,0.25,0.76,Hierarchical-Individual
0.97,1.0,0.25,0.76,Hierarchical-Individual
0.97,1.0,0.25,0.76,Hierarchical-Individual
0.68,1.0,0.6591,0.99,Distributed-Collective
0.42,0.5,0.6591,0.55,Hierarchical-Collective
0.44,1.0,0.5227,0.87,Distributed-Individual
0.9,0.5,0.5227,0.72,Distributed-Collective
0.44,1.0,0.5227,0.87,Distributed-Individual
0.9,0.5,0.5227,0.72,Distributed-Collective
0.44,0.5,0.5227,0.87,Distributed-Individual
0.9,0.0,0.5227,0.72,Distributed-Collective
0.89,1.0,0.5,0.89,Distributed-Collective
0.89,0.5,0.5,0.89,Distributed-Collective
0.52,0.0,0.3636,0.56,Distributed-Collective
0.56,0.5,0.3636,0.63,Distributed-Individual
0.52,0.0,0.3636,0.56,Distributed-Collective
0.56,0.5,0.3636,0.63,Distributed-Individual
0.52,0.0,0.3636,0.56,Distributed-Collective
0.56,0.5,0.3636,0.63,Distributed-Individual
0.52,0.0,0.3636,0.56,Distributed-Collective
0.56,0.5,0.3636,0.63,Distributed-Individual
0.52,0.0,0.3636,0.56,Distributed-Collective
0.56,0.5,0.3636,0.63,Distributed-Individual
0.9,0.5,0.4545,0.62,Hierarchical-Collective
0.97,0.5,0.4545,0.61,Distributed-Collective
0.9,1.0,0.4545,0.62,Hierarchical-Collective
0.97,1.0,0.4545,0.61,Distributed-Collective
0.96,0.5,0.6136,0.74,Distributed-Collective
0.51,0.0,0.6136,0.97,Distributed-Collective
0.96,0.5,0.6136,0.74,Distributed-Collective
0.51,0.0,0.6136,0.97,Distributed-Collective
0.96,1.0,0.6136,0.74,Distributed-Collective
0.51,0.5,0.6136,0.97,Distributed-Collective
0.86,1.0,0.5227,0.96,Distributed-Individual
0.82,0.5,0.5227,0.96,Hierarchical-Individual
0.93,1.0,0.5227,0.58,Distributed-Individual
0.65,1.0,0.5227,0.92,Hierarchical-Individual
0.86,0.5,0.5227,0.96,Distributed-Individual
0.82,0.0,0.5227,0.96,Hierarchical-Individual
0.93,0.5,0.5227,0.58,Distributed-Individual
0.65,0.5,0.5227,0.92,Hierarchical-Individual
0.86,0.5,0.5227,0.96,Distributed-Individual
0.82,0.0,0.5227,0.96,Hierarchical-Individual
0.93,0.5,0.5227,0.58,Distributed-Individual
0.65,0.5,0.5227,0.92,Hierarchical-Individual
0.68,0.0,0.5682,0.86,Distributed-Collective
0.74,0.5,0.5682,0.86,Hierarchical-Collective
0.95,0.0,0.6136,0.99,Hierarchical-Individual
0.58,0.5,0.6136,0.62,Distributed-Collective
0.84,0.5,0.6136,0.77,Hierarchical-Individual
0.72,0.0,0.6136,0.66,Hierarchical-Collective
0.95,0.0,0.6136,0.99,Hierarchical-Individual
0.58,0.5,0.6136,0.62,Distributed-Collective
0.84,0.5,0.6136,0.77,Hierarchical-Individual
0.72,0.0,0.6136,0.66,Hierarchical-Collective
0.52,0.5,0.4545,0.57,Distributed-Individual
0.52,0.5,0.4545,0.57,Distributed-Individual
0.52,1.0,0.4545,0.57,Distributed-Individual
0.52,1.0,0.4545,0.57,Distributed-Individual
0.52,1.0,0.4545,0.57,Distributed-Individual
0.52,0.5,0.4545,0.57,Distributed-Individual
0.83,1.0,0.2727,0.69,Hierarchical-Collective
0.5,1.0,0.2727,0.94,Distributed-Collective
0.83,0.5,0.2727,0.69,Hierarchical-Collective
0.5,0.5,0.2727,0.94,Distributed-Collective
0.83,0.5,0.2727,0.69,Hierarchical-Collective
0.5,0.5,0.2727,0.94,Distributed-Collective
0.62,1.0,0.25,0.75,Hierarchical-Individual
0.83,1.0,0.25,0.52,Distributed-Individual
0.73,0.5,0.25,0.85,Hierarchical-Individual
0.8,1.0,0.25,0.62,Hierarchical-Collective
0.62,1.0,0.25,0.75,Hierarchical-Individual
0.83,1.0,0.25,0.52,Distributed-Individual
0.73,0.5,0.25,0.85,Hierarchical-Individual
0.8,1.0,0.25,0.62,Hierarchical-Collective
0.62,1.0,0.25,0.75,Hierarchical-Individual
0.83,1.0,0.25,0.52,Distributed-Individual
0.73,0.5,0.25,0.85,Hierarchical-Individual
0.8,1.0,0.25,0.62,Hierarchical-Collective
0.62,0.5,0.25,0.75,Hierarchical-Individual
0.83,0.5,0.25,0.52,Distributed-Individual
0.73,0.0,0.25,0.85,Hierarchical-Individual
0.8,0.5,0.25,0.62,Hierarchical-Collective
0.51,0.5,0.6591,0.52,Hierarchical-Collective
0.89,0.0,0.6591,0.69,Hierarchical-Individual
0.51,1.0,0.6591,0.52,Hierarchical-Collective
0.89,0.5,0.6591,0.69,Hierarchical-Individual
0.9,1.0,0.4091,0.89,Distributed-Individual
0.45,1.0,0.4091,0.96,Distributed-Collective
0.9,0.5,0.4091,0.89,Distributed-Individual
0.45,0.5,0.4091,0.96,Distributed-Collective
0.9,1.0,0.4091,0.89,Distributed-Individual
0.45,1.0,0.4091,0.96,Distributed-Collective
0.9,0.5,0.4091,0.89,Distributed-Individual
0.45,0.5,0.4091,0.96,Distributed-Collective
0.66,1.0,0.5227,0.56,Distributed-Individual
0.66,0.5,0.5227,0.56,Distributed-Individual
0.66,1.0,0.5227,0.56,Distributed-Individual
0.66,0.5,0.5227,0.56,Distributed-Individual
0.66,1.0,0.5227,0.56,Distributed-Individual
0.68,0.5,0.5909,0.65,Hierarchical-Collective
0.77,1.0,0.5909,0.93,Hierarchical-Individual
0.9,0.5,0.4773,0.53,Distributed-Individual
0.88,0.5,0.4773,0.6,Hierarchical-Collective
0.9,0.5,0.4773,0.53,Distributed-Individual
0.88,0.5,0.4773,0.6,Hierarchical-Collective
0.56,0.0,0.4091,0.83,Distributed-Collective
0.54,0.0,0.4091,0.67,Hierarchical-Individual
0.56,0.0,0.4091,0.83,Distributed-Collective
0.54,0.0,0.4091,0.67,Hierarchical-Individual
0.56,0.5,0.4091,0.83,Distributed-Collective
0.54,0.5,0.4091,0.67,Hierarchical-Individual
0.56,0.0,0.4091,0.83,Distributed-Collective
0.54,0.0,0.4091,0.67,Hierarchical-Individual
0.56,0.5,0.4091,0.83,Distributed-Collective
0.54,0.5,0.4091,0.67,Hierarchical-Individual
0.56,0.5,0.4091,0.83,Distributed-Collective
0.54,0.5,0.4091,0.67,Hierarchical-Individual
0.45,0.0,0.4545,0.82,Hierarchical-Collective
0.45,0.5,0.4545,0.82,Hierarchical-Collective
0.45,0.0,0.4545,0.82,Hierarchical-Collective
0.45,0.0,0.4545,0.82,Hierarchical-Collective
0.45,0.5,0.4545,0.82,Hierarchical-Collective
0.45,0.5,0.4545,0.82,Hierarchical-Collective
0.47,1.0,0.5455,0.95,Distributed-Individual
0.64,1.0,0.5455,1.0,Hierarchical-Individual
0.47,1.0,0.5455,0.95,Distributed-Individual
0.64,1.0,0.5455,1.0,Hierarchical-Individual
0.47,1.0,0.5455,0.95,Distributed-Individual
0.64,1.0,0.5455,1.0,Hierarchical-Individual
0.47,1.0,0.5455,0.95,Distributed-Individual
0.64,1.0,0.5455,1.0,Hierarchical-Individual
0.47,0.5,0.5455,0.95,Distributed-Individual
0.64,0.5,0.5455,1.0,Hierarchical-Individual
0.95,0.5,0.4545,0.89,Distributed-Individual
0.42,0.5,0.4545,0.84,Distributed-Individual
0.55,1.0,0.1818,0.68,Distributed-Individual
0.44,1.0,0.1818,0.72,Distributed-Individual
0.46,1.0,0.5682,0.87,Distributed-Individual
0.84,1.0,0.5682,0.94,Distributed-Individual
0.63,0.5,0.5682,0.85,Hierarchical-Collective
0.88,0.5,0.5682,0.98,Distributed-Collective
0.55,1.0,0.5682,0.58,Hierarchical-Collective
0.99,0.5,0.5682,0.6,Distributed-Collective
0.4,1.0,0.5682,0.71,Hierarchical-Collective
0.52,0.5,0.75,0.87,Hierarchical-Collective
0.5,0.5,0.5455,0.98,Distributed-Collective
0.43,0.0,0.5455,0.51,Distributed-Individual
0.59,0.5,0.5455,0.96,Distributed-Individual
0.96,0.0,0.5455,0.71,Distributed-Individual
0.84,0.0,0.5455,0.88,Distributed-Individual
0.5,1.0,0.5455,0.98,Distributed-Collective
0.43,0.5,0.5455,0.51,Distributed-Individual
0.59,1.0,0.5455,0.96,Distributed-Individual
0.96,0.5,0.5455,0.71,Distributed-Individual
0.84,0.5,0.5455,0.88,Distributed-Individual
0.5,1.0,0.5455,0.98,Distributed-Collective
0.43,0.5,0.5455,0.51,Distributed-Individual
0.59,1.0,0.5455,0.96,Distributed-Individual
0.96,0.5,0.5455,0.71,Distributed-Individual
0.84,0.5,0.5455,0.88,Distributed-Individual
0.5,0.5,0.5455,0.98,Distributed-Collective
0.43,0.0,0.5455,0.51,Distributed-Individual
0.59,0.5,0.5455,0.96,Distributed-Individual
0.96,0.0,0.5455,0.71,Distributed-Individual
0.84,0.0,0.5455,0.88,Distributed-Individual
0.5,0.5,0.5455,0.98,Distributed-Collective
0.43,0.0,0.5455,0.51,Distributed-Individual
0.59,0.5,0.5455,0.96,Distributed-Individual
0.96,0.0,0.5455,0.71,Distributed-Individual
0.84,0.0,0.5455,0.88,Distributed-Individual
0.5,0.5,0.5455,0.98,Distributed-Collective
0.43,0.0,0.5455,0.51,Distributed-Individual
0.59,0.5,0.5455,0.96,Distributed-Individual
0.96,0.0,0.5455,0.71,Distributed-Individual
0.84,0.0,0.5455,0.88,Distributed-Individual
0.5,1.0,0.5455,0.98,Distributed-Collective
0.43,0.5,0.5455,0.51,Distributed-Individual
0.59,1.0,0.5455,0.96,Distributed-Individual
0.96,0.5,0.5455,0.71,Distributed-Individual
0.84,0.5,0.5455,0.88,Distributed-Individual
0.92,0.0,0.3182,0.68,Distributed-Individual
0.97,0.5,0.3182,0.77,Distributed-Individual
0.69,0.5,0.3182,0.67,Hierarchical-Collective
0.92,0.0,0.3182,0.68,Distributed-Individual
0.97,0.5,0.3182,0.77,Distributed-Individual
0.69,0.5,0.3182,0.67,Hierarchical-Collective
0.92,0.5,0.3182,0.68,Distributed-Individual
0.97,1.0,0.3182,0.77,Distributed-Individual
0.69,1.0,0.3182,0.67,Hierarchical-Collective
0.59,1.0,0.3636,0.79,Hierarchical-Individual
0.43,0.5,0.3636,0.63,Hierarchical-Individual
0.8,0.5,0.3636,0.73,Distributed-Collective
0.67,0.5,0.3636,0.65,Hierarchical-Individual
0.99,1.0,0.3636,0.84,Hierarchical-Individual
0.59,0.5,0.3636,0.79,Hierarchical-Individual
0.43,0.0,0.3636,0.63,Hierarchical-Individual
0.8,0.0,0.3636,0.73,Distributed-Collective
0.67,0.0,0.3636,0.65,Hierarchical-Individual
0.99,0.5,0.3636,0.84,Hierarchical-Individual
0.59,1.0,0.3636,0.79,Hierarchical-Individual
0.43,0.5,0.3636,0.63,Hierarchical-Individual
0.8,0.5,0.3636,0.73,Distributed-Collective
0.67,0.5,0.3636,0.65,Hierarchical-Individual
0.99,1.0,0.3636,0.84,Hierarchical-Individual
0.85,0.0,0.7045,0.55,Distributed-Individual
0.64,0.0,0.7045,0.98,Distributed-Individual
0.85,0.5,0.7045,0.55,Distributed-Individual
0.64,0.5,0.7045,0.98,Distributed-Individual
0.85,0.5,0.7045,0.55,Distributed-Individual
0.64,0.5,0.7045,0.98,Distributed-Individual
0.57,0.0,0.4318,0.85,Distributed-Individual
0.74,0.5,0.4318,0.76,Hierarchical-Collective
0.57,0.0,0.4318,0.85,Distributed-Individual
0.74,0.5,0.4318,0.76,Hierarchical-Collective
0.57,0.5,0.4318,0.85,Distributed-Individual
0.74,1.0,0.4318,0.76,Hierarchical-Collective
0.57,0.0,0.4318,0.85,Distributed-Individual
0.74,0.5,0.4318,0.76,Hierarchical-Collective
0.4,0.5,0.4773,0.86,Hierarchical-Individual
0.4,0.5,0.4773,0.86,Hierarchical-Individual
0.4,0.5,0.4773,0.86,Hierarchical-Individual
0.4,0.0,0.4773,0.86,Hierarchical-Individual
0.4,0.0,0.4773,0.86,Hierarchical-Individual
0.77,0.5,0.5227,0.86,Hierarchical-Individual
0.76,0.5,0.5227,0.55,Distributed-Individual
0.99,0.5,0.5227,0.6,Hierarchical-Collective
0.77,0.5,0.5227,0.86,Hierarchical-Individual
0.76,0.5,0.5227,0.55,Distributed-Individual
0.99,0.5,0.5227,0.6,Hierarchical-Collective
0.77,0.0,0.5227,0.86,Hierarchical-Individual
0.76,0.0,0.5227,0.55,Distributed-Individual
0.99,0.0,0.5227,0.6,Hierarchical-Collective
0.77,0.5,0.5227,0.86,Hierarchical-Individual
0.76,0.5,0.5227,0.55,Distributed-Individual
0.99,0.5,0.5227,0.6,Hierarchical-Collective
0.77,0.5,0.5227,0.86,Hierarchical-Individual
0.76,0.5,0.5227,0.55,Distributed-Individual
0.99,0.5,0.5227,0.6,Hierarchical-Collective
0.77,0.5,0.5227,0.86,Hierarchical-Individual
0.76,0.5,0.5227,0.55,Distributed-Individual
0.99,0.5,0.5227,0.6,Hierarchical-Collective
0.77,0.5,0.5227,0.86,Hierarchical-Individual
0.76,0.5,0.5227,0.55,Distributed-Individual
0.99,0.5,0.5227,0.6,Hierarchical-Collective
0.77,0.5,0.5227,0.86,Hierarchical-Individual
0.76,0.5,0.5227,0.55,Distributed-Individual
0.99,0.5,0.5227,0.6,Hierarchical-Collective
0.55,1.0,0.4773,1.0,Distributed-Individual
0.56,1.0,0.4773,0.56,Distributed-Individual
0.56,1.0,0.4773,0.86,Hierarchical-Collective
0.49,0.5,0.4773,0.69,Distributed-Individual
0.9,1.0,0.4773,0.5,Distributed-Collective
0.55,1.0,0.4773,1.0,Distributed-Individual
0.56,1.0,0.4773,0.56,Distributed-Individual
0.56,1.0,0.4773,0.86,Hierarchical-Collective
0.49,0.5,0.4773,0.69,Distributed-Individual
0.9,1.0,0.4773,0.5,Distributed-Collective
0.55,1.0,0.4773,1.0,Distributed-Individual
0.56,1.0,0.4773,0.56,Distributed-Individual
0.56,1.0,0.4773,0.86,Hierarchical-Collective
0.49,0.5,0.4773,0.69,Distributed-Individual
0.9,1.0,0.4773,0.5,Distributed-Collective
0.55,1.0,0.4773,1.0,Distributed-Individual
0.56,1.0,0.4773,0.56,Distributed-Individual
0.56,1.0,0.4773,0.86,Hierarchical-Collective
0.49,0.5,0.4773,0.69,Distributed-Individual
0.9,1.0,0.4773,0.5,Distributed-Collective
0.55,1.0,0.4773,1.0,Distributed-Individual
0.56,1.0,0.4773,0.56,Distributed-Individual
0.56,1.0,0.4773,0.86,Hierarchical-Collective
0.49,0.5,0.4773,0.69,Distributed-Individual
0.9,1.0,0.4773,0.5,Distributed-Collective
0.74,0.0,0.7727,0.85,Distributed-Collective
0.61,0.5,0.4773,0.94,Hierarchical-Collective
0.89,0.0,0.4773,0.84,Hierarchical-Collective
0.61,1.0,0.4773,0.94,Hierarchical-Collective
0.89,0.5,0.4773,0.84,Hierarchical-Collective
0.61,1.0,0.4773,0.94,Hierarchical-Collective
0.89,0.5,0.4773,0.84,Hierarchical-Collective
0.47,0.5,0.5909,0.66,Distributed-Collective
0.88,0.0,0.5909,0.57,Distributed-Collective
0.83,0.0,0.5909,0.9,Distributed-Collective
0.47,1.0,0.5909,0.66,Distributed-Collective
0.88,0.5,0.5909,0.57,Distributed-Collective
0.83,0.5,0.5909,0.9,Distributed-Collective
0.47,0.5,0.5909,0.66,Distributed-Collective
0.88,0.0,0.5909,0.57,Distributed-Collective
0.83,0.0,0.5909,0.9,Distributed-Collective
0.47,1.0,0.5909,0.66,Distributed-Collective
0.88,0.5,0.5909,0.57,Distributed-Collective
0.83,0.5,0.5909,0.9,Distributed-Collective
0.88,0.0,0.6136,0.55,Distributed-Individual
0.44,0.5,0.6136,0.69,Distributed-Individual
0.47,0.5,0.6136,0.73,Distributed-Collective
0.56,0.0,0.6136,0.62,Distributed-Collective
0.88,0.5,0.6136,0.55,Distributed-Individual
0.44,1.0,0.6136,0.69,Distributed-Individual
0.47,1.0,0.6136,0.73,Distributed-Collective
0.56,0.5,0.6136,0.62,Distributed-Collective
0.88,0.5,0.6136,0.55,Distributed-Individual
0.44,1.0,0.6136,0.69,Distributed-Individual
0.47,1.0,0.6136,0.73,Distributed-Collective
0.56,0.5,0.6136,0.62,Distributed-Collective
0.88,0.0,0.6136,0.55,Distributed-Individual
0.44,0.5,0.6136,0.69,Distributed-Individual
0.47,0.5,0.6136,0.73,Distributed-Collective
0.56,0.0,0.6136,0.62,Distributed-Collective
0.88,0.5,0.6136,0.55,Distributed-Individual
0.44,1.0,0.6136,0.69,Distributed-Individual
0.47,1.0,0.6136,0.73,Distributed-Collective
0.56,0.5,0.6136,0.62,Distributed-Collective
0.99,0.5,0.6136,0.95,Distributed-Collective
0.98,0.5,0.6136,0.59,Hierarchical-Collective
0.94,0.0,0.6136,0.89,Hierarchical-Collective
0.99,1.0,0.6136,0.95,Distributed-Collective
0.98,1.0,0.6136,0.59,Hierarchical-Collective
0.94,0.5,0.6136,0.89,Hierarchical-Collective
0.99,0.5,0.6136,0.95,Distributed-Collective
0.98,0.5,0.6136,0.59,Hierarchical-Collective
0.94,0.0,0.6136,0.89,Hierarchical-Collective
0.82,1.0,0.2955,0.95,Hierarchical-Collective
0.82,0.5,0.2955,0.95,Hierarchical-Collective
0.82,1.0,0.2955,0.95,Hierarchical-Collective
0.82,1.0,0.2955,0.95,Hierarchical-Collective
0.83,1.0,0.6818,0.76,Distributed-Individual
0.72,1.0,0.6818,0.57,Distributed-Individual
0.73,1.0,0.6818,0.72,Distributed-Collective
0.92,1.0,0.6818,0.99,Distributed-Individual
0.52,1.0,0.6818,0.53,Hierarchical-Collective
0.83,1.0,0.6818,0.76,Distributed-Individual
0.72,1.0,0.6818,0.57,Distributed-Individual
0.73,1.0,0.6818,0.72,Distributed-Collective
0.92,1.0,0.6818,0.99,Distributed-Individual
0.52,1.0,0.6818,0.53,Hierarchical-Collective
0.83,0.5,0.6818,0.76,Distributed-Individual
0.72,0.5,0.6818,0.57,Distributed-Individual
0.73,0.5,0.6818,0.72,Distributed-Collective
0.92,0.5,0.6818,0.99,Distributed-Individual
0.52,0.5,0.6818,0.53,Hierarchical-Collective
0.83,0.5,0.6818,0.76,Distributed-Individual
0.72,0.5,0.6818,0.57,Distributed-Individual
0.73,0.5,0.6818,0.72,Distributed-Collective
0.92,0.5,0.6818,0.99,Distributed-Individual
0.52,0.5,0.6818,0.53,Hierarchical-Collective
0.6,0.5,0.2955,0.78,Hierarchical-Collective
0.54,0.5,0.2955,0.88,Hierarchical-Individual
0.9,0.5,0.2955,0.93,Distributed-Collective
0.6,0.5,0.2955,0.78,Hierarchical-Collective
0.54,0.5,0.2955,0.88,Hierarchical-Individual
0.9,0.5,0.2955,0.93,Distributed-Collective
0.6,0.5,0.2955,0.78,Hierarchical-Collective
0.54,0.5,0.2955,0.88,Hierarchical-Individual
0.9,0.5,0.2955,0.93,Distributed-Collective
0.44,1.0,0.6818,0.6,Hierarchical-Collective
0.44,1.0,0.6818,0.6,Hierarchical-Collective
0.44,0.5,0.6818,0.6,Hierarchical-Collective
0.44,0.5,0.6818,0.6,Hierarchical-Collective
0.44,1.0,0.6818,0.6,Hierarchical-Collective
0.66,0.5,0.5227,0.62,Hierarchical-Collective
0.53,0.5,0.5227,0.81,Hierarchical-Collective
0.66,0.5,0.5227,0.62,Hierarchical-Collective
0.53,0.5,0.5227,0.81,Hierarchical-Collective
0.66,0.5,0.5227,0.62,Hierarchical-Collective
0.53,0.5,0.5227,0.81,Hierarchical-Collective
0.66,1.0,0.5227,0.62,Hierarchical-Collective
0.53,1.0,0.5227,0.81,Hierarchical-Collective
0.66,0.5,0.5227,0.62,Hierarchical-Collective
0.53,0.5,0.5227,0.81,Hierarchical-Collective
0.66,1.0,0.5227,0.62,Hierarchical-Collective
0.53,1.0,0.5227,0.81,Hierarchical-Collective
0.73,0.5,0.5909,0.53,Hierarchical-Collective
0.48,1.0,0.5909,0.65,Distributed-Individual
0.71,0.5,0.5909,0.59,Hierarchical-Individual
0.66,0.5,0.5909,0.78,Hierarchical-Individual
0.73,0.5,0.5909,0.53,Hierarchical-Collective
0.48,1.0,0.5909,0.65,Distributed-Individual
0.71,0.5,0.5909,0.59,Hierarchical-Individual
0.66,0.5,0.5909,0.78,Hierarchical-Individual
0.73,0.0,0.5909,0.53,Hierarchical-Collective
0.48,0.5,0.5909,0.65,Distributed-Individual
0.71,0.0,0.5909,0.59,Hierarchical-Individual
0.66,0.0,0.5909,0.78,Hierarchical-Individual
0.73,0.0,0.5909,0.53,Hierarchical-Collective
0.48,0.5,0.5909,0.65,Distributed-Individual
0.71,0.0,0.5909,0.59,Hierarchical-Individual
0.66,0.0,0.5909,0.78,Hierarchical-Individual
0.46,0.5,0.6136,0.89,Hierarchical-Collective
0.46,0.5,0.6136,0.89,Hierarchical-Collective
0.46,0.0,0.6136,0.89,Hierarchical-Collective
0.92,1.0,0.2955,0.72,Distributed-Individual
0.92,1.0,0.2955,0.72,Distributed-Individual
0.92,1.0,0.2955,0.72,Distributed-Individual
0.92,1.0,0.2955,0.72,Distributed-Individual
0.87,0.5,0.4091,0.85,Hierarchical-Individual
0.54,0.5,0.4091,0.93,Distributed-Individual
0.87,0.5,0.4091,0.85,Hierarchical-Individual
0.54,0.5,0.4091,0.93,Distributed-Individual
0.87,0.5,0.4091,0.85,Hierarchical-Individual
0.54,0.5,0.4091,0.93,Distributed-Individual
0.87,1.0,0.4091,0.85,Hierarchical-Individual
0.54,1.0,0.4091,0.93,Distributed-Individual
0.87,1.0,0.4091,0.85,Hierarchical-Individual
0.54,1.0,0.4091,0.93,Distributed-Individual
0.71,0.5,0.6364,0.98,Distributed-Individual
0.71,1.0,0.6364,0.98,Distributed-Individual
0.45,0.0,0.4318,0.57,Distributed-Collective
0.48,0.0,0.4318,0.57,Distributed-Collective
0.45,0.5,0.4318,0.57,Distributed-Collective
0.48,0.5,0.4318,0.57,Distributed-Collective
0.45,0.0,0.4318,0.57,Distributed-Collective
0.48,0.0,0.4318,0.57,Distributed-Collective
0.45,0.5,0.4318,0.57,Distributed-Collective
0.48,0.5,0.4318,0.57,Distributed-Collective
0.67,0.5,0.4545,0.93,Distributed-Collective
0.57,0.5,0.4545,0.51,Distributed-Individual
0.88,0.0,0.4545,0.51,Distributed-Individual
0.67,1.0,0.4545,0.93,Distributed-Collective
0.57,1.0,0.4545,0.51,Distributed-Individual
0.88,0.5,0.4545,0.51,Distributed-Individual
0.67,0.5,0.4545,0.93,Distributed-Collective
0.57,0.5,0.4545,0.51,Distributed-Individual
0.88,0.0,0.4545,0.51,Distributed-Individual
0.67,0.5,0.4545,0.93,Distributed-Collective
0.57,0.5,0.4545,0.51,Distributed-Individual
0.88,0.0,0.4545,0.51,Distributed-Individual
0.82,1.0,0.2955,0.75,Hierarchical-Individual
0.53,1.0,0.2955,0.75,Distributed-Individual
0.82,1.0,0.2955,0.75,Hierarchical-Individual
0.53,1.0,0.2955,0.75,Distributed-Individual
0.82,1.0,0.2955,0.75,Hierarchical-Individual
0.53,1.0,0.2955,0.75,Distributed-Individual
0.82,1.0,0.2955,0.75,Hierarchical-Individual
0.53,1.0,0.2955,0.75,Distributed-Individual
0.82,1.0,0.2955,0.75,Hierarchical-Individual
0.53,1.0,0.2955,0.75,Distributed-Individual
0.63,0.5,0.6818,0.75,Hierarchical-Individual
0.73,0.5,0.3182,0.89,Distributed-Individual
0.77,0.0,0.3182,0.91,Distributed-Individual
0.77,0.5,0.3182,0.78,Hierarchical-Individual
0.86,0.5,0.3182,0.75,Hierarchical-Individual
0.82,0.5,0.3182,0.78,Distributed-Individual
0.73,0.5,0.3182,0.89,Distributed-Individual
0.77,0.0,0.3182,0.91,Distributed-Individual
0.77,0.5,0.3182,0.78,Hierarchical-Individual
0.86,0.5,0.3182,0.75,Hierarchical-Individual
0.82,0.5,0.3182,0.78,Distributed-Individual
0.73,1.0,0.3182,0.89,Distributed-Individual
0.77,0.5,0.3182,0.91,Distributed-Individual
0.77,1.0,0.3182,0.78,Hierarchical-Individual
0.86,1.0,0.3182,0.75,Hierarchical-Individual
0.82,1.0,0.3182,0.78,Distributed-Individual
0.73,1.0,0.3182,0.89,Distributed-Individual
0.77,0.5,0.3182,0.91,Distributed-Individual
0.77,1.0,0.3182,0.78,Hierarchical-Individual
0.86,1.0,0.3182,0.75,Hierarchical-Individual
0.82,1.0,0.3182,0.78,Distributed-Individual
0.52,0.5,0.1591,0.61,Distributed-Collective
0.52,0.5,0.1591,0.61,Distributed-Collective
0.93,0.5,0.3636,0.72,Hierarchical-Individual
0.46,0.5,0.3636,0.59,Distributed-Individual
0.93,1.0,0.3636,0.72,Hierarchical-Individual
0.46,1.0,0.3636,0.59,Distributed-Individual
0.93,1.0,0.3636,0.72,Hierarchical-Individual
0.46,1.0,0.3636,0.59,Distributed-Individual
0.93,1.0,0.3636,0.72,Hierarchical-Individual
0.46,1.0,0.3636,0.59,Distributed-Individual
0.93,1.0,0.3636,0.72,Hierarchical-Individual
0.46,1.0,0.3636,0.59,Distributed-Individual
0.93,0.5,0.3636,0.72,Hierarchical-Individual
0.46,0.5,0.3636,0.59,Distributed-Individual
0.67,0.0,0.2727,0.5,Distributed-Collective
0.67,0.0,0.2727,0.5,Distributed-Collective
0.67,0.5,0.2727,0.5,Distributed-Collective
0.94,0.0,0.6818,0.64,Hierarchical-Individual
0.91,0.5,0.6818,0.65,Hierarchical-Individual
0.79,0.5,0.6818,0.65,Hierarchical-Collective
0.89,0.5,0.6818,0.74,Distributed-Individual
0.73,0.5,0.6818,0.89,Hierarchical-Collective
0.94,0.5,0.6818,0.64,Hierarchical-Individual
0.91,1.0,0.6818,0.65,Hierarchical-Individual
0.79,1.0,0.6818,0.65,Hierarchical-Collective
0.89,1.0,0.6818,0.74,Distributed-Individual
0.73,1.0,0.6818,0.89,Hierarchical-Collective
0.87,0.5,0.5909,0.52,Hierarchical-Individual
0.84,0.5,0.5909,0.53,Distributed-Individual
0.87,0.5,0.5909,0.52,Hierarchical-Individual
0.84,0.5,0.5909,0.53,Distributed-Individual
0.87,0.5,0.5909,0.52,Hierarchical-Individual
0.84,0.5,0.5909,0.53,Distributed-Individual
0.87,0.5,0.5909,0.52,Hierarchical-Individual
0.84,0.5,0.5909,0.53,Distributed-Individual
0.87,1.0,0.5909,0.52,Hierarchical-Individual
0.84,1.0,0.5909,0.53,Distributed-Individual
0.87,0.5,0.5909,0.52,Hierarchical-Individual
0.84,0.5,0.5909,0.53,Distributed-Individual
0.87,1.0,0.5909,0.52,Hierarchical-Individual
0.84,1.0,0.5909,0.53,Distributed-Individual
0.87,1.0,0.5909,0.52,Hierarchical-Individual
0.84,1.0,0.5909,0.53,Distributed-Individual
0.7,0.0,0.3636,0.57,Distributed-Collective
0.81,0.0,0.3636,0.82,Distributed-Individual
0.64,0.5,0.3636,0.66,Distributed-Collective
0.7,0.5,0.3636,0.57,Distributed-Collective
0.81,0.5,0.3636,0.82,Distributed-Individual
0.64,1.0,0.3636,0.66,Distributed-Collective
0.7,0.0,0.3636,0.57,Distributed-Collective
0.81,0.0,0.3636,0.82,Distributed-Individual
0.64,0.5,0.3636,0.66,Distributed-Collective
0.7,0.5,0.3636,0.57,Distributed-Collective
0.81,0.5,0.3636,0.82,Distributed-Individual
0.64,1.0,0.3636,0.66,Distributed-Collective
0.7,0.0,0.3636,0.57,Distributed-Collective
0.81,0.0,0.3636,0.82,Distributed-Individual
0.64,0.5,0.3636,0.66,Distributed-Collective
0.7,0.0,0.3636,0.57,Distributed-Collective
0.81,0.0,0.3636,0.82,Distributed-Individual
0.64,0.5,0.3636,0.66,Distributed-Collective
0.7,0.5,0.3636,0.57,Distributed-Collective
0.81,0.5,0.3636,0.82,Distributed-Individual
0.64,1.0,0.3636,0.66,Distributed-Collective
0.7,0.5,0.3636,0.57,Distributed-Collective
0.81,0.5,0.3636,0.82,Distributed-Individual
0.64,1.0,0.3636,0.66,Distributed-Collective
0.7,0.5,0.3636,0.57,Distributed-Collective
0.81,0.5,0.3636,0.82,Distributed-Individual
0.64,1.0,0.3636,0.66,Distributed-Collective
0.8,0.5,0.7727,0.97,Distributed-Collective
0.6,0.0,0.7727,0.53,Distributed-Individual
0.52,0.5,0.7727,0.69,Distributed-Individual
0.64,0.5,0.7727,0.51,Distributed-Collective
0.8,1.0,0.7727,0.97,Distributed-Collective
0.6,0.5,0.7727,0.53,Distributed-Individual
0.52,1.0,0.7727,0.69,Distributed-Individual
0.64,1.0,0.7727,0.51,Distributed-Collective
0.47,0.5,0.5909,0.93,Hierarchical-Collective
0.75,0.5,0.5909,0.9,Hierarchical-Collective
0.76,0.0,0.5909,0.89,Distributed-Collective
0.83,0.0,0.5909,0.55,Distributed-Collective
0.47,0.5,0.5909,0.93,Hierarchical-Collective
0.75,0.5,0.5909,0.9,Hierarchical-Collective
0.76,0.0,0.5909,0.89,Distributed-Collective
0.83,0.0,0.5909,0.55,Distributed-Collective
0.47,0.5,0.5909,0.93,Hierarchical-Collective
0.75,0.5,0.5909,0.9,Hierarchical-Collective
0.76,0.0,0.5909,0.89,Distributed-Collective
0.83,0.0,0.5909,0.55,Distributed-Collective
0.47,1.0,0.5909,0.93,Hierarchical-Collective
0.75,1.0,0.5909,0.9,Hierarchical-Collective
0.76,0.5,0.5909,0.89,Distributed-Collective
0.83,0.5,0.5909,0.55,Distributed-Collective
0.47,1.0,0.5909,0.93,Hierarchical-Collective
0.75,1.0,0.5909,0.9,Hierarchical-Collective
0.76,0.5,0.5909,0.89,Distributed-Collective
0.83,0.5,0.5909,0.55,Distributed-Collective
0.48,0.5,0.4091,0.72,Hierarchical-Individual
0.48,1.0,0.4091,0.72,Hierarchical-Individual
0.48,0.5,0.4091,0.72,Hierarchical-Individual
0.48,1.0,0.4091,0.72,Hierarchical-Individual
0.48,0.5,0.4091,0.72,Hierarchical-Individual
0.48,1.0,0.4091,0.72,Hierarchical-Individual
0.48,0.5,0.4091,0.72,Hierarchical-Individual
0.48,1.0,0.4091,0.72,Hierarchical-Individual
0.48,0.5,0.4091,0.72,Hierarchical-Individual
1.0,0.5,0.1136,0.62,Hierarchical-Individual
0.83,1.0,0.1136,0.55,Hierarchical-Collective
0.4,1.0,0.1136,0.9,Distributed-Collective
1.0,0.0,0.1136,0.62,Hierarchical-Individual
0.83,0.5,0.1136,0.55,Hierarchical-Collective
0.4,0.5,0.1136,0.9,Distributed-Collective
0.44,0.5,0.7727,0.64,Hierarchical-Collective
0.48,0.5,0.7727,0.53,Distributed-Individual
0.5,0.5,0.7727,0.82,Distributed-Collective
0.42,0.5,0.2727,0.65,Distributed-Collective
0.92,1.0,0.2727,0.93,Hierarchical-Individual
0.96,1.0,0.2727,0.88,Hierarchical-Collective
0.41,0.5,0.2727,0.58,Distributed-Individual
0.83,1.0,0.2727,0.55,Hierarchical-Collective
0.42,0.5,0.2727,0.65,Distributed-Collective
0.92,1.0,0.2727,0.93,Hierarchical-Individual
0.96,1.0,0.2727,0.88,Hierarchical-Collective
0.41,0.5,0.2727,0.58,Distributed-Individual
0.83,1.0,0.2727,0.55,Hierarchical-Collective
0.42,0.5,0.2727,0.65,Distributed-Collective
0.92,1.0,0.2727,0.93,Hierarchical-Individual
0.96,1.0,0.2727,0.88,Hierarchical-Collective
0.41,0.5,0.2727,0.58,Distributed-Individual
0.83,1.0,0.2727,0.55,Hierarchical-Collective
0.42,0.0,0.2727,0.65,Distributed-Collective
0.92,0.5,0.2727,0.93,Hierarchical-Individual
0.96,0.5,0.2727,0.88,Hierarchical-Collective
0.41,0.0,0.2727,0.58,Distributed-Individual
0.83,0.5,0.2727,0.55,Hierarchical-Collective
0.68,1.0,0.2273,0.59,Distributed-Individual
0.68,1.0,0.2273,0.59,Distributed-Individual
0.91,1.0,0.5909,0.91,Distributed-Individual
0.91,0.5,0.5909,0.91,Distributed-Individual
0.91,0.5,0.5909,0.91,Distributed-Individual
0.91,1.0,0.5909,0.91,Distributed-Individual
0.84,0.5,0.7955,0.88,Distributed-Collective
0.96,1.0,0.7955,0.62,Distributed-Collective
0.79,1.0,0.6364,0.8,Distributed-Collective
0.64,1.0,0.6364,1.0,Hierarchical-Individual
0.6,0.5,0.6364,0.63,Hierarchical-Individual
0.79,1.0,0.6364,0.8,Distributed-Collective
0.64,1.0,0.6364,1.0,Hierarchical-Individual
0.6,0.5,0.6364,0.63,Hierarchical-Individual
0.79,1.0,0.6364,0.8,Distributed-Collective
0.64,1.0,0.6364,1.0,Hierarchical-Individual
0.6,0.5,0.6364,0.63,Hierarchical-Individual
0.79,1.0,0.6364,0.8,Distributed-Collective
0.64,1.0,0.6364,1.0,Hierarchical-Individual
0.6,0.5,0.6364,0.63,Hierarchical-Individual
0.79,0.5,0.6364,0.8,Distributed-Collective
0.64,0.5,0.6364,1.0,Hierarchical-Individual
0.6,0.0,0.6364,0.63,Hierarchical-Individual
0.79,1.0,0.6364,0.8,Distributed-Collective
0.64,1.0,0.6364,1.0,Hierarchical-Individual
0.6,0.5,0.6364,0.63,Hierarchical-Individual
0.79,0.5,0.6364,0.8,Distributed-Collective
0.64,0.5,0.6364,1.0,Hierarchical-Individual
0.6,0.0,0.6364,0.63,Hierarchical-Individual
0.61,0.5,0.5455,0.96,Hierarchical-Individual
0.99,0.0,0.5455,0.66,Distributed-Individual
0.45,0.5,0.5455,0.62,Distributed-Collective
0.65,0.5,0.5455,0.61,Hierarchical-Individual
0.61,1.0,0.5455,0.96,Hierarchical-Individual
0.99,0.5,0.5455,0.66,Distributed-Individual
0.45,1.0,0.5455,0.62,Distributed-Collective
0.65,1.0,0.5455,0.61,Hierarchical-Individual
0.61,0.5,0.5455,0.96,Hierarchical-Individual
0.99,0.0,0.5455,0.66,Distributed-Individual
0.45,0.5,0.5455,0.62,Distributed-Collective
0.65,0.5,0.5455,0.61,Hierarchical-Individual
0.87,0.5,0.3409,0.56,Hierarchical-Individual
0.87,0.0,0.3409,0.56,Hierarchical-Individual
0.87,0.5,0.3409,0.56,Hierarchical-Individual
0.87,0.0,0.3409,0.56,Hierarchical-Individual
0.6,0.5,0.4091,0.84,Distributed-Collective
0.55,0.5,0.4091,0.77,Distributed-Individual
0.82,0.0,0.4091,0.53,Distributed-Individual
0.53,0.0,0.4091,0.85,Distributed-Collective
0.48,0.0,0.4091,0.52,Distributed-Individual
0.6,0.5,0.4091,0.84,Distributed-Collective
0.55,0.5,0.4091,0.77,Distributed-Individual
0.82,0.0,0.4091,0.53,Distributed-Individual
0.53,0.0,0.4091,0.85,Distributed-Collective
0.48,0.0,0.4091,0.52,Distributed-Individual
0.6,1.0,0.4091,0.84,Distributed-Collective
0.55,1.0,0.4091,0.77,Distributed-Individual
0.82,0.5,0.4091,0.53,Distributed-Individual
0.53,0.5,0.4091,0.85,Distributed-Collective
0.48,0.5,0.4091,0.52,Distributed-Individual
0.6,0.5,0.4091,0.84,Distributed-Collective
0.55,0.5,0.4091,0.77,Distributed-Individual
0.82,0.0,0.4091,0.53,Distributed-Individual
0.53,0.0,0.4091,0.85,Distributed-Collective
0.48,0.0,0.4091,0.52,Distributed-Individual
0.85,1.0,0.2273,0.55,Distributed-Collective
0.85,1.0,0.2273,0.55,Distributed-Collective
0.85,1.0,0.2273,0.55,Distributed-Collective
0.53,0.5,0.5909,0.7,Hierarchical-Collective
0.97,0.5,0.5909,0.82,Hierarchical-Collective
0.53,1.0,0.5909,0.7,Hierarchical-Collective
0.97,1.0,0.5909,0.82,Hierarchical-Collective
0.53,0.5,0.5909,0.7,Hierarchical-Collective
0.97,0.5,0.5909,0.82,Hierarchical-Collective
0.53,0.5,0.5909,0.7,Hierarchical-Collective
0.97,0.5,0.5909,0.82,Hierarchical-Collective
0.73,1.0,0.25,0.58,Distributed-Collective
0.53,0.5,0.25,0.8,Distributed-Collective
0.46,0.5,0.25,0.5,Hierarchical-Collective
0.45,0.5,0.25,0.86,Hierarchical-Individual
0.68,1.0,0.3182,0.88,Distributed-Individual
0.68,0.5,0.3182,0.88,Distributed-Individual
0.41,1.0,0.5909,0.92,Distributed-Collective
0.86,0.5,0.5909,0.89,Distributed-Individual
0.41,0.5,0.5909,0.92,Distributed-Collective
0.86,0.0,0.5909,0.89,Distributed-Individual
0.41,0.5,0.5909,0.92,Distributed-Collective
0.86,0.0,0.5909,0.89,Distributed-Individual
0.41,1.0,0.5909,0.92,Distributed-Collective
0.86,0.5,0.5909,0.89,Distributed-Individual
0.41,0.5,0.5909,0.92,Distributed-Collective
0.86,0.0,0.5909,0.89,Distributed-Individual
0.41,0.5,0.5909,0.92,Distributed-Collective
0.86,0.0,0.5909,0.89,Distributed-Individual
0.41,0.5,0.5909,0.92,Distributed-Collective
0.86,0.0,0.5909,0.89,Distributed-Individual
0.74,0.5,0.4318,0.64,Distributed-Individual
0.74,1.0,0.4318,0.64,Distributed-Individual
0.74,0.5,0.4318,0.64,Distributed-Individual
0.74,0.5,0.4318,0.64,Distributed-Individual
0.74,1.0,0.4318,0.64,Distributed-Individual
0.74,0.5,0.4318,0.64,Distributed-Individual
0.83,0.5,0.5227,0.84,Distributed-Individual
0.45,0.5,0.5227,0.72,Distributed-Collective
0.83,1.0,0.5227,0.84,Distributed-Individual
0.45,1.0,0.5227,0.72,Distributed-Collective
0.83,0.5,0.5227,0.84,Distributed-Individual
0.45,0.5,0.5227,0.72,Distributed-Collective
0.83,1.0,0.5227,0.84,Distributed-Individual
0.45,1.0,0.5227,0.72,Distributed-Collective
0.83,1.0,0.5227,0.84,Distributed-Individual
0.45,1.0,0.5227,0.72,Distributed-Collective
0.63,0.5,0.3182,0.97,Distributed-Collective
0.49,0.0,0.3182,0.61,Hierarchical-Collective
0.63,1.0,0.3182,0.97,Distributed-Collective
0.49,0.5,0.3182,0.61,Hierarchical-Collective
0.63,0.5,0.3182,0.97,Distributed-Collective
0.49,0.0,0.3182,0.61,Hierarchical-Collective
0.63,0.5,0.3182,0.97,Distributed-Collective
0.49,0.0,0.3182,0.61,Hierarchical-Collective
0.69,1.0,0.5,0.66,Distributed-Individual
0.48,1.0,0.5,0.86,Hierarchical-Individual
0.69,1.0,0.5,0.66,Distributed-Individual
0.48,1.0,0.5,0.86,Hierarchical-Individual
0.69,1.0,0.5,0.66,Distributed-Individual
0.48,1.0,0.5,0.86,Hierarchical-Individual
0.69,1.0,0.5,0.66,Distributed-Individual
0.48,1.0,0.5,0.86,Hierarchical-Individual
0.69,0.5,0.5,0.66,Distributed-Individual
0.48,0.5,0.5,0.86,Hierarchical-Individual
0.69,0.5,0.5,0.66,Distributed-Individual
0.48,0.5,0.5,0.86,Hierarchical-Individual
0.69,1.0,0.5,0.66,Distributed-Individual
0.48,1.0,0.5,0.86,Hierarchical-Individual
0.89,1.0,0.2273,0.83,Hierarchical-Individual
1.0,0.5,0.2273,0.5,Hierarchical-Collective
0.87,0.5,0.2273,0.71,Distributed-Collective
0.42,1.0,0.2273,0.81,Hierarchical-Individual
0.61,0.5,0.2273,0.95,Hierarchical-Individual
0.89,1.0,0.2273,0.83,Hierarchical-Individual
1.0,0.5,0.2273,0.5,Hierarchical-Collective
0.87,0.5,0.2273,0.71,Distributed-Collective
0.42,1.0,0.2273,0.81,Hierarchical-Individual
0.61,0.5,0.2273,0.95,Hierarchical-Individual
0.89,0.5,0.2273,0.83,Hierarchical-Individual
1.0,0.0,0.2273,0.5,Hierarchical-Collective
0.87,0.0,0.2273,0.71,Distributed-Collective
0.42,0.5,0.2273,0.81,Hierarchical-Individual
0.61,0.0,0.2273,0.95,Hierarchical-Individual
0.43,0.5,0.4545,0.72,Hierarchical-Collective
0.63,0.5,0.4545,0.81,Distributed-Individual
0.69,0.5,0.4545,0.91,Hierarchical-Collective
0.57,0.0,0.4545,0.86,Distributed-Collective
0.43,0.5,0.4545,0.72,Hierarchical-Collective
0.63,0.5,0.4545,0.81,Distributed-Individual
0.69,0.5,0.4545,0.91,Hierarchical-Collective
0.57,0.0,0.4545,0.86,Distributed-Collective
0.43,0.5,0.4545,0.72,Hierarchical-Collective
0.63,0.5,0.4545,0.81,Distributed-Individual
0.69,0.5,0.4545,0.91,Hierarchical-Collective
0.57,0.0,0.4545,0.86,Distributed-Collective
0.66,1.0,0.5227,0.54,Distributed-Individual
0.71,1.0,0.5227,0.61,Distributed-Collective
0.66,0.5,0.5227,0.54,Distributed-Individual
0.71,0.5,0.5227,0.61,Distributed-Collective
0.66,1.0,0.5227,0.54,Distributed-Individual
0.71,1.0,0.5227,0.61,Distributed-Collective
0.66,1.0,0.5227,0.54,Distributed-Individual
0.71,1.0,0.5227,0.61,Distributed-Collective
0.66,1.0,0.5227,0.54,Distributed-Individual
0.71,1.0,0.5227,0.61,Distributed-Collective
0.66,1.0,0.5227,0.54,Distributed-Individual
0.71,1.0,0.5227,0.61,Distributed-Collective
0.66,0.5,0.5227,0.54,Distributed-Individual
0.71,0.5,0.5227,0.61,Distributed-Collective
0.69,0.0,0.6364,0.66,Hierarchical-Collective
0.59,0.0,0.6364,0.61,Hierarchical-Individual
0.69,0.5,0.6364,0.66,Hierarchical-Collective
0.59,0.5,0.6364,0.61,Hierarchical-Individual
0.41,1.0,0.4773,0.99,Hierarchical-Collective
0.41,1.0,0.4773,0.99,Hierarchical-Collective
0.41,0.5,0.4773,0.99,Hierarchical-Collective
0.41,0.5,0.4773,0.99,Hierarchical-Collective
0.41,0.5,0.4773,0.99,Hierarchical-Collective
0.41,0.5,0.4773,0.99,Hierarchical-Collective
0.41,1.0,0.4773,0.99,Hierarchical-Collective
0.41,0.5,0.4773,0.99,Hierarchical-Collective
0.55,0.5,0.4545,0.72,Hierarchical-Collective
0.96,0.5,0.4545,0.9,Hierarchical-Individual
0.55,0.0,0.4545,0.72,Hierarchical-Collective
0.96,0.0,0.4545,0.9,Hierarchical-Individual
0.55,0.5,0.4545,0.72,Hierarchical-Collective
0.96,0.5,0.4545,0.9,Hierarchical-Individual
0.55,0.0,0.4545,0.72,Hierarchical-Collective
0.96,0.0,0.4545,0.9,Hierarchical-Individual
0.55,0.0,0.4545,0.72,Hierarchical-Collective
0.96,0.0,0.4545,0.9,Hierarchical-Individual
0.98,1.0,0.3636,0.89,Hierarchical-Collective
0.89,1.0,0.3636,0.94,Distributed-Individual
0.52,1.0,0.3636,0.59,Hierarchical-Individual
0.98,0.5,0.3636,0.89,Hierarchical-Collective
0.89,0.5,0.3636,0.94,Distributed-Individual
0.52,0.5,0.3636,0.59,Hierarchical-Individual
0.4,0.5,0.2727,0.95,Hierarchical-Collective
0.47,0.5,0.2727,0.56,Hierarchical-Collective
0.4,1.0,0.2727,0.95,Hierarchical-Collective
0.47,1.0,0.2727,0.56,Hierarchical-Collective
0.4,1.0,0.2727,0.95,Hierarchical-Collective
0.47,1.0,0.2727,0.56,Hierarchical-Collective
0.4,0.5,0.2727,0.95,Hierarchical-Collective
0.47,0.5,0.2727,0.56,Hierarchical-Collective
0.94,0.5,0.6818,0.5,Distributed-Individual
0.95,0.5,0.6818,0.68,Hierarchical-Collective
0.4,1.0,0.6818,0.61,Distributed-Individual
0.9,1.0,0.6818,0.51,Distributed-Individual
0.59,0.5,0.6818,0.51,Distributed-Individual
0.98,1.0,0.6818,0.91,Hierarchical-Collective
0.72,0.5,0.2955,0.99,Distributed-Collective
0.69,0.0,0.2955,0.55,Hierarchical-Collective
0.72,1.0,0.2955,0.99,Distributed-Collective
0.69,0.5,0.2955,0.55,Hierarchical-Collective
0.72,1.0,0.2955,0.99,Distributed-Collective
0.69,0.5,0.2955,0.55,Hierarchical-Collective
0.77,0.5,0.5682,0.79,Hierarchical-Individual
0.74,0.0,0.5682,0.56,Hierarchical-Collective
0.78,0.5,0.5682,0.69,Distributed-Collective
0.77,1.0,0.5682,0.79,Hierarchical-Individual
0.74,0.5,0.5682,0.56,Hierarchical-Collective
0.78,1.0,0.5682,0.69,Distributed-Collective
0.77,0.5,0.5682,0.79,Hierarchical-Individual
0.74,0.0,0.5682,0.56,Hierarchical-Collective
0.78,0.5,0.5682,0.69,Distributed-Collective
0.64,0.5,0.4091,0.59,Hierarchical-Individual
0.84,0.5,0.4091,0.62,Hierarchical-Collective
0.64,0.0,0.4091,0.59,Hierarchical-Individual
0.84,0.0,0.4091,0.62,Hierarchical-Collective
0.64,0.5,0.4091,0.59,Hierarchical-Individual
0.84,0.5,0.4091,0.62,Hierarchical-Collective
0.64,0.0,0.4091,0.59,Hierarchical-Individual
0.84,0.0,0.4091,0.62,Hierarchical-Collective
0.64,0.0,0.4091,0.59,Hierarchical-Individual
0.84,0.0,0.4091,0.62,Hierarchical-Collective
0.62,0.5,0.6136,0.63,Hierarchical-Collective
0.97,0.5,0.6136,0.98,Distributed-Collective
0.62,0.5,0.6136,0.63,Hierarchical-Collective
0.97,0.5,0.6136,0.98,Distributed-Collective
0.62,0.0,0.6136,0.63,Hierarchical-Collective
0.97,0.0,0.6136,0.98,Distributed-Collective
0.62,0.5,0.6136,0.63,Hierarchical-Collective
0.97,0.5,0.6136,0.98,Distributed-Collective
0.62,0.0,0.6136,0.63,Hierarchical-Collective
0.97,0.0,0.6136,0.98,Distributed-Collective
0.92,0.0,0.5,1.0,Distributed-Individual
0.74,0.5,0.5,0.86,Distributed-Collective
0.92,0.5,0.5,1.0,Distributed-Individual
0.74,1.0,0.5,0.86,Distributed-Collective
0.92,0.0,0.5,1.0,Distributed-Individual
0.74,0.5,0.5,0.86,Distributed-Collective
0.92,0.0,0.5,1.0,Distributed-Individual
0.74,0.5,0.5,0.86,Distributed-Collective
0.92,0.5,0.5,1.0,Distributed-Individual
0.74,1.0,0.5,0.86,Distributed-Collective
0.66,1.0,0.3409,0.69,Hierarchical-Collective
0.84,0.5,0.3409,0.72,Hierarchical-Collective
0.89,1.0,0.3409,0.97,Distributed-Individual
0.92,1.0,0.3409,0.98,Distributed-Individual
0.89,1.0,0.3409,0.71,Hierarchical-Collective
0.66,1.0,0.3409,0.69,Hierarchical-Collective
0.84,0.5,0.3409,0.72,Hierarchical-Collective
0.89,1.0,0.3409,0.97,Distributed-Individual
0.92,1.0,0.3409,0.98,Distributed-Individual
0.89,1.0,0.3409,0.71,Hierarchical-Collective
0.66,0.5,0.3409,0.69,Hierarchical-Collective
0.84,0.0,0.3409,0.72,Hierarchical-Collective
0.89,0.5,0.3409,0.97,Distributed-Individual
0.92,0.5,0.3409,0.98,Distributed-Individual
0.89,0.5,0.3409,0.71,Hierarchical-Collective
0.66,0.5,0.3409,0.69,Hierarchical-Collective
0.84,0.0,0.3409,0.72,Hierarchical-Collective
0.89,0.5,0.3409,0.97,Distributed-Individual
0.92,0.5,0.3409,0.98,Distributed-Individual
0.89,0.5,0.3409,0.71,Hierarchical-Collective
0.66,0.5,0.3409,0.69,Hierarchical-Collective
0.84,0.0,0.3409,0.72,Hierarchical-Collective
0.89,0.5,0.3409,0.97,Distributed-Individual
0.92,0.5,0.3409,0.98,Distributed-Individual
0.89,0.5,0.3409,0.71,Hierarchical-Collective
0.66,0.5,0.3409,0.69,Hierarchical-Collective
0.84,0.0,0.3409,0.72,Hierarchical-Collective
0.89,0.5,0.3409,0.97,Distributed-Individual
0.92,0.5,0.3409,0.98,Distributed-Individual
0.89,0.5,0.3409,0.71,Hierarchical-Collective
0.57,0.5,0.75,0.65,Hierarchical-Individual
0.65,0.5,0.4545,0.98,Hierarchical-Individual
0.78,0.5,0.4545,0.97,Hierarchical-Collective
0.62,0.5,0.4545,0.73,Hierarchical-Individual
0.65,1.0,0.4545,0.98,Hierarchical-Individual
0.78,1.0,0.4545,0.97,Hierarchical-Collective
0.62,1.0,0.4545,0.73,Hierarchical-Individual
0.65,0.5,0.4545,0.98,Hierarchical-Individual
0.78,0.5,0.4545,0.97,Hierarchical-Collective
0.62,0.5,0.4545,0.73,Hierarchical-Individual
0.65,1.0,0.4545,0.98,Hierarchical-Individual
0.78,1.0,0.4545,0.97,Hierarchical-Collective
0.62,1.0,0.4545,0.73,Hierarchical-Individual
1.0,1.0,0.4318,0.86,Hierarchical-Individual
0.49,1.0,0.4318,0.89,Hierarchical-Individual
0.5,0.5,0.4318,0.61,Distributed-Collective
0.65,1.0,0.4318,0.74,Distributed-Individual
1.0,1.0,0.4318,0.86,Hierarchical-Individual
0.49,1.0,0.4318,0.89,Hierarchical-Individual
0.5,0.5,0.4318,0.61,Distributed-Collective
0.65,1.0,0.4318,0.74,Distributed-Individual
1.0,1.0,0.4318,0.86,Hierarchical-Individual
0.49,1.0,0.4318,0.89,Hierarchical-Individual
0.5,0.5,0.4318,0.61,Distributed-Collective
0.65,1.0,0.4318,0.74,Distributed-Individual
1.0,1.0,0.4318,0.86,Hierarchical-Individual
0.49,1.0,0.4318,0.89,Hierarchical-Individual
0.5,0.5,0.4318,0.61,Distributed-Collective
0.65,1.0,0.4318,0.74,Distributed-Individual
1.0,1.0,0.4318,0.86,Hierarchical-Individual
0.49,1.0,0.4318,0.89,Hierarchical-Individual
0.5,0.5,0.4318,0.61,Distributed-Collective
0.65,1.0,0.4318,0.74,Distributed-Individual
0.61,1.0,0.75,0.59,Hierarchical-Collective
0.41,1.0,0.75,0.79,Distributed-Collective
0.76,0.5,0.75,0.51,Hierarchical-Collective
0.62,1.0,0.75,0.94,Hierarchical-Individual
0.68,0.0,0.2727,0.54,Distributed-Collective
0.71,0.5,0.2727,0.75,Hierarchical-Collective
0.68,0.0,0.2727,0.54,Distributed-Collective
0.71,0.5,0.2727,0.75,Hierarchical-Collective
0.8,1.0,0.4318,0.63,Distributed-Individual
0.61,1.0,0.4318,0.51,Hierarchical-Individual
0.8,1.0,0.4318,0.63,Distributed-Individual
0.61,1.0,0.4318,0.51,Hierarchical-Individual
0.8,0.5,0.4318,0.63,Distributed-Individual
0.61,0.5,0.4318,0.51,Hierarchical-Individual
0.8,1.0,0.4318,0.63,Distributed-Individual
0.61,1.0,0.4318,0.51,Hierarchical-Individual
0.8,1.0,0.4318,0.63,Distributed-Individual
0.61,1.0,0.4318,0.51,Hierarchical-Individual
0.8,1.0,0.4318,0.63,Distributed-Individual
0.61,1.0,0.4318,0.51,Hierarchical-Individual
0.8,1.0,0.4318,0.63,Distributed-Individual
0.61,1.0,0.4318,0.51,Hierarchical-Individual
0.8,1.0,0.4318,0.63,Distributed-Individual
0.61,1.0,0.4318,0.51,Hierarchical-Individual
0.93,1.0,0.7955,0.55,Distributed-Individual
0.92,1.0,0.7955,0.89,Distributed-Collective
0.72,1.0,0.7955,0.78,Distributed-Collective
0.48,0.5,0.3409,0.87,Distributed-Collective
0.77,1.0,0.3409,0.85,Distributed-Individual
0.41,0.5,0.3409,0.91,Distributed-Collective
0.48,0.0,0.3409,0.87,Distributed-Collective
0.77,0.5,0.3409,0.85,Distributed-Individual
0.41,0.0,0.3409,0.91,Distributed-Collective
0.87,0.5,0.6818,0.65,Hierarchical-Individual
0.87,0.0,0.6818,0.65,Hierarchical-Individual
0.61,0.0,0.6818,0.84,Hierarchical-Individual
0.6,0.5,0.6818,0.55,Distributed-Individual
0.87,0.5,0.6818,0.98,Distributed-Individual
0.84,0.5,0.6818,0.65,Hierarchical-Collective
0.87,0.0,0.6818,0.82,Hierarchical-Collective
0.9,0.0,0.6818,0.88,Distributed-Individual
0.61,0.0,0.6818,0.84,Hierarchical-Individual
0.6,0.5,0.6818,0.55,Distributed-Individual
0.87,0.5,0.6818,0.98,Distributed-Individual
0.84,0.5,0.6818,0.65,Hierarchical-Collective
0.87,0.0,0.6818,0.82,Hierarchical-Collective
0.9,0.0,0.6818,0.88,Distributed-Individual
0.61,0.5,0.6818,0.84,Hierarchical-Individual
0.6,1.0,0.6818,0.55,Distributed-Individual
0.87,1.0,0.6818,0.98,Distributed-Individual
0.84,1.0,0.6818,0.65,Hierarchical-Collective
0.87,0.5,0.6818,0.82,Hierarchical-Collective
0.9,0.5,0.6818,0.88,Distributed-Individual
0.94,0.5,0.3864,0.66,Distributed-Individual
0.81,0.0,0.3864,0.74,Hierarchical-Individual
0.88,0.0,0.3864,0.71,Distributed-Collective
0.94,1.0,0.3864,0.66,Distributed-Individual
0.81,0.5,0.3864,0.74,Hierarchical-Individual
0.88,0.5,0.3864,0.71,Distributed-Collective
0.94,0.5,0.3864,0.66,Distributed-Individual
0.81,0.0,0.3864,0.74,Hierarchical-Individual
0.88,0.0,0.3864,0.71,Distributed-Collective
0.98,0.5,0.5227,0.58,Distributed-Individual
0.91,1.0,0.5227,0.93,Hierarchical-Individual
0.98,0.0,0.5227,0.58,Distributed-Individual
0.91,0.5,0.5227,0.93,Hierarchical-Individual
0.98,0.0,0.5227,0.58,Distributed-Individual
0.91,0.5,0.5227,0.93,Hierarchical-Individual
0.98,0.5,0.5227,0.58,Distributed-Individual
0.91,1.0,0.5227,0.93,Hierarchical-Individual
0.98,0.5,0.5227,0.58,Distributed-Individual
0.91,1.0,0.5227,0.93,Hierarchical-Individual
0.98,0.0,0.5227,0.58,Distributed-Individual
0.91,0.5,0.5227,0.93,Hierarchical-Individual
0.83,0.5,0.4091,0.58,Hierarchical-Collective
0.42,0.0,0.4091,0.83,Hierarchical-Individual
0.49,0.0,0.4091,0.66,Hierarchical-Collective
0.83,0.0,0.4091,0.82,Distributed-Individual
0.83,1.0,0.4091,0.58,Hierarchical-Collective
0.42,0.5,0.4091,0.83,Hierarchical-Individual
0.49,0.5,0.4091,0.66,Hierarchical-Collective
0.83,0.5,0.4091,0.82,Distributed-Individual
0.83,1.0,0.4091,0.58,Hierarchical-Collective
0.42,0.5,0.4091,0.83,Hierarchical-Individual
0.49,0.5,0.4091,0.66,Hierarchical-Collective
0.83,0.5,0.4091,0.82,Distributed-Individual
0.83,1.0,0.4091,0.58,Hierarchical-Collective
0.42,0.5,0.4091,0.83,Hierarchical-Individual
0.49,0.5,0.4091,0.66,Hierarchical-Collective
0.83,0.5,0.4091,0.82,Distributed-Individual
0.83,0.5,0.4091,0.58,Hierarchical-Collective
0.42,0.0,0.4091,0.83,Hierarchical-Individual
0.49,0.0,0.4091,0.66,Hierarchical-Collective
0.83,0.0,0.4091,0.82,Distributed-Individual
0.86,0.5,0.3864,0.66,Distributed-Individual
0.54,0.5,0.3864,0.84,Distributed-Individual
0.86,0.5,0.3864,0.66,Distributed-Individual
0.54,0.5,0.3864,0.84,Distributed-Individual
0.86,1.0,0.3864,0.66,Distributed-Individual
0.54,1.0,0.3864,0.84,Distributed-Individual
0.86,0.5,0.3864,0.66,Distributed-Individual
0.54,0.5,0.3864,0.84,Distributed-Individual
0.86,1.0,0.3864,0.66,Distributed-Individual
0.54,1.0,0.3864,0.84,Distributed-Individual
0.85,0.5,0.3409,1.0,Distributed-Individual
0.85,0.0,0.3409,1.0,Distributed-Individual
0.85,0.5,0.3409,1.0,Distributed-Individual
0.85,0.0,0.3409,1.0,Distributed-Individual
0.99,0.0,0.5,0.67,Distributed-Collective
0.47,0.5,0.5,0.73,Hierarchical-Collective
0.47,0.5,0.5,0.86,Hierarchical-Collective
0.78,0.0,0.5,0.94,Distributed-Individual
0.73,0.5,0.5,0.62,Distributed-Individual
0.72,0.0,0.5,0.99,Distributed-Individual
0.8,0.5,0.5,0.52,Distributed-Collective
0.94,0.5,0.5,0.88,Distributed-Individual
0.81,0.5,0.5,0.65,Hierarchical-Collective
0.99,0.0,0.5,0.67,Distributed-Collective
0.47,0.5,0.5,0.73,Hierarchical-Collective
0.47,0.5,0.5,0.86,Hierarchical-Collective
0.78,0.0,0.5,0.94,Distributed-Individual
0.73,0.5,0.5,0.62,Distributed-Individual
0.72,0.0,0.5,0.99,Distributed-Individual
0.8,0.5,0.5,0.52,Distributed-Collective
0.94,0.5,0.5,0.88,Distributed-Individual
0.81,0.5,0.5,0.65,Hierarchical-Collective
0.99,0.5,0.5,0.67,Distributed-Collective
0.47,1.0,0.5,0.73,Hierarchical-Collective
0.47,1.0,0.5,0.86,Hierarchical-Collective
0.78,0.5,0.5,0.94,Distributed-Individual
0.73,1.0,0.5,0.62,Distributed-Individual
0.72,0.5,0.5,0.99,Distributed-Individual
0.8,1.0,0.5,0.52,Distributed-Collective
0.94,1.0,0.5,0.88,Distributed-Individual
0.81,1.0,0.5,0.65,Hierarchical-Collective
0.99,0.5,0.5,0.67,Distributed-Collective
0.47,1.0,0.5,0.73,Hierarchical-Collective
0.47,1.0,0.5,0.86,Hierarchical-Collective
0.78,0.5,0.5,0.94,Distributed-Individual
0.73,1.0,0.5,0.62,Distributed-Individual
0.72,0.5,0.5,0.99,Distributed-Individual
0.8,1.0,0.5,0.52,Distributed-Collective
0.94,1.0,0.5,0.88,Distributed-Individual
0.81,1.0,0.5,0.65,Hierarchical-Collective
0.93,1.0,0.1818,0.75,Distributed-Individual
0.93,1.0,0.1818,0.75,Distributed-Individual
0.93,0.5,0.1818,0.75,Distributed-Individual
0.93,1.0,0.1818,0.75,Distributed-Individual
0.84,0.5,0.6136,0.88,Distributed-Collective
0.84,0.5,0.6136,0.88,Distributed-Collective
0.85,1.0,0.2955,0.83,Distributed-Individual
0.65,1.0,0.2955,0.8,Hierarchical-Individual
0.85,1.0,0.2955,0.83,Distributed-Individual
0.65,1.0,0.2955,0.8,Hierarchical-Individual
0.43,1.0,0.6818,0.83,Hierarchical-Collective
0.42,0.5,0.4545,0.61,Distributed-Individual
0.79,0.5,0.4545,0.88,Hierarchical-Collective
0.95,0.0,0.4545,0.67,Distributed-Collective
0.44,0.0,0.4545,0.93,Hierarchical-Collective
0.97,0.5,0.4545,0.84,Hierarchical-Individual
0.42,1.0,0.4545,0.61,Distributed-Individual
0.79,1.0,0.4545,0.88,Hierarchical-Collective
0.95,0.5,0.4545,0.67,Distributed-Collective
0.44,0.5,0.4545,0.93,Hierarchical-Collective
0.97,1.0,0.4545,0.84,Hierarchical-Individual
0.42,1.0,0.4545,0.61,Distributed-Individual
0.79,1.0,0.4545,0.88,Hierarchical-Collective
0.95,0.5,0.4545,0.67,Distributed-Collective
0.44,0.5,0.4545,0.93,Hierarchical-Collective
0.97,1.0,0.4545,0.84,Hierarchical-Individual
0.42,1.0,0.4545,0.61,Distributed-Individual
0.79,1.0,0.4545,0.88,Hierarchical-Collective
0.95,0.5,0.4545,0.67,Distributed-Collective
0.44,0.5,0.4545,0.93,Hierarchical-Collective
0.97,1.0,0.4545,0.84,Hierarchical-Individual
0.42,1.0,0.4545,0.61,Distributed-Individual
0.79,1.0,0.4545,0.88,Hierarchical-Collective
0.95,0.5,0.4545,0.67,Distributed-Collective
0.44,0.5,0.4545,0.93,Hierarchical-Collective
0.97,1.0,0.4545,0.84,Hierarchical-Individual
0.42,1.0,0.4545,0.61,Distributed-Individual
0.79,1.0,0.4545,0.88,Hierarchical-Collective
0.95,0.5,0.4545,0.67,Distributed-Collective
0.44,0.5,0.4545,0.93,Hierarchical-Collective
0.97,1.0,0.4545,0.84,Hierarchical-Individual
0.42,1.0,0.4545,0.61,Distributed-Individual
0.79,1.0,0.4545,0.88,Hierarchical-Collective
0.95,0.5,0.4545,0.67,Distributed-Collective
0.44,0.5,0.4545,0.93,Hierarchical-Collective
0.97,1.0,0.4545,0.84,Hierarchical-Individual
0.42,1.0,0.4545,0.61,Distributed-Individual
0.79,1.0,0.4545,0.88,Hierarchical-Collective
0.95,0.5,0.4545,0.67,Distributed-Collective
0.44,0.5,0.4545,0.93,Hierarchical-Collective
0.97,1.0,0.4545,0.84,Hierarchical-Individual
0.42,0.5,0.4545,0.61,Distributed-Individual
0.79,0.5,0.4545,0.88,Hierarchical-Collective
0.95,0.0,0.4545,0.67,Distributed-Collective
0.44,0.0,0.4545,0.93,Hierarchical-Collective
0.97,0.5,0.4545,0.84,Hierarchical-Individual
0.42,1.0,0.4545,0.61,Distributed-Individual
0.79,1.0,0.4545,0.88,Hierarchical-Collective
0.95,0.5,0.4545,0.67,Distributed-Collective
0.44,0.5,0.4545,0.93,Hierarchical-Collective
0.97,1.0,0.4545,0.84,Hierarchical-Individual
0.7,1.0,0.4773,0.68,Hierarchical-Collective
0.7,1.0,0.4773,0.68,Hierarchical-Collective
0.58,0.5,0.2727,0.71,Distributed-Individual
0.58,0.0,0.2727,0.71,Distributed-Individual
0.58,0.5,0.2727,0.71,Distributed-Individual
0.46,1.0,0.3409,0.73,Distributed-Collective
0.46,1.0,0.3409,0.73,Distributed-Collective
0.46,1.0,0.3409,0.73,Distributed-Collective
0.89,1.0,0.3636,0.6,Hierarchical-Collective
0.41,0.5,0.3636,0.89,Distributed-Individual
0.84,1.0,0.3636,0.54,Distributed-Collective
0.89,1.0,0.3636,0.6,Hierarchical-Collective
0.41,0.5,0.3636,0.89,Distributed-Individual
0.84,1.0,0.3636,0.54,Distributed-Collective
0.89,1.0,0.3636,0.6,Hierarchical-Collective
0.41,0.5,0.3636,0.89,Distributed-Individual
0.84,1.0,0.3636,0.54,Distributed-Collective
0.89,1.0,0.3636,0.6,Hierarchical-Collective
0.41,0.5,0.3636,0.89,Distributed-Individual
0.84,1.0,0.3636,0.54,Distributed-Collective
0.79,0.0,0.5455,0.73,Distributed-Collective
0.79,0.5,0.5455,0.73,Distributed-Collective
0.79,0.0,0.5455,0.73,Distributed-Collective
0.7,1.0,0.4091,0.67,Distributed-Individual
0.5,0.5,0.4091,0.88,Hierarchical-Individual
0.7,1.0,0.4091,0.67,Distributed-Individual
0.5,0.5,0.4091,0.88,Hierarchical-Individual
0.7,0.5,0.4091,0.67,Distributed-Individual
0.5,0.0,0.4091,0.88,Hierarchical-Individual
0.7,1.0,0.4091,0.67,Distributed-Individual
0.5,0.5,0.4091,0.88,Hierarchical-Individual
0.89,0.5,0.6136,0.71,Distributed-Collective
0.54,1.0,0.6136,0.78,Distributed-Collective
0.89,0.5,0.6136,0.71,Distributed-Collective
0.54,1.0,0.6136,0.78,Distributed-Collective
0.89,0.0,0.6136,0.71,Distributed-Collective
0.54,0.5,0.6136,0.78,Distributed-Collective
0.88,0.5,0.7727,0.81,Hierarchical-Collective
0.85,0.5,0.5,0.76,Hierarchical-Individual
0.98,1.0,0.5,0.93,Distributed-Individual
0.56,1.0,0.5,0.65,Hierarchical-Collective
0.85,0.0,0.5,0.76,Hierarchical-Individual
0.98,0.5,0.5,0.93,Distributed-Individual
0.56,0.5,0.5,0.65,Hierarchical-Collective
0.85,0.0,0.5,0.76,Hierarchical-Individual
0.98,0.5,0.5,0.93,Distributed-Individual
0.56,0.5,0.5,0.65,Hierarchical-Collective
0.85,0.0,0.5,0.76,Hierarchical-Individual
0.98,0.5,0.5,0.93,Distributed-Individual
0.56,0.5,0.5,0.65,Hierarchical-Collective
0.85,0.0,0.5,0.76,Hierarchical-Individual
0.98,0.5,0.5,0.93,Distributed-Individual
0.56,0.5,0.5,0.65,Hierarchical-Collective
0.85,0.5,0.5,0.76,Hierarchical-Individual
0.98,1.0,0.5,0.93,Distributed-Individual
0.56,1.0,0.5,0.65,Hierarchical-Collective
0.63,1.0,0.5909,0.9,Distributed-Individual
0.84,0.5,0.5909,0.97,Distributed-Collective
0.55,0.5,0.2045,0.89,Hierarchical-Individual
0.65,0.5,0.2045,0.68,Distributed-Individual
0.65,0.0,0.2045,0.67,Hierarchical-Collective
0.55,0.5,0.2045,0.89,Hierarchical-Individual
0.65,0.5,0.2045,0.68,Distributed-Individual
0.65,0.0,0.2045,0.67,Hierarchical-Collective
0.55,0.5,0.2045,0.89,Hierarchical-Individual
0.65,0.5,0.2045,0.68,Distributed-Individual
0.65,0.0,0.2045,0.67,Hierarchical-Collective
0.55,1.0,0.2045,0.89,Hierarchical-Individual
0.65,1.0,0.2045,0.68,Distributed-Individual
0.65,0.5,0.2045,0.67,Hierarchical-Collective
0.75,0.5,0.2955,0.82,Hierarchical-Individual
0.62,0.5,0.2955,0.67,Distributed-Collective
0.52,1.0,0.2955,0.56,Hierarchical-Individual
0.46,1.0,0.2955,0.84,Hierarchical-Collective
0.44,0.5,0.2955,0.82,Distributed-Collective
0.79,1.0,0.2955,0.98,Distributed-Collective
0.75,0.5,0.2955,0.82,Hierarchical-Individual
0.62,0.5,0.2955,0.67,Distributed-Collective
0.52,1.0,0.2955,0.56,Hierarchical-Individual
0.46,1.0,0.2955,0.84,Hierarchical-Collective
0.44,0.5,0.2955,0.82,Distributed-Collective
0.79,1.0,0.2955,0.98,Distributed-Collective
0.75,0.0,0.2955,0.82,Hierarchical-Individual
0.62,0.0,0.2955,0.67,Distributed-Collective
0.52,0.5,0.2955,0.56,Hierarchical-Individual
0.46,0.5,0.2955,0.84,Hierarchical-Collective
0.44,0.0,0.2955,0.82,Distributed-Collective
0.79,0.5,0.2955,0.98,Distributed-Collective
0.68,0.5,0.1591,0.69,Hierarchical-Collective
0.4,1.0,0.1591,0.92,Hierarchical-Collective
0.99,1.0,0.1591,0.88,Hierarchical-Individual
0.58,1.0,0.1591,0.65,Distributed-Individual
0.76,1.0,0.1591,0.6,Distributed-Individual
0.47,1.0,0.7955,0.8,Distributed-Individual
0.56,0.5,0.7955,0.61,Distributed-Individual
0.82,0.5,0.5682,0.5,Hierarchical-Collective
0.71,0.0,0.5682,0.72,Hierarchical-Individual
0.82,0.5,0.5682,0.5,Hierarchical-Collective
0.71,0.0,0.5682,0.72,Hierarchical-Individual
0.82,1.0,0.5682,0.5,Hierarchical-Collective
0.71,0.5,0.5682,0.72,Hierarchical-Individual
0.82,0.5,0.5682,0.5,Hierarchical-Collective
0.71,0.0,0.5682,0.72,Hierarchical-Individual
0.82,0.5,0.5682,0.5,Hierarchical-Collective
0.71,0.0,0.5682,0.72,Hierarchical-Individual
0.64,0.5,0.5909,0.62,Distributed-Collective
0.71,0.0,0.5909,0.55,Hierarchical-Individual
0.89,0.5,0.5909,0.61,Distributed-Collective
0.72,0.5,0.5909,0.5,Distributed-Individual
0.47,0.0,0.5909,0.97,Distributed-Collective
0.9,0.5,0.5909,0.6,Distributed-Individual
1.0,0.0,0.5909,0.57,Distributed-Collective
0.64,0.5,0.5909,0.62,Distributed-Collective
0.71,0.0,0.5909,0.55,Hierarchical-Individual
0.89,0.5,0.5909,0.61,Distributed-Collective
0.72,0.5,0.5909,0.5,Distributed-Individual
0.47,0.0,0.5909,0.97,Distributed-Collective
0.9,0.5,0.5909,0.6,Distributed-Individual
1.0,0.0,0.5909,0.57,Distributed-Collective
0.64,1.0,0.5909,0.62,Distributed-Collective
0.71,0.5,0.5909,0.55,Hierarchical-Individual
0.89,1.0,0.5909,0.61,Distributed-Collective
0.72,1.0,0.5909,0.5,Distributed-Individual
0.47,0.5,0.5909,0.97,Distributed-Collective
0.9,1.0,0.5909,0.6,Distributed-Individual
1.0,0.5,0.5909,0.57,Distributed-Collective
0.43,0.5,0.5,0.92,Hierarchical-Individual
0.43,1.0,0.5,0.92,Hierarchical-Individual
0.43,1.0,0.5,0.92,Hierarchical-Individual
0.43,1.0,0.5,0.92,Hierarchical-Individual
0.57,1.0,0.3636,0.55,Hierarchical-Individual
0.57,1.0,0.3636,0.55,Hierarchical-Individual
0.57,0.5,0.3636,0.55,Hierarchical-Individual
0.57,0.5,0.3636,0.55,Hierarchical-Individual
0.57,0.5,0.3636,0.55,Hierarchical-Individual
0.57,1.0,0.3636,0.55,Hierarchical-Individual
0.57,1.0,0.3636,0.55,Hierarchical-Individual
0.55,1.0,0.3409,0.97,Hierarchical-Collective
0.51,1.0,0.3409,0.8,Distributed-Individual
0.9,1.0,0.3409,0.67,Distributed-Individual
0.9,0.5,0.3409,0.75,Distributed-Collective
0.49,1.0,0.3409,0.81,Hierarchical-Collective
0.55,1.0,0.3409,0.97,Hierarchical-Collective
0.51,1.0,0.3409,0.8,Distributed-Individual
0.9,1.0,0.3409,0.67,Distributed-Individual
0.9,0.5,0.3409,0.75,Distributed-Collective
0.49,1.0,0.3409,0.81,Hierarchical-Collective
0.55,1.0,0.5227,0.8,Hierarchical-Collective
0.55,1.0,0.5227,0.8,Hierarchical-Collective
0.55,1.0,0.5227,0.8,Hierarchical-Collective
0.55,0.5,0.5227,0.8,Hierarchical-Collective
0.55,1.0,0.5227,0.8,Hierarchical-Collective
0.84,1.0,0.4545,0.59,Distributed-Collective
0.84,1.0,0.4545,0.59,Distributed-Collective
0.84,1.0,0.4545,0.59,Distributed-Collective
0.84,0.5,0.4545,0.59,Distributed-Collective
0.84,0.5,0.4545,0.59,Distributed-Collective
0.84,1.0,0.4545,0.59,Distributed-Collective
0.66,0.5,0.3636,0.61,Distributed-Collective
0.68,1.0,0.3636,0.82,Hierarchical-Individual
0.66,0.5,0.3636,0.61,Distributed-Collective
0.68,1.0,0.3636,0.82,Hierarchical-Individual
0.66,0.0,0.3636,0.61,Distributed-Collective
0.68,0.5,0.3636,0.82,Hierarchical-Individual
0.66,0.0,0.3636,0.61,Distributed-Collective
0.68,0.5,0.3636,0.82,Hierarchical-Individual
0.59,1.0,0.4318,0.64,Hierarchical-Individual
0.76,1.0,0.4318,0.86,Distributed-Individual
0.62,0.5,0.4318,0.99,Distributed-Individual
0.9,1.0,0.4318,0.68,Hierarchical-Individual
0.59,0.5,0.4318,0.64,Hierarchical-Individual
0.76,0.5,0.4318,0.86,Distributed-Individual
0.62,0.0,0.4318,0.99,Distributed-Individual
0.9,0.5,0.4318,0.68,Hierarchical-Individual
0.59,0.5,0.4318,0.64,Hierarchical-Individual
0.76,0.5,0.4318,0.86,Distributed-Individual
0.62,0.0,0.4318,0.99,Distributed-Individual
0.9,0.5,0.4318,0.68,Hierarchical-Individual
0.59,0.5,0.4318,0.64,Hierarchical-Individual
0.76,0.5,0.4318,0.86,Distributed-Individual
0.62,0.0,0.4318,0.99,Distributed-Individual
0.9,0.5,0.4318,0.68,Hierarchical-Individual
0.59,0.5,0.4318,0.64,Hierarchical-Individual
0.76,0.5,0.4318,0.86,Distributed-Individual
0.62,0.0,0.4318,0.99,Distributed-Individual
0.9,0.5,0.4318,0.68,Hierarchical-Individual
0.53,0.5,0.5227,0.67,Distributed-Individual
0.4,0.5,0.5227,0.86,Distributed-Collective
0.43,0.5,0.1818,0.67,Distributed-Individual
0.66,0.0,0.4318,0.67,Hierarchical-Individual
0.57,0.5,0.4318,0.68,Hierarchical-Individual
0.77,0.5,0.4318,0.73,Distributed-Individual
0.66,0.5,0.4318,0.67,Hierarchical-Individual
0.57,1.0,0.4318,0.68,Hierarchical-Individual
0.77,1.0,0.4318,0.73,Distributed-Individual
0.66,0.5,0.4318,0.67,Hierarchical-Individual
0.57,1.0,0.4318,0.68,Hierarchical-Individual
0.77,1.0,0.4318,0.73,Distributed-Individual
0.66,0.5,0.4318,0.67,Hierarchical-Individual
0.57,1.0,0.4318,0.68,Hierarchical-Individual
0.77,1.0,0.4318,0.73,Distributed-Individual
0.66,0.5,0.4318,0.67,Hierarchical-Individual
0.57,1.0,0.4318,0.68,Hierarchical-Individual
0.77,1.0,0.4318,0.73,Distributed-Individual
0.62,0.5,0.2955,0.78,Distributed-Individual
0.52,1.0,0.2955,0.77,Hierarchical-Individual
0.54,0.5,0.2955,0.5,Hierarchical-Individual
0.62,0.5,0.2955,0.78,Distributed-Individual
0.52,1.0,0.2955,0.77,Hierarchical-Individual
0.54,0.5,0.2955,0.5,Hierarchical-Individual
0.62,0.5,0.2955,0.78,Distributed-Individual
0.52,1.0,0.2955,0.77,Hierarchical-Individual
0.54,0.5,0.2955,0.5,Hierarchical-Individual
0.62,0.5,0.2955,0.78,Distributed-Individual
0.52,1.0,0.2955,0.77,Hierarchical-Individual
0.54,0.5,0.2955,0.5,Hierarchical-Individual
0.46,1.0,0.3636,0.84,Distributed-Individual
0.46,1.0,0.3636,0.84,Distributed-Individual
0.46,1.0,0.3636,0.84,Distributed-Individual
0.8,0.5,0.4091,0.8,Hierarchical-Collective
0.79,0.0,0.4091,0.55,Distributed-Individual
0.8,0.5,0.4091,0.8,Hierarchical-Collective
0.79,0.0,0.4091,0.55,Distributed-Individual
0.79,0.5,0.4091,0.57,Distributed-Collective
0.85,0.5,0.4091,0.62,Hierarchical-Individual
0.76,0.5,0.4091,0.61,Distributed-Individual
0.79,1.0,0.4091,0.57,Distributed-Collective
0.85,1.0,0.4091,0.62,Hierarchical-Individual
0.76,1.0,0.4091,0.61,Distributed-Individual
0.72,0.0,0.4773,0.68,Hierarchical-Collective
0.72,0.0,0.4773,0.68,Hierarchical-Collective
0.72,0.5,0.4773,0.68,Hierarchical-Collective
0.81,0.5,0.5909,0.62,Hierarchical-Individual
0.97,0.0,0.5909,0.63,Hierarchical-Individual
0.55,0.0,0.5909,0.67,Hierarchical-Individual
0.94,0.5,0.5909,0.88,Distributed-Collective
0.62,0.5,0.5909,0.8,Hierarchical-Collective
0.81,1.0,0.5909,0.62,Hierarchical-Individual
0.97,0.5,0.5909,0.63,Hierarchical-Individual
0.55,0.5,0.5909,0.67,Hierarchical-Individual
0.94,1.0,0.5909,0.88,Distributed-Collective
0.62,1.0,0.5909,0.8,Hierarchical-Collective
0.81,0.5,0.5909,0.62,Hierarchical-Individual
0.97,0.0,0.5909,0.63,Hierarchical-Individual
0.55,0.0,0.5909,0.67,Hierarchical-Individual
0.94,0.5,0.5909,0.88,Distributed-Collective
0.62,0.5,0.5909,0.8,Hierarchical-Collective
0.43,1.0,0.25,0.75,Distributed-Individual
0.43,0.5,0.25,0.75,Distributed-Individual
0.43,1.0,0.25,0.75,Distributed-Individual
0.43,1.0,0.25,0.75,Distributed-Individual
0.59,0.5,0.1136,0.77,Hierarchical-Individual
0.7,0.5,0.4318,0.56,Hierarchical-Individual
0.7,1.0,0.4318,0.56,Hierarchical-Individual
0.7,0.5,0.4318,0.56,Hierarchical-Individual
0.7,1.0,0.4318,0.56,Hierarchical-Individual
0.92,0.5,0.2955,0.71,Hierarchical-Individual
0.92,0.0,0.2955,0.71,Hierarchical-Individual
0.92,0.0,0.2955,0.71,Hierarchical-Individual
0.92,0.0,0.2955,0.71,Hierarchical-Individual
0.92,0.5,0.2955,0.71,Hierarchical-Individual
0.83,0.5,0.2045,0.7,Distributed-Individual
0.83,0.5,0.2045,0.7,Distributed-Individual
0.46,0.5,0.3864,0.55,Hierarchical-Collective
0.44,0.5,0.3864,0.72,Hierarchical-Individual
0.69,1.0,0.3864,0.58,Hierarchical-Collective
0.46,0.5,0.3864,0.55,Hierarchical-Collective
0.44,0.5,0.3864,0.72,Hierarchical-Individual
0.69,1.0,0.3864,0.58,Hierarchical-Collective
0.46,0.0,0.3864,0.55,Hierarchical-Collective
0.44,0.0,0.3864,0.72,Hierarchical-Individual
0.69,0.5,0.3864,0.58,Hierarchical-Collective
0.46,0.0,0.3864,0.55,Hierarchical-Collective
0.44,0.0,0.3864,0.72,Hierarchical-Individual
0.69,0.5,0.3864,0.58,Hierarchical-Collective
0.55,1.0,0.25,0.8,Distributed-Individual
0.46,1.0,0.25,0.53,Hierarchical-Individual
0.84,0.5,0.25,0.72,Distributed-Collective
0.53,0.5,0.4545,0.59,Hierarchical-Collective
0.88,0.5,0.4545,0.96,Hierarchical-Collective
0.53,1.0,0.4545,0.59,Hierarchical-Collective
0.88,1.0,0.4545,0.96,Hierarchical-Collective
0.53,0.5,0.4545,0.59,Hierarchical-Collective
0.88,0.5,0.4545,0.96,Hierarchical-Collective
0.53,1.0,0.4545,0.59,Hierarchical-Collective
0.88,1.0,0.4545,0.96,Hierarchical-Collective
0.53,0.5,0.4545,0.59,Hierarchical-Collective
0.88,0.5,0.4545,0.96,Hierarchical-Collective
0.53,1.0,0.4545,0.59,Hierarchical-Collective
0.88,1.0,0.4545,0.96,Hierarchical-Collective
0.95,0.0,0.5227,0.86,Hierarchical-Collective
0.75,0.0,0.5227,0.64,Distributed-Individual
0.95,0.5,0.5227,0.86,Hierarchical-Collective
0.75,0.5,0.5227,0.64,Distributed-Individual
0.95,0.5,0.5227,0.86,Hierarchical-Collective
0.75,0.5,0.5227,0.64,Distributed-Individual
0.95,0.5,0.5227,0.86,Hierarchical-Collective
0.75,0.5,0.5227,0.64,Distributed-Individual
0.95,0.0,0.5227,0.86,Hierarchical-Collective
0.75,0.0,0.5227,0.64,Distributed-Individual
0.95,0.5,0.5227,0.86,Hierarchical-Collective
0.75,0.5,0.5227,0.64,Distributed-Individual
0.75,0.5,0.4773,0.5,Hierarchical-Collective
0.87,0.5,0.4773,0.96,Hierarchical-Individual
0.88,0.5,0.4773,0.64,Hierarchical-Individual
0.75,1.0,0.4773,0.5,Hierarchical-Collective
0.87,1.0,0.4773,0.96,Hierarchical-Individual
0.88,1.0,0.4773,0.64,Hierarchical-Individual
0.75,1.0,0.4773,0.5,Hierarchical-Collective
0.87,1.0,0.4773,0.96,Hierarchical-Individual
0.88,1.0,0.4773,0.64,Hierarchical-Individual
0.75,1.0,0.4773,0.5,Hierarchical-Collective
0.87,1.0,0.4773,0.96,Hierarchical-Individual
0.88,1.0,0.4773,0.64,Hierarchical-Individual
0.75,1.0,0.4773,0.5,Hierarchical-Collective
0.87,1.0,0.4773,0.96,Hierarchical-Individual
0.88,1.0,0.4773,0.64,Hierarchical-Individual
0.75,0.5,0.4773,0.5,Hierarchical-Collective
0.87,0.5,0.4773,0.96,Hierarchical-Individual
0.88,0.5,0.4773,0.64,Hierarchical-Individual
0.79,0.5,0.3182,0.86,Hierarchical-Individual
0.79,0.5,0.3182,0.86,Hierarchical-Individual
0.79,0.5,0.3182,0.86,Hierarchical-Individual
0.79,0.5,0.3182,0.86,Hierarchical-Individual
0.79,0.5,0.3182,0.86,Hierarchical-Individual
0.87,0.0,0.6136,0.77,Hierarchical-Collective
0.87,0.5,0.6136,0.77,Hierarchical-Collective
0.87,0.5,0.6136,0.77,Hierarchical-Collective
0.56,0.5,0.3182,0.79,Hierarchical-Individual
0.72,0.5,0.3182,0.73,Distributed-Individual
0.63,0.5,0.6818,0.55,Hierarchical-Collective
0.63,0.5,0.6818,0.55,Hierarchical-Collective
0.47,1.0,0.5909,0.73,Hierarchical-Individual
0.47,1.0,0.5909,0.73,Hierarchical-Individual
0.47,1.0,0.5909,0.73,Hierarchical-Individual
0.47,1.0,0.5909,0.73,Hierarchical-Individual
0.51,0.5,0.3636,0.95,Hierarchical-Collective
0.51,1.0,0.3636,0.95,Hierarchical-Collective
0.51,1.0,0.3636,0.95,Hierarchical-Collective
0.87,1.0,0.5455,0.82,Distributed-Collective
0.96,0.5,0.5455,0.7,Hierarchical-Individual
0.87,0.5,0.5455,0.82,Distributed-Collective
0.96,0.0,0.5455,0.7,Hierarchical-Individual
0.87,0.5,0.5455,0.82,Distributed-Collective
0.96,0.0,0.5455,0.7,Hierarchical-Individual
0.87,0.5,0.5455,0.82,Distributed-Collective
0.96,0.0,0.5455,0.7,Hierarchical-Individual
0.87,0.5,0.5455,0.82,Distributed-Collective
0.96,0.0,0.5455,0.7,Hierarchical-Individual
0.87,1.0,0.5455,0.82,Distributed-Collective
0.96,0.5,0.5455,0.7,Hierarchical-Individual
0.67,1.0,0.6364,0.8,Hierarchical-Collective
0.82,1.0,0.6364,0.93,Hierarchical-Individual
0.99,1.0,0.6364,0.51,Hierarchical-Collective
0.67,0.5,0.6364,0.8,Hierarchical-Collective
0.82,0.5,0.6364,0.93,Hierarchical-Individual
0.99,0.5,0.6364,0.51,Hierarchical-Collective
0.67,1.0,0.6364,0.8,Hierarchical-Collective
0.82,1.0,0.6364,0.93,Hierarchical-Individual
0.99,1.0,0.6364,0.51,Hierarchical-Collective
0.56,0.5,0.6591,0.87,Distributed-Collective
0.69,1.0,0.6591,0.9,Distributed-Individual
0.56,0.5,0.6591,0.87,Distributed-Collective
0.69,1.0,0.6591,0.9,Distributed-Individual
0.67,0.5,0.3409,0.76,Hierarchical-Individual
0.46,0.5,0.3409,0.6,Hierarchical-Collective
0.82,0.0,0.3409,0.54,Distributed-Collective
0.67,1.0,0.3409,0.76,Hierarchical-Individual
0.46,1.0,0.3409,0.6,Hierarchical-Collective
0.82,0.5,0.3409,0.54,Distributed-Collective
0.67,0.5,0.3409,0.76,Hierarchical-Individual
0.46,0.5,0.3409,0.6,Hierarchical-Collective
0.82,0.0,0.3409,0.54,Distributed-Collective
0.67,1.0,0.3409,0.76,Hierarchical-Individual
0.46,1.0,0.3409,0.6,Hierarchical-Collective
0.82,0.5,0.3409,0.54,Distributed-Collective
0.67,0.5,0.3409,0.76,Hierarchical-Individual
0.46,0.5,0.3409,0.6,Hierarchical-Collective
0.82,0.0,0.3409,0.54,Distributed-Collective
0.63,0.5,0.7273,0.7,Distributed-Individual
0.45,0.5,0.7273,0.88,Distributed-Individual
0.63,1.0,0.7273,0.7,Distributed-Individual
0.45,1.0,0.7273,0.88,Distributed-Individual
0.52,0.0,0.6136,0.84,Distributed-Collective
0.52,0.5,0.6136,0.84,Distributed-Collective
0.52,0.5,0.6136,0.84,Distributed-Collective
0.52,0.0,0.6136,0.84,Distributed-Collective
0.52,0.0,0.6136,0.84,Distributed-Collective
0.52,0.5,0.6136,0.84,Distributed-Collective
0.76,1.0,0.3182,0.97,Distributed-Collective
0.66,0.5,0.3182,0.67,Distributed-Individual
0.93,1.0,0.3182,0.81,Distributed-Collective
0.97,1.0,0.3182,0.73,Hierarchical-Individual
0.76,1.0,0.3182,0.97,Distributed-Collective
0.66,0.5,0.3182,0.67,Distributed-Individual
0.93,1.0,0.3182,0.81,Distributed-Collective
0.97,1.0,0.3182,0.73,Hierarchical-Individual
0.86,1.0,0.6136,1.0,Hierarchical-Individual
0.58,0.0,0.5909,0.56,Hierarchical-Collective
0.5,0.5,0.5909,0.77,Distributed-Collective
0.86,0.0,0.5909,0.5,Hierarchical-Collective
0.72,0.5,0.5909,1.0,Distributed-Individual
0.58,0.5,0.5909,0.56,Hierarchical-Collective
0.5,1.0,0.5909,0.77,Distributed-Collective
0.86,0.5,0.5909,0.5,Hierarchical-Collective
0.72,1.0,0.5909,1.0,Distributed-Individual
0.58,0.0,0.5909,0.56,Hierarchical-Collective
0.5,0.5,0.5909,0.77,Distributed-Collective
0.86,0.0,0.5909,0.5,Hierarchical-Collective
0.72,0.5,0.5909,1.0,Distributed-Individual
0.58,0.5,0.5909,0.56,Hierarchical-Collective
0.5,1.0,0.5909,0.77,Distributed-Collective
0.86,0.5,0.5909,0.5,Hierarchical-Collective
0.72,1.0,0.5909,1.0,Distributed-Individual
0.58,0.5,0.5909,0.56,Hierarchical-Collective
0.5,1.0,0.5909,0.77,Distributed-Collective
0.86,0.5,0.5909,0.5,Hierarchical-Collective
0.72,1.0,0.5909,1.0,Distributed-Individual
0.46,0.5,0.25,0.51,Hierarchical-Collective
0.46,0.5,0.25,0.51,Hierarchical-Collective
0.46,0.0,0.25,0.51,Hierarchical-Collective
0.56,0.5,0.4091,0.8,Hierarchical-Collective
0.41,0.5,0.4091,0.73,Distributed-Individual
0.95,0.5,0.4091,0.7,Hierarchical-Collective
0.56,0.5,0.4091,0.8,Hierarchical-Collective
0.41,0.5,0.4091,0.73,Distributed-Individual
0.95,0.5,0.4091,0.7,Hierarchical-Collective
0.56,0.5,0.4091,0.8,Hierarchical-Collective
0.41,0.5,0.4091,0.73,Distributed-Individual
0.95,0.5,0.4091,0.7,Hierarchical-Collective
0.56,0.0,0.4091,0.8,Hierarchical-Collective
0.41,0.0,0.4091,0.73,Distributed-Individual
0.95,0.0,0.4091,0.7,Hierarchical-Collective
0.71,0.0,0.6364,0.61,Hierarchical-Collective
0.55,0.5,0.6364,0.86,Distributed-Collective
0.71,0.5,0.6364,0.61,Hierarchical-Collective
0.55,1.0,0.6364,0.86,Distributed-Collective
0.71,0.5,0.6364,0.61,Hierarchical-Collective
0.55,1.0,0.6364,0.86,Distributed-Collective
0.71,0.0,0.6364,0.61,Hierarchical-Collective
0.55,0.5,0.6364,0.86,Distributed-Collective
0.42,0.5,0.5227,0.94,Distributed-Collective
0.82,1.0,0.5227,0.9,Distributed-Individual
0.42,0.0,0.5227,0.94,Distributed-Collective
0.82,0.5,0.5227,0.9,Distributed-Individual
0.42,0.5,0.5227,0.94,Distributed-Collective
0.82,1.0,0.5227,0.9,Distributed-Individual
0.64,0.5,0.75,0.81,Distributed-Individual
0.76,0.5,0.75,0.52,Hierarchical-Collective
0.82,0.0,0.75,0.74,Hierarchical-Collective
1.0,0.0,0.75,0.82,Distributed-Individual
0.62,0.5,0.5909,0.56,Distributed-Individual
0.9,0.5,0.5909,0.6,Hierarchical-Collective
0.76,0.5,0.5909,0.58,Hierarchical-Individual
0.41,0.5,0.5909,0.76,Distributed-Collective
0.78,0.5,0.6591,0.9,Hierarchical-Collective
0.85,1.0,0.6591,0.96,Hierarchical-Collective
0.78,0.5,0.6591,0.9,Hierarchical-Collective
0.85,1.0,0.6591,0.96,Hierarchical-Collective
0.9,0.5,0.5909,0.76,Distributed-Individual
0.89,0.5,0.5909,0.97,Distributed-Individual
0.78,0.0,0.5909,0.78,Distributed-Individual
0.9,0.5,0.5909,0.76,Distributed-Individual
0.89,0.5,0.5909,0.97,Distributed-Individual
0.78,0.0,0.5909,0.78,Distributed-Individual
0.9,0.5,0.5909,0.76,Distributed-Individual
0.89,0.5,0.5909,0.97,Distributed-Individual
0.78,0.0,0.5909,0.78,Distributed-Individual
0.9,1.0,0.5909,0.76,Distributed-Individual
0.89,1.0,0.5909,0.97,Distributed-Individual
0.78,0.5,0.5909,0.78,Distributed-Individual
0.9,1.0,0.5909,0.76,Distributed-Individual
0.89,1.0,0.5909,0.97,Distributed-Individual
0.78,0.5,0.5909,0.78,Distributed-Individual
0.4,1.0,0.4091,0.96,Distributed-Individual
0.69,1.0,0.4091,0.9,Distributed-Collective
0.5,0.5,0.4091,0.63,Distributed-Individual
0.4,1.0,0.4091,0.96,Distributed-Individual
0.69,1.0,0.4091,0.9,Distributed-Collective
0.5,0.5,0.4091,0.63,Distributed-Individual
0.4,1.0,0.4091,0.96,Distributed-Individual
0.69,1.0,0.4091,0.9,Distributed-Collective
0.5,0.5,0.4091,0.63,Distributed-Individual
0.4,0.5,0.4091,0.96,Distributed-Individual
0.69,0.5,0.4091,0.9,Distributed-Collective
0.5,0.0,0.4091,0.63,Distributed-Individual
0.81,0.5,0.3409,0.9,Distributed-Collective
0.88,0.0,0.3409,0.91,Hierarchical-Collective
0.81,0.5,0.3409,0.9,Distributed-Collective
0.88,0.0,0.3409,0.91,Hierarchical-Collective
0.81,0.5,0.3409,0.9,Distributed-Collective
0.88,0.0,0.3409,0.91,Hierarchical-Collective
0.81,1.0,0.3409,0.9,Distributed-Collective
0.88,0.5,0.3409,0.91,Hierarchical-Collective
0.81,1.0,0.3409,0.9,Distributed-Collective
0.88,0.5,0.3409,0.91,Hierarchical-Collective
0.64,1.0,0.1818,0.64,Hierarchical-Collective
0.59,0.5,0.7273,0.88,Hierarchical-Collective
0.59,0.5,0.7273,0.88,Hierarchical-Collective
0.6,0.0,0.4318,0.54,Hierarchical-Collective
0.51,0.0,0.4318,0.87,Distributed-Individual
0.9,0.5,0.4318,0.86,Hierarchical-Collective
0.6,0.0,0.4318,0.54,Hierarchical-Collective
0.51,0.0,0.4318,0.87,Distributed-Individual
0.9,0.5,0.4318,0.86,Hierarchical-Collective
0.6,0.0,0.4318,0.54,Hierarchical-Collective
0.51,0.0,0.4318,0.87,Distributed-Individual
0.9,0.5,0.4318,0.86,Hierarchical-Collective
0.6,0.0,0.4318,0.54,Hierarchical-Collective
0.51,0.0,0.4318,0.87,Distributed-Individual
0.9,0.5,0.4318,0.86,Hierarchical-Collective
0.6,0.0,0.4318,0.54,Hierarchical-Collective
0.51,0.0,0.4318,0.87,Distributed-Individual
0.9,0.5,0.4318,0.86,Hierarchical-Collective
0.6,0.5,0.4318,0.54,Hierarchical-Collective
0.51,0.5,0.4318,0.87,Distributed-Individual
0.9,1.0,0.4318,0.86,Hierarchical-Collective
0.6,0.5,0.4318,0.54,Hierarchical-Collective
0.51,0.5,0.4318,0.87,Distributed-Individual
0.9,1.0,0.4318,0.86,Hierarchical-Collective
0.6,0.5,0.4318,0.54,Hierarchical-Collective
0.51,0.5,0.4318,0.87,Distributed-Individual
0.9,1.0,0.4318,0.86,Hierarchical-Collective
0.6,0.5,0.4318,0.54,Hierarchical-Collective
0.51,0.5,0.4318,0.87,Distributed-Individual
0.9,1.0,0.4318,0.86,Hierarchical-Collective
0.86,0.5,0.5,0.63,Distributed-Collective
0.69,0.0,0.5,0.52,Distributed-Collective
0.86,1.0,0.5,0.63,Distributed-Collective
0.69,0.5,0.5,0.52,Distributed-Collective
0.86,1.0,0.5,0.63,Distributed-Collective
0.69,0.5,0.5,0.52,Distributed-Collective
0.94,1.0,0.5682,0.97,Hierarchical-Collective
0.74,1.0,0.5682,0.51,Distributed-Collective
0.94,1.0,0.5682,0.97,Hierarchical-Collective
0.74,1.0,0.5682,0.51,Distributed-Collective
0.94,1.0,0.5682,0.97,Hierarchical-Collective
0.74,1.0,0.5682,0.51,Distributed-Collective
0.94,1.0,0.5682,0.97,Hierarchical-Collective
0.74,1.0,0.5682,0.51,Distributed-Collective
0.71,0.5,0.5,0.91,Distributed-Collective
0.71,0.5,0.5,0.91,Distributed-Collective
0.71,0.0,0.5,0.91,Distributed-Collective
0.55,0.5,0.6136,0.56,Hierarchical-Individual
0.88,0.5,0.6136,0.53,Distributed-Collective
0.86,0.5,0.6136,0.84,Distributed-Collective
0.55,1.0,0.6136,0.56,Hierarchical-Individual
0.88,1.0,0.6136,0.53,Distributed-Collective
0.86,1.0,0.6136,0.84,Distributed-Collective
0.47,0.5,0.4773,1.0,Distributed-Individual
0.5,0.5,0.4773,0.67,Hierarchical-Collective
0.47,0.5,0.4773,1.0,Distributed-Individual
0.5,0.5,0.4773,0.67,Hierarchical-Collective
0.47,0.5,0.4773,1.0,Distributed-Individual
0.5,0.5,0.4773,0.67,Hierarchical-Collective
0.47,0.5,0.4773,1.0,Distributed-Individual
0.5,0.5,0.4773,0.67,Hierarchical-Collective
0.82,1.0,0.6818,0.99,Hierarchical-Individual
0.61,1.0,0.6818,0.72,Distributed-Collective
0.68,1.0,0.6818,0.91,Hierarchical-Individual
0.82,0.5,0.6818,0.99,Hierarchical-Individual
0.61,0.5,0.6818,0.72,Distributed-Collective
0.68,0.5,0.6818,0.91,Hierarchical-Individual
0.83,0.0,0.8182,0.85,Hierarchical-Collective
0.88,0.0,0.8182,0.73,Distributed-Individual
0.45,0.0,0.8182,0.72,Distributed-Collective
0.57,0.0,0.8182,0.77,Distributed-Individual
0.69,0.0,0.8182,0.71,Distributed-Collective
0.96,1.0,0.5227,0.75,Hierarchical-Individual
0.73,1.0,0.5227,0.95,Distributed-Collective
0.42,1.0,0.5227,0.77,Distributed-Collective
0.96,1.0,0.5227,0.75,Hierarchical-Individual
0.73,1.0,0.5227,0.95,Distributed-Collective
0.42,1.0,0.5227,0.77,Distributed-Collective
0.96,0.5,0.5227,0.75,Hierarchical-Individual
0.73,0.5,0.5227,0.95,Distributed-Collective
0.42,0.5,0.5227,0.77,Distributed-Collective
0.96,0.5,0.5227,0.75,Hierarchical-Individual
0.73,0.5,0.5227,0.95,Distributed-Collective
0.42,0.5,0.5227,0.77,Distributed-Collective
0.97,0.0,0.2045,0.86,Hierarchical-Individual
0.61,0.5,0.2045,0.95,Distributed-Individual
0.97,0.0,0.2045,0.86,Hierarchical-Individual
0.61,0.5,0.2045,0.95,Distributed-Individual
0.97,0.5,0.2045,0.86,Hierarchical-Individual
0.61,1.0,0.2045,0.95,Distributed-Individual
0.5,0.0,0.5682,0.51,Hierarchical-Individual
0.5,0.5,0.5682,0.51,Hierarchical-Individual
0.5,0.0,0.5682,0.51,Hierarchical-Individual
0.5,0.0,0.5682,0.51,Hierarchical-Individual
0.5,0.5,0.5682,0.51,Hierarchical-Individual
0.62,1.0,0.6364,0.9,Hierarchical-Collective
0.62,1.0,0.6364,0.9,Hierarchical-Collective
0.58,0.5,0.4318,0.96,Hierarchical-Collective
0.76,0.5,0.4318,0.51,Hierarchical-Collective
0.61,0.5,0.4318,0.76,Distributed-Individual
0.63,0.5,0.4318,0.89,Distributed-Collective
0.89,0.5,0.4318,0.9,Hierarchical-Collective
0.63,0.5,0.4318,0.89,Distributed-Collective
0.89,0.5,0.4318,0.9,Hierarchical-Collective
0.63,0.5,0.4318,0.89,Distributed-Collective
0.89,0.5,0.4318,0.9,Hierarchical-Collective
0.85,1.0,0.5455,0.85,Distributed-Collective
0.85,0.5,0.5455,0.85,Distributed-Collective
0.85,0.5,0.5455,0.85,Distributed-Collective
0.47,0.0,0.6818,0.67,Hierarchical-Individual
0.99,0.5,0.6818,0.66,Distributed-Collective
0.47,0.5,0.6818,0.67,Hierarchical-Individual
0.99,1.0,0.6818,0.66,Distributed-Collective
0.47,0.0,0.6818,0.67,Hierarchical-Individual
0.99,0.5,0.6818,0.66,Distributed-Collective
0.47,0.0,0.6818,0.67,Hierarchical-Individual
0.99,0.5,0.6818,0.66,Distributed-Collective
0.94,1.0,0.2955,0.99,Distributed-Collective
0.64,1.0,0.2955,0.52,Hierarchical-Collective
0.94,0.5,0.2955,0.99,Distributed-Collective
0.64,0.5,0.2955,0.52,Hierarchical-Collective
0.41,0.5,0.5227,0.92,Hierarchical-Collective
0.41,0.5,0.5227,0.92,Hierarchical-Collective
0.41,0.5,0.5227,0.92,Hierarchical-Collective
0.41,1.0,0.5227,0.92,Hierarchical-Collective
0.41,0.5,0.5227,0.92,Hierarchical-Collective
0.77,1.0,0.6136,0.84,Hierarchical-Collective
0.69,1.0,0.4091,0.87,Hierarchical-Individual
0.69,1.0,0.4091,0.87,Hierarchical-Individual
0.69,0.5,0.4091,0.87,Hierarchical-Individual
0.69,0.5,0.4091,0.87,Hierarchical-Individual
0.69,1.0,0.4091,0.87,Hierarchical-Individual
0.69,1.0,0.4091,0.87,Hierarchical-Individual
0.69,0.5,0.4091,0.87,Hierarchical-Individual
0.93,0.5,0.6818,0.81,Hierarchical-Individual
0.51,0.5,0.6818,0.53,Hierarchical-Individual
0.48,0.5,0.2045,0.88,Hierarchical-Collective
0.5,0.5,0.25,0.56,Hierarchical-Collective
0.91,1.0,0.25,0.51,Distributed-Collective
0.9,0.5,0.6364,0.67,Hierarchical-Individual
0.93,1.0,0.6364,0.56,Hierarchical-Individual
0.68,1.0,0.6591,0.79,Distributed-Collective
0.47,1.0,0.7273,0.86,Distributed-Individual
0.47,1.0,0.7273,0.86,Distributed-Individual
0.47,1.0,0.7273,0.86,Distributed-Individual
0.59,0.5,0.7273,0.62,Hierarchical-Individual
0.61,0.5,0.6136,1.0,Hierarchical-Individual
0.85,0.5,0.6136,0.75,Distributed-Collective
0.89,0.5,0.6136,0.97,Hierarchical-Collective
0.61,1.0,0.6136,1.0,Hierarchical-Individual
0.85,1.0,0.6136,0.75,Distributed-Collective
0.89,1.0,0.6136,0.97,Hierarchical-Collective
0.61,1.0,0.6136,1.0,Hierarchical-Individual
0.85,1.0,0.6136,0.75,Distributed-Collective
0.89,1.0,0.6136,0.97,Hierarchical-Collective
0.61,1.0,0.6136,1.0,Hierarchical-Individual
0.85,1.0,0.6136,0.75,Distributed-Collective
0.89,1.0,0.6136,0.97,Hierarchical-Collective
0.61,0.5,0.6136,1.0,Hierarchical-Individual
0.85,0.5,0.6136,0.75,Distributed-Collective
0.89,0.5,0.6136,0.97,Hierarchical-Collective
0.61,1.0,0.6136,1.0,Hierarchical-Individual
0.85,1.0,0.6136,0.75,Distributed-Collective
0.89,1.0,0.6136,0.97,Hierarchical-Collective
0.65,0.5,0.5909,0.51,Hierarchical-Collective
0.52,1.0,0.5909,0.75,Distributed-Individual
0.99,0.5,0.5909,0.94,Distributed-Collective
0.56,1.0,0.5909,0.66,Hierarchical-Collective
0.65,0.5,0.5909,0.51,Hierarchical-Collective
0.52,1.0,0.5909,0.75,Distributed-Individual
0.99,0.5,0.5909,0.94,Distributed-Collective
0.56,1.0,0.5909,0.66,Hierarchical-Collective
0.65,0.5,0.5909,0.51,Hierarchical-Collective
0.52,1.0,0.5909,0.75,Distributed-Individual
0.99,0.5,0.5909,0.94,Distributed-Collective
0.56,1.0,0.5909,0.66,Hierarchical-Collective
0.65,0.5,0.5909,0.51,Hierarchical-Collective
0.52,1.0,0.5909,0.75,Distributed-Individual
0.99,0.5,0.5909,0.94,Distributed-Collective
0.56,1.0,0.5909,0.66,Hierarchical-Collective
0.65,0.5,0.5909,0.51,Hierarchical-Collective
0.52,1.0,0.5909,0.75,Distributed-Individual
0.99,0.5,0.5909,0.94,Distributed-Collective
0.56,1.0,0.5909,0.66,Hierarchical-Collective
0.65,0.0,0.5909,0.51,Hierarchical-Collective
0.52,0.5,0.5909,0.75,Distributed-Individual
0.99,0.0,0.5909,0.94,Distributed-Collective
0.56,0.5,0.5909,0.66,Hierarchical-Collective
0.65,0.5,0.5909,0.51,Hierarchical-Collective
0.52,1.0,0.5909,0.75,Distributed-Individual
0.99,0.5,0.5909,0.94,Distributed-Collective
0.56,1.0,0.5909,0.66,Hierarchical-Collective
0.67,0.0,0.3864,0.83,Distributed-Collective
0.5,0.0,0.3864,0.81,Hierarchical-Individual
0.89,0.5,0.3864,0.83,Distributed-Collective
0.99,0.5,0.3864,0.57,Hierarchical-Individual
0.67,0.0,0.3864,0.83,Distributed-Collective
0.5,0.0,0.3864,0.81,Hierarchical-Individual
0.89,0.5,0.3864,0.83,Distributed-Collective
0.99,0.5,0.3864,0.57,Hierarchical-Individual
0.67,0.5,0.3864,0.83,Distributed-Collective
0.5,0.5,0.3864,0.81,Hierarchical-Individual
0.89,1.0,0.3864,0.83,Distributed-Collective
0.99,1.0,0.3864,0.57,Hierarchical-Individual
0.99,1.0,0.5909,0.81,Hierarchical-Collective
0.78,1.0,0.5909,0.56,Hierarchical-Individual
0.68,0.5,0.5909,0.98,Distributed-Collective
0.42,1.0,0.5909,0.5,Distributed-Individual
0.46,1.0,0.5909,0.55,Hierarchical-Individual
0.99,0.5,0.5909,0.81,Hierarchical-Collective
0.78,0.5,0.5909,0.56,Hierarchical-Individual
0.68,0.0,0.5909,0.98,Distributed-Collective
0.42,0.5,0.5909,0.5,Distributed-Individual
0.46,0.5,0.5909,0.55,Hierarchical-Individual
0.99,0.5,0.5909,0.81,Hierarchical-Collective
0.78,0.5,0.5909,0.56,Hierarchical-Individual
0.68,0.0,0.5909,0.98,Distributed-Collective
0.42,0.5,0.5909,0.5,Distributed-Individual
0.46,0.5,0.5909,0.55,Hierarchical-Individual
0.99,1.0,0.5909,0.81,Hierarchical-Collective
0.78,1.0,0.5909,0.56,Hierarchical-Individual
0.68,0.5,0.5909,0.98,Distributed-Collective
0.42,1.0,0.5909,0.5,Distributed-Individual
0.46,1.0,0.5909,0.55,Hierarchical-Individual
0.45,1.0,0.6591,0.91,Distributed-Individual
0.9,1.0,0.6591,0.54,Hierarchical-Individual
0.58,1.0,0.6591,0.58,Distributed-Collective
1.0,1.0,0.6591,0.64,Distributed-Individual
0.46,1.0,0.6591,0.78,Hierarchical-Individual
0.8,1.0,0.6591,0.9,Distributed-Individual
0.82,1.0,0.6591,0.8,Hierarchical-Collective
0.98,0.0,0.2045,0.54,Distributed-Collective
0.98,0.5,0.2045,0.54,Distributed-Collective
0.57,0.5,0.6591,0.5,Hierarchical-Individual
0.44,1.0,0.6591,0.97,Hierarchical-Individual
0.65,1.0,0.6591,0.98,Hierarchical-Collective
0.57,0.5,0.6591,0.5,Hierarchical-Individual
0.44,1.0,0.6591,0.97,Hierarchical-Individual
0.65,1.0,0.6591,0.98,Hierarchical-Collective
0.6,0.0,0.3182,0.62,Hierarchical-Collective
0.93,0.0,0.3182,0.51,Hierarchical-Collective
0.6,0.0,0.3182,0.62,Hierarchical-Collective
0.93,0.0,0.3182,0.51,Hierarchical-Collective
0.6,0.5,0.3182,0.62,Hierarchical-Collective
0.93,0.5,0.3182,0.51,Hierarchical-Collective
0.96,0.0,0.7045,0.96,Hierarchical-Individual
0.46,0.5,0.7045,0.64,Distributed-Collective
0.62,0.0,0.6136,0.6,Distributed-Collective
0.65,0.0,0.6136,0.5,Hierarchical-Collective
0.91,0.0,0.6136,0.58,Hierarchical-Individual
0.62,0.0,0.6136,0.6,Distributed-Collective
0.65,0.0,0.6136,0.5,Hierarchical-Collective
0.91,0.0,0.6136,0.58,Hierarchical-Individual
0.62,0.5,0.6136,0.6,Distributed-Collective
0.65,0.5,0.6136,0.5,Hierarchical-Collective
0.91,0.5,0.6136,0.58,Hierarchical-Individual
0.62,0.0,0.6136,0.6,Distributed-Collective
0.65,0.0,0.6136,0.5,Hierarchical-Collective
0.91,0.0,0.6136,0.58,Hierarchical-Individual
0.42,0.5,0.5227,0.78,Distributed-Collective
0.68,1.0,0.5227,0.66,Hierarchical-Individual
0.42,0.0,0.5227,0.78,Distributed-Collective
0.68,0.5,0.5227,0.66,Hierarchical-Individual
0.42,0.5,0.5227,0.78,Distributed-Collective
0.68,1.0,0.5227,0.66,Hierarchical-Individual
0.42,0.5,0.5227,0.78,Distributed-Collective
0.68,1.0,0.5227,0.66,Hierarchical-Individual
0.42,0.5,0.5227,0.78,Distributed-Collective
0.68,1.0,0.5227,0.66,Hierarchical-Individual
0.43,0.5,0.7045,0.87,Hierarchical-Collective
0.73,0.5,0.2045,0.52,Distributed-Collective
0.98,0.5,0.2045,0.85,Distributed-Collective
0.96,0.5,0.4318,0.95,Distributed-Individual
0.96,0.0,0.4318,0.95,Distributed-Individual
0.96,0.5,0.4318,0.95,Distributed-Individual
0.96,0.5,0.4318,0.95,Distributed-Individual
0.96,0.5,0.4318,0.95,Distributed-Individual
0.96,0.5,0.4318,0.95,Distributed-Individual
0.96,0.0,0.4318,0.95,Distributed-Individual
0.71,0.5,0.3864,1.0,Distributed-Collective
0.71,0.5,0.3864,1.0,Distributed-Collective
0.71,1.0,0.3864,1.0,Distributed-Collective
0.71,0.5,0.3864,1.0,Distributed-Collective
0.71,0.5,0.3864,1.0,Distributed-Collective
0.85,0.5,0.2273,0.52,Distributed-Individual
0.44,0.0,0.2273,0.54,Hierarchical-Collective
0.61,0.0,0.3864,0.81,Distributed-Collective
0.61,0.0,0.3864,0.81,Distributed-Collective
0.61,0.5,0.3864,0.81,Distributed-Collective
0.61,0.5,0.3864,0.81,Distributed-Collective
0.49,1.0,0.2955,0.78,Hierarchical-Collective
0.83,0.5,0.2955,0.82,Distributed-Individual
0.48,0.5,0.2955,0.71,Hierarchical-Individual
0.47,1.0,0.2955,0.75,Hierarchical-Individual
0.49,0.5,0.2955,0.78,Hierarchical-Collective
0.83,0.0,0.2955,0.82,Distributed-Individual
0.48,0.0,0.2955,0.71,Hierarchical-Individual
0.47,0.5,0.2955,0.75,Hierarchical-Individual
0.49,0.5,0.2955,0.78,Hierarchical-Collective
0.83,0.0,0.2955,0.82,Distributed-Individual
0.48,0.0,0.2955,0.71,Hierarchical-Individual
0.47,0.5,0.2955,0.75,Hierarchical-Individual
0.49,1.0,0.2955,0.78,Hierarchical-Collective
0.83,0.5,0.2955,0.82,Distributed-Individual
0.48,0.5,0.2955,0.71,Hierarchical-Individual
0.47,1.0,0.2955,0.75,Hierarchical-Individual
0.45,1.0,0.7045,0.89,Distributed-Collective
0.56,1.0,0.7045,0.86,Hierarchical-Collective
0.59,1.0,0.7045,0.98,Hierarchical-Collective
0.6,0.5,0.7045,0.77,Distributed-Individual
0.64,1.0,0.7045,0.77,Hierarchical-Collective
0.45,0.5,0.7045,0.89,Distributed-Collective
0.56,0.5,0.7045,0.86,Hierarchical-Collective
0.59,0.5,0.7045,0.98,Hierarchical-Collective
0.6,0.0,0.7045,0.77,Distributed-Individual
0.64,0.5,0.7045,0.77,Hierarchical-Collective
0.45,1.0,0.7045,0.89,Distributed-Collective
0.56,1.0,0.7045,0.86,Hierarchical-Collective
0.59,1.0,0.7045,0.98,Hierarchical-Collective
0.6,0.5,0.7045,0.77,Distributed-Individual
0.64,1.0,0.7045,0.77,Hierarchical-Collective
0.45,0.5,0.7045,0.89,Distributed-Collective
0.56,0.5,0.7045,0.86,Hierarchical-Collective
0.59,0.5,0.7045,0.98,Hierarchical-Collective
0.6,0.0,0.7045,0.77,Distributed-Individual
0.64,0.5,0.7045,0.77,Hierarchical-Collective
0.64,0.5,0.6818,0.91,Distributed-Collective
0.88,1.0,0.6818,0.76,Distributed-Collective
0.72,0.5,0.6818,0.7,Distributed-Individual
0.64,0.0,0.6818,0.91,Distributed-Collective
0.88,0.5,0.6818,0.76,Distributed-Collective
0.72,0.0,0.6818,0.7,Distributed-Individual
0.81,1.0,0.3864,0.51,Distributed-Individual
0.62,0.5,0.3864,0.93,Distributed-Collective
0.68,1.0,0.3864,0.69,Distributed-Collective
0.81,1.0,0.3864,0.51,Distributed-Individual
0.62,0.5,0.3864,0.93,Distributed-Collective
0.68,1.0,0.3864,0.69,Distributed-Collective
0.43,0.5,0.5682,0.92,Hierarchical-Collective
0.43,0.5,0.5682,0.65,Hierarchical-Collective
0.95,0.0,0.5682,0.98,Hierarchical-Individual
0.43,1.0,0.5682,0.92,Hierarchical-Collective
0.43,1.0,0.5682,0.65,Hierarchical-Collective
0.95,0.5,0.5682,0.98,Hierarchical-Individual
0.43,1.0,0.5682,0.92,Hierarchical-Collective
0.43,1.0,0.5682,0.65,Hierarchical-Collective
0.95,0.5,0.5682,0.98,Hierarchical-Individual
0.43,0.5,0.5682,0.92,Hierarchical-Collective
0.43,0.5,0.5682,0.65,Hierarchical-Collective
0.95,0.0,0.5682,0.98,Hierarchical-Individual
0.43,1.0,0.5682,0.92,Hierarchical-Collective
0.43,1.0,0.5682,0.65,Hierarchical-Collective
0.95,0.5,0.5682,0.98,Hierarchical-Individual
0.43,1.0,0.5682,0.92,Hierarchical-Collective
0.43,1.0,0.5682,0.65,Hierarchical-Collective
0.95,0.5,0.5682,0.98,Hierarchical-Individual
0.85,1.0,0.6136,0.74,Distributed-Individual
0.85,0.5,0.6136,0.74,Distributed-Individual
0.85,0.5,0.6136,0.74,Distributed-Individual
0.7,0.5,0.3409,0.85,Distributed-Individual
0.97,1.0,0.3409,0.95,Distributed-Collective
0.46,0.5,0.3409,0.7,Distributed-Collective
0.58,1.0,0.3409,0.57,Hierarchical-Individual
0.7,0.0,0.3409,0.85,Distributed-Individual
0.97,0.5,0.3409,0.95,Distributed-Collective
0.46,0.0,0.3409,0.7,Distributed-Collective
0.58,0.5,0.3409,0.57,Hierarchical-Individual
0.7,0.5,0.3409,0.85,Distributed-Individual
0.97,1.0,0.3409,0.95,Distributed-Collective
0.46,0.5,0.3409,0.7,Distributed-Collective
0.58,1.0,0.3409,0.57,Hierarchical-Individual
0.7,0.0,0.3409,0.85,Distributed-Individual
0.97,0.5,0.3409,0.95,Distributed-Collective
0.46,0.0,0.3409,0.7,Distributed-Collective
0.58,0.5,0.3409,0.57,Hierarchical-Individual
0.7,0.0,0.3409,0.85,Distributed-Individual
0.97,0.5,0.3409,0.95,Distributed-Collective
0.46,0.0,0.3409,0.7,Distributed-Collective
0.58,0.5,0.3409,0.57,Hierarchical-Individual
0.53,0.5,0.4318,0.5,Hierarchical-Individual
0.47,0.5,0.4318,0.9,Distributed-Collective
0.53,1.0,0.4318,0.5,Hierarchical-Individual
0.47,1.0,0.4318,0.9,Distributed-Collective
0.53,0.5,0.4318,0.5,Hierarchical-Individual
0.47,0.5,0.4318,0.9,Distributed-Collective
0.53,1.0,0.4318,0.5,Hierarchical-Individual
0.47,1.0,0.4318,0.9,Distributed-Collective
0.61,0.5,0.5682,0.81,Distributed-Individual
0.61,0.0,0.5682,0.81,Distributed-Individual
0.61,0.5,0.5682,0.81,Distributed-Individual
0.61,0.5,0.5682,0.81,Distributed-Individual
0.61,0.5,0.5682,0.81,Distributed-Individual
0.61,0.0,0.5682,0.81,Distributed-Individual
0.61,0.5,0.5682,0.81,Distributed-Individual
0.61,0.5,0.5682,0.81,Distributed-Individual
0.61,0.5,0.5682,0.81,Distributed-Individual
0.61,0.5,0.5682,0.81,Distributed-Individual
0.97,1.0,0.5455,0.82,Distributed-Individual
0.97,1.0,0.5455,0.82,Distributed-Individual
0.97,0.5,0.5455,0.82,Distributed-Individual
0.97,1.0,0.5455,0.82,Distributed-Individual
0.97,0.5,0.5455,0.82,Distributed-Individual
0.97,0.5,0.5455,0.82,Distributed-Individual
0.97,1.0,0.5455,0.82,Distributed-Individual
0.97,0.5,0.5455,0.82,Distributed-Individual
0.65,0.5,0.25,0.58,Hierarchical-Collective
0.89,1.0,0.25,0.56,Distributed-Collective
0.89,1.0,0.25,0.79,Hierarchical-Individual
0.65,0.0,0.25,0.58,Hierarchical-Collective
0.89,0.5,0.25,0.56,Distributed-Collective
0.89,0.5,0.25,0.79,Hierarchical-Individual
0.75,0.5,0.3864,0.84,Distributed-Collective
0.75,0.5,0.3864,0.84,Distributed-Collective
0.75,0.5,0.3864,0.84,Distributed-Collective
0.75,0.5,0.3864,0.84,Distributed-Collective
0.75,0.5,0.3864,0.84,Distributed-Collective
0.51,0.5,0.5682,0.88,Distributed-Collective
0.51,0.5,0.5682,0.88,Distributed-Collective
0.81,1.0,0.2273,0.74,Distributed-Individual
0.9,0.0,0.3409,0.96,Distributed-Individual
0.9,0.5,0.3409,0.65,Hierarchical-Individual
0.62,0.5,0.3409,0.86,Distributed-Collective
0.9,0.5,0.3409,0.96,Distributed-Individual
0.9,1.0,0.3409,0.65,Hierarchical-Individual
0.62,1.0,0.3409,0.86,Distributed-Collective
0.9,0.0,0.3409,0.96,Distributed-Individual
0.9,0.5,0.3409,0.65,Hierarchical-Individual
0.62,0.5,0.3409,0.86,Distributed-Collective
0.9,0.5,0.3409,0.96,Distributed-Individual
0.9,1.0,0.3409,0.65,Hierarchical-Individual
0.62,1.0,0.3409,0.86,Distributed-Collective
0.9,0.5,0.3409,0.96,Distributed-Individual
0.9,1.0,0.3409,0.65,Hierarchical-Individual
0.62,1.0,0.3409,0.86,Distributed-Collective
0.9,0.0,0.3409,0.96,Distributed-Individual
0.9,0.5,0.3409,0.65,Hierarchical-Individual
0.62,0.5,0.3409,0.86,Distributed-Collective
0.9,0.5,0.3409,0.96,Distributed-Individual
0.9,1.0,0.3409,0.65,Hierarchical-Individual
0.62,1.0,0.3409,0.86,Distributed-Collective
0.9,0.5,0.3409,0.96,Distributed-Individual
0.9,1.0,0.3409,0.65,Hierarchical-Individual
0.62,1.0,0.3409,0.86,Distributed-Collective
0.9,0.5,0.3409,0.96,Distributed-Individual
0.9,1.0,0.3409,0.65,Hierarchical-Individual
0.62,1.0,0.3409,0.86,Distributed-Collective
0.87,0.0,0.4773,0.97,Distributed-Individual
0.51,0.0,0.4773,0.81,Distributed-Collective
0.63,0.0,0.4773,0.91,Distributed-Collective
0.83,0.5,0.4773,0.54,Hierarchical-Collective
0.87,0.0,0.4773,0.97,Distributed-Individual
0.51,0.0,0.4773,0.81,Distributed-Collective
0.63,0.0,0.4773,0.91,Distributed-Collective
0.83,0.5,0.4773,0.54,Hierarchical-Collective
0.87,0.5,0.4773,0.97,Distributed-Individual
0.51,0.5,0.4773,0.81,Distributed-Collective
0.63,0.5,0.4773,0.91,Distributed-Collective
0.83,1.0,0.4773,0.54,Hierarchical-Collective
0.87,0.5,0.4773,0.97,Distributed-Individual
0.51,0.5,0.4773,0.81,Distributed-Collective
0.63,0.5,0.4773,0.91,Distributed-Collective
0.83,1.0,0.4773,0.54,Hierarchical-Collective
0.87,0.0,0.4773,0.97,Distributed-Individual
0.51,0.0,0.4773,0.81,Distributed-Collective
0.63,0.0,0.4773,0.91,Distributed-Collective
0.83,0.5,0.4773,0.54,Hierarchical-Collective
0.85,0.5,0.6136,0.59,Distributed-Individual
0.85,0.0,0.6136,0.59,Distributed-Individual
0.85,0.0,0.6136,0.59,Distributed-Individual
0.85,0.0,0.6136,0.59,Distributed-Individual
0.85,0.5,0.6136,0.59,Distributed-Individual
0.85,0.5,0.6136,0.59,Distributed-Individual
0.99,0.5,0.4545,0.64,Distributed-Individual
0.99,1.0,0.4545,0.64,Distributed-Individual
0.99,1.0,0.4545,0.64,Distributed-Individual
0.99,1.0,0.4545,0.64,Distributed-Individual
0.99,0.5,0.4545,0.64,Distributed-Individual
0.81,0.5,0.4773,0.73,Distributed-Individual
0.62,1.0,0.4773,0.51,Distributed-Collective
0.54,1.0,0.4773,0.62,Distributed-Individual
0.81,0.5,0.4773,0.73,Distributed-Individual
0.62,1.0,0.4773,0.51,Distributed-Collective
0.54,1.0,0.4773,0.62,Distributed-Individual
0.81,0.5,0.4773,0.73,Distributed-Individual
0.62,1.0,0.4773,0.51,Distributed-Collective
0.54,1.0,0.4773,0.62,Distributed-Individual
0.81,0.0,0.4773,0.73,Distributed-Individual
0.62,0.5,0.4773,0.51,Distributed-Collective
0.54,0.5,0.4773,0.62,Distributed-Individual
0.81,0.5,0.4773,0.73,Distributed-Individual
0.62,1.0,0.4773,0.51,Distributed-Collective
0.54,1.0,0.4773,0.62,Distributed-Individual
0.81,0.0,0.4773,0.73,Distributed-Individual
0.62,0.5,0.4773,0.51,Distributed-Collective
0.54,0.5,0.4773,0.62,Distributed-Individual
0.81,0.0,0.4773,0.73,Distributed-Individual
0.62,0.5,0.4773,0.51,Distributed-Collective
0.54,0.5,0.4773,0.62,Distributed-Individual
0.81,0.5,0.4773,0.73,Distributed-Individual
0.62,1.0,0.4773,0.51,Distributed-Collective
0.54,1.0,0.4773,0.62,Distributed-Individual
0.73,0.5,0.4091,0.74,Distributed-Collective
1.0,1.0,0.4091,0.68,Distributed-Individual
0.7,0.5,0.4091,0.96,Distributed-Collective
0.94,0.5,0.4091,0.91,Hierarchical-Individual
0.73,0.5,0.4091,0.74,Distributed-Collective
1.0,1.0,0.4091,0.68,Distributed-Individual
0.7,0.5,0.4091,0.96,Distributed-Collective
0.94,0.5,0.4091,0.91,Hierarchical-Individual
0.73,0.5,0.4091,0.74,Distributed-Collective
1.0,1.0,0.4091,0.68,Distributed-Individual
0.7,0.5,0.4091,0.96,Distributed-Collective
0.94,0.5,0.4091,0.91,Hierarchical-Individual
0.73,0.5,0.4091,0.74,Distributed-Collective
1.0,1.0,0.4091,0.68,Distributed-Individual
0.7,0.5,0.4091,0.96,Distributed-Collective
0.94,0.5,0.4091,0.91,Hierarchical-Individual
0.73,0.5,0.4091,0.74,Distributed-Collective
1.0,1.0,0.4091,0.68,Distributed-Individual
0.7,0.5,0.4091,0.96,Distributed-Collective
0.94,0.5,0.4091,0.91,Hierarchical-Individual
0.81,0.0,0.4773,0.98,Distributed-Individual
0.62,0.0,0.4773,0.81,Hierarchical-Collective
0.81,0.5,0.4773,0.98,Distributed-Individual
0.62,0.5,0.4773,0.81,Hierarchical-Collective
0.81,0.5,0.4773,0.98,Distributed-Individual
0.62,0.5,0.4773,0.81,Hierarchical-Collective
0.81,0.0,0.4773,0.98,Distributed-Individual
0.62,0.0,0.4773,0.81,Hierarchical-Collective
0.81,0.0,0.4773,0.98,Distributed-Individual
0.62,0.0,0.4773,0.81,Hierarchical-Collective
0.81,0.5,0.4773,0.98,Distributed-Individual
0.62,0.5,0.4773,0.81,Hierarchical-Collective
0.81,0.5,0.4773,0.98,Distributed-Individual
0.62,0.5,0.4773,0.81,Hierarchical-Collective
0.56,0.5,0.3182,0.77,Distributed-Collective
0.56,1.0,0.3182,0.77,Distributed-Collective
0.56,1.0,0.3182,0.77,Distributed-Collective
0.56,1.0,0.3182,0.77,Distributed-Collective
0.56,1.0,0.3182,0.77,Distributed-Collective
0.56,0.5,0.3182,0.77,Distributed-Collective
0.61,0.5,0.5227,0.89,Hierarchical-Collective
0.94,1.0,0.5227,0.5,Hierarchical-Collective
0.46,1.0,0.5227,0.66,Hierarchical-Individual
0.46,0.5,0.5227,0.53,Hierarchical-Individual
0.61,0.5,0.5227,0.89,Hierarchical-Collective
0.94,1.0,0.5227,0.5,Hierarchical-Collective
0.46,1.0,0.5227,0.66,Hierarchical-Individual
0.46,0.5,0.5227,0.53,Hierarchical-Individual
0.61,0.0,0.5227,0.89,Hierarchical-Collective
0.94,0.5,0.5227,0.5,Hierarchical-Collective
0.46,0.5,0.5227,0.66,Hierarchical-Individual
0.46,0.0,0.5227,0.53,Hierarchical-Individual
0.61,0.5,0.5227,0.89,Hierarchical-Collective
0.94,1.0,0.5227,0.5,Hierarchical-Collective
0.46,1.0,0.5227,0.66,Hierarchical-Individual
0.46,0.5,0.5227,0.53,Hierarchical-Individual
0.61,0.5,0.5227,0.89,Hierarchical-Collective
0.94,1.0,0.5227,0.5,Hierarchical-Collective
0.46,1.0,0.5227,0.66,Hierarchical-Individual
0.46,0.5,0.5227,0.53,Hierarchical-Individual
0.61,0.5,0.5227,0.89,Hierarchical-Collective
0.94,1.0,0.5227,0.5,Hierarchical-Collective
0.46,1.0,0.5227,0.66,Hierarchical-Individual
0.46,0.5,0.5227,0.53,Hierarchical-Individual
0.61,0.0,0.5227,0.89,Hierarchical-Collective
0.94,0.5,0.5227,0.5,Hierarchical-Collective
0.46,0.5,0.5227,0.66,Hierarchical-Individual
0.46,0.0,0.5227,0.53,Hierarchical-Individual
0.61,0.5,0.5227,0.89,Hierarchical-Collective
0.94,1.0,0.5227,0.5,Hierarchical-Collective
0.46,1.0,0.5227,0.66,Hierarchical-Individual
0.46,0.5,0.5227,0.53,Hierarchical-Individual
0.61,0.5,0.5227,0.89,Hierarchical-Collective
0.94,1.0,0.5227,0.5,Hierarchical-Collective
0.46,1.0,0.5227,0.66,Hierarchical-Individual
0.46,0.5,0.5227,0.53,Hierarchical-Individual
0.61,0.5,0.5227,0.89,Hierarchical-Collective
0.94,1.0,0.5227,0.5,Hierarchical-Collective
0.46,1.0,0.5227,0.66,Hierarchical-Individual
0.46,0.5,0.5227,0.53,Hierarchical-Individual
0.51,1.0,0.5682,0.72,Distributed-Collective
0.89,0.5,0.5682,0.51,Distributed-Individual
0.85,1.0,0.5682,0.85,Distributed-Individual
0.51,1.0,0.5682,0.72,Distributed-Collective
0.89,0.5,0.5682,0.51,Distributed-Individual
0.85,1.0,0.5682,0.85,Distributed-Individual
0.51,0.5,0.5682,0.72,Distributed-Collective
0.89,0.0,0.5682,0.51,Distributed-Individual
0.85,0.5,0.5682,0.85,Distributed-Individual
0.51,0.5,0.5682,0.72,Distributed-Collective
0.89,0.0,0.5682,0.51,Distributed-Individual
0.85,0.5,0.5682,0.85,Distributed-Individual
0.51,1.0,0.5682,0.72,Distributed-Collective
0.89,0.5,0.5682,0.51,Distributed-Individual
0.85,1.0,0.5682,0.85,Distributed-Individual
0.51,0.5,0.5682,0.72,Distributed-Collective
0.89,0.0,0.5682,0.51,Distributed-Individual
0.85,0.5,0.5682,0.85,Distributed-Individual
0.4,1.0,0.1364,0.65,Hierarchical-Collective
0.71,1.0,0.1364,0.66,Hierarchical-Collective
0.72,1.0,0.7273,0.92,Distributed-Individual
0.81,1.0,0.7273,0.58,Distributed-Collective
0.72,1.0,0.6364,0.88,Distributed-Individual
0.72,1.0,0.6364,0.88,Distributed-Individual
0.72,1.0,0.6364,0.88,Distributed-Individual
0.72,0.5,0.6364,0.88,Distributed-Individual
0.72,1.0,0.6364,0.88,Distributed-Individual
0.72,1.0,0.6364,0.88,Distributed-Individual
0.46,0.5,0.3182,0.63,Hierarchical-Individual
0.4,1.0,0.3182,0.6,Hierarchical-Individual
0.65,1.0,0.3182,0.74,Distributed-Collective
0.66,1.0,0.3182,0.53,Hierarchical-Collective
0.95,0.5,0.3182,0.75,Distributed-Individual
0.46,0.5,0.3182,0.63,Hierarchical-Individual
0.4,1.0,0.3182,0.6,Hierarchical-Individual
0.65,1.0,0.3182,0.74,Distributed-Collective
0.66,1.0,0.3182,0.53,Hierarchical-Collective
0.95,0.5,0.3182,0.75,Distributed-Individual
0.46,0.0,0.3182,0.63,Hierarchical-Individual
0.4,0.5,0.3182,0.6,Hierarchical-Individual
0.65,0.5,0.3182,0.74,Distributed-Collective
0.66,0.5,0.3182,0.53,Hierarchical-Collective
0.95,0.0,0.3182,0.75,Distributed-Individual
0.46,0.5,0.3182,0.63,Hierarchical-Individual
0.4,1.0,0.3182,0.6,Hierarchical-Individual
0.65,1.0,0.3182,0.74,Distributed-Collective
0.66,1.0,0.3182,0.53,Hierarchical-Collective
0.95,0.5,0.3182,0.75,Distributed-Individual
0.46,0.5,0.3182,0.63,Hierarchical-Individual
0.4,1.0,0.3182,0.6,Hierarchical-Individual
0.65,1.0,0.3182,0.74,Distributed-Collective
0.66,1.0,0.3182,0.53,Hierarchical-Collective
0.95,0.5,0.3182,0.75,Distributed-Individual
0.73,0.5,0.25,0.91,Distributed-Collective
0.88,1.0,0.25,0.67,Distributed-Collective
0.73,0.0,0.25,0.91,Distributed-Collective
0.88,0.5,0.25,0.67,Distributed-Collective
0.73,0.0,0.25,0.91,Distributed-Collective
0.88,0.5,0.25,0.67,Distributed-Collective
0.92,0.5,0.5682,0.84,Hierarchical-Collective
0.7,0.5,0.5682,0.57,Distributed-Collective
0.91,1.0,0.5682,0.92,Distributed-Collective
0.98,0.5,0.5682,0.88,Distributed-Collective
0.92,0.5,0.5682,0.84,Hierarchical-Collective
0.7,0.5,0.5682,0.57,Distributed-Collective
0.91,1.0,0.5682,0.92,Distributed-Collective
0.98,0.5,0.5682,0.88,Distributed-Collective
0.92,0.5,0.5682,0.84,Hierarchical-Collective
0.7,0.5,0.5682,0.57,Distributed-Collective
0.91,1.0,0.5682,0.92,Distributed-Collective
0.98,0.5,0.5682,0.88,Distributed-Collective
0.72,1.0,0.8864,0.88,Hierarchical-Collective
0.79,0.5,0.8864,0.92,Hierarchical-Collective
0.82,0.5,0.6136,0.91,Hierarchical-Collective
0.77,0.5,0.6136,0.91,Distributed-Collective
0.79,0.0,0.6136,0.75,Distributed-Collective
0.82,0.5,0.6136,0.91,Hierarchical-Collective
0.77,0.5,0.6136,0.91,Distributed-Collective
0.79,0.0,0.6136,0.75,Distributed-Collective
0.82,0.5,0.6136,0.91,Hierarchical-Collective
0.77,0.5,0.6136,0.91,Distributed-Collective
0.79,0.0,0.6136,0.75,Distributed-Collective
0.82,0.5,0.6136,0.91,Hierarchical-Collective
0.77,0.5,0.6136,0.91,Distributed-Collective
0.79,0.0,0.6136,0.75,Distributed-Collective
0.46,1.0,0.25,0.72,Distributed-Collective
0.54,0.5,0.25,0.87,Distributed-Collective
0.46,0.5,0.25,0.72,Distributed-Collective
0.54,0.0,0.25,0.87,Distributed-Collective
0.66,0.5,0.5909,0.9,Distributed-Individual
0.74,0.5,0.5909,0.75,Hierarchical-Collective
0.77,0.0,0.5909,0.96,Hierarchical-Collective
0.66,1.0,0.5909,0.9,Distributed-Individual
0.74,1.0,0.5909,0.75,Hierarchical-Collective
0.77,0.5,0.5909,0.96,Hierarchical-Collective
0.85,1.0,0.3864,0.52,Hierarchical-Individual
0.62,1.0,0.3864,0.74,Distributed-Collective
0.97,0.5,0.3864,0.65,Distributed-Individual
0.85,0.5,0.3864,0.52,Hierarchical-Individual
0.62,0.5,0.3864,0.74,Distributed-Collective
0.97,0.0,0.3864,0.65,Distributed-Individual
0.85,1.0,0.3864,0.52,Hierarchical-Individual
0.62,1.0,0.3864,0.74,Distributed-Collective
0.97,0.5,0.3864,0.65,Distributed-Individual
0.92,1.0,0.6364,0.56,Hierarchical-Collective
0.4,1.0,0.6364,0.8,Distributed-Collective
0.92,1.0,0.6364,0.56,Hierarchical-Collective
0.4,1.0,0.6364,0.8,Distributed-Collective
0.92,1.0,0.6364,0.56,Hierarchical-Collective
0.4,1.0,0.6364,0.8,Distributed-Collective
0.92,1.0,0.6364,0.56,Hierarchical-Collective
0.4,1.0,0.6364,0.8,Distributed-Collective
0.92,1.0,0.6364,0.56,Hierarchical-Collective
0.4,1.0,0.6364,0.8,Distributed-Collective
0.55,1.0,0.4545,0.87,Distributed-Collective
0.55,1.0,0.4545,0.87,Distributed-Collective
0.55,1.0,0.4545,0.87,Distributed-Collective
0.55,1.0,0.4545,0.87,Distributed-Collective
0.55,0.5,0.4545,0.87,Distributed-Collective
0.51,0.0,0.3636,0.59,Hierarchical-Individual
0.74,0.0,0.3636,0.64,Hierarchical-Individual
0.51,0.5,0.3636,0.59,Hierarchical-Individual
0.74,0.5,0.3636,0.64,Hierarchical-Individual
0.51,0.5,0.3636,0.59,Hierarchical-Individual
0.74,0.5,0.3636,0.64,Hierarchical-Individual
0.51,0.5,0.3636,0.59,Hierarchical-Individual
0.74,0.5,0.3636,0.64,Hierarchical-Individual
0.51,0.0,0.3636,0.59,Hierarchical-Individual
0.74,0.0,0.3636,0.64,Hierarchical-Individual
0.84,1.0,0.5909,0.69,Distributed-Collective
0.75,0.5,0.3182,0.88,Distributed-Individual
0.86,1.0,0.3182,0.55,Hierarchical-Collective
0.75,0.0,0.3182,0.88,Distributed-Individual
0.86,0.5,0.3182,0.55,Hierarchical-Collective
0.7,1.0,0.5227,0.89,Distributed-Collective
0.7,0.5,0.5227,0.89,Distributed-Collective
0.7,1.0,0.5227,0.89,Distributed-Collective
0.7,0.5,0.5227,0.89,Distributed-Collective
0.69,1.0,0.7273,0.6,Distributed-Collective
0.75,0.5,0.7273,0.7,Distributed-Individual
0.69,1.0,0.7273,0.6,Distributed-Collective
0.75,0.5,0.7273,0.7,Distributed-Individual
0.85,0.5,0.3182,0.72,Hierarchical-Individual
0.58,0.5,0.3182,0.73,Distributed-Individual
0.69,0.5,0.5227,0.56,Hierarchical-Individual
0.9,0.5,0.5227,0.66,Distributed-Collective
0.55,1.0,0.5227,0.53,Distributed-Collective
0.69,0.0,0.5227,0.56,Hierarchical-Individual
0.9,0.0,0.5227,0.66,Distributed-Collective
0.55,0.5,0.5227,0.53,Distributed-Collective
0.69,0.0,0.5227,0.56,Hierarchical-Individual
0.9,0.0,0.5227,0.66,Distributed-Collective
0.55,0.5,0.5227,0.53,Distributed-Collective
0.69,0.5,0.5227,0.56,Hierarchical-Individual
0.9,0.5,0.5227,0.66,Distributed-Collective
0.55,1.0,0.5227,0.53,Distributed-Collective
0.96,0.0,0.4318,0.64,Distributed-Individual
0.96,0.5,0.4318,0.64,Distributed-Individual
0.96,0.0,0.4318,0.64,Distributed-Individual
0.96,0.0,0.4318,0.64,Distributed-Individual
0.96,0.5,0.4318,0.64,Distributed-Individual
0.96,0.5,0.4318,0.64,Distributed-Individual
0.96,0.0,0.4318,0.64,Distributed-Individual
0.96,0.5,0.4318,0.64,Distributed-Individual
0.96,0.5,0.4318,0.64,Distributed-Individual
0.97,0.5,0.5909,0.75,Distributed-Individual
0.65,0.5,0.5909,0.77,Distributed-Individual
0.97,1.0,0.5909,0.75,Distributed-Individual
0.65,1.0,0.5909,0.77,Distributed-Individual
0.97,0.5,0.5909,0.75,Distributed-Individual
0.65,0.5,0.5909,0.77,Distributed-Individual
0.97,0.5,0.5909,0.75,Distributed-Individual
0.65,0.5,0.5909,0.77,Distributed-Individual
0.99,1.0,0.8182,0.87,Hierarchical-Individual
0.61,1.0,0.8182,0.56,Distributed-Collective
0.95,1.0,0.8182,0.63,Distributed-Collective
0.92,1.0,0.8182,0.7,Hierarchical-Collective
0.4,0.5,0.5,0.86,Distributed-Individual
0.59,0.5,0.5,0.84,Distributed-Individual
0.4,0.5,0.5,0.86,Distributed-Individual
0.59,0.5,0.5,0.84,Distributed-Individual
0.4,1.0,0.5,0.86,Distributed-Individual
0.59,1.0,0.5,0.84,Distributed-Individual
0.94,1.0,0.5,0.6,Distributed-Individual
0.94,1.0,0.5,0.6,Distributed-Individual
0.94,0.5,0.5,0.6,Distributed-Individual
0.94,1.0,0.5,0.6,Distributed-Individual
0.94,1.0,0.5,0.6,Distributed-Individual
0.94,0.5,0.5,0.6,Distributed-Individual
0.79,0.5,0.4091,0.65,Distributed-Collective
0.71,0.5,0.4091,0.85,Hierarchical-Collective
0.79,1.0,0.4091,0.65,Distributed-Collective
0.71,1.0,0.4091,0.85,Hierarchical-Collective
0.79,0.5,0.4091,0.65,Distributed-Collective
0.71,0.5,0.4091,0.85,Hierarchical-Collective
0.79,1.0,0.4091,0.65,Distributed-Collective
0.71,1.0,0.4091,0.85,Hierarchical-Collective
0.79,0.5,0.4091,0.65,Distributed-Collective
0.71,0.5,0.4091,0.85,Hierarchical-Collective
0.79,1.0,0.4091,0.65,Distributed-Collective
0.71,1.0,0.4091,0.85,Hierarchical-Collective
0.79,1.0,0.4091,0.65,Distributed-Collective
0.71,1.0,0.4091,0.85,Hierarchical-Collective
0.72,0.5,0.4773,0.81,Hierarchical-Collective
0.72,1.0,0.4773,0.81,Hierarchical-Collective
0.56,0.5,0.6364,0.55,Hierarchical-Collective
0.56,0.5,0.6364,0.76,Hierarchical-Collective
0.57,0.5,0.6364,0.7,Distributed-Individual
0.46,0.5,0.6364,0.56,Distributed-Collective
0.71,0.5,0.1591,0.93,Distributed-Collective
0.4,0.0,0.1591,0.73,Hierarchical-Collective
0.71,0.5,0.1591,0.93,Distributed-Collective
0.4,0.0,0.1591,0.73,Hierarchical-Collective
0.65,1.0,0.3636,0.65,Hierarchical-Collective
0.43,0.5,0.3636,0.52,Hierarchical-Collective
0.66,1.0,0.3636,0.68,Distributed-Individual
0.65,0.5,0.3636,0.65,Hierarchical-Collective
0.43,0.0,0.3636,0.52,Hierarchical-Collective
0.66,0.5,0.3636,0.68,Distributed-Individual
0.65,0.5,0.3636,0.65,Hierarchical-Collective
0.43,0.0,0.3636,0.52,Hierarchical-Collective
0.66,0.5,0.3636,0.68,Distributed-Individual
0.65,1.0,0.3636,0.65,Hierarchical-Collective
0.43,0.5,0.3636,0.52,Hierarchical-Collective
0.66,1.0,0.3636,0.68,Distributed-Individual
0.65,1.0,0.3636,0.65,Hierarchical-Collective
0.43,0.5,0.3636,0.52,Hierarchical-Collective
0.66,1.0,0.3636,0.68,Distributed-Individual
0.65,0.5,0.3636,0.65,Hierarchical-Collective
0.43,0.0,0.3636,0.52,Hierarchical-Collective
0.66,0.5,0.3636,0.68,Distributed-Individual
0.78,1.0,0.6364,0.94,Distributed-Collective
0.45,1.0,0.6364,0.93,Distributed-Individual
0.78,1.0,0.6364,0.94,Distributed-Collective
0.45,1.0,0.6364,0.93,Distributed-Individual
0.78,1.0,0.6364,0.94,Distributed-Collective
0.45,1.0,0.6364,0.93,Distributed-Individual
0.78,1.0,0.6364,0.94,Distributed-Collective
0.45,1.0,0.6364,0.93,Distributed-Individual
0.78,1.0,0.6364,0.94,Distributed-Collective
0.45,1.0,0.6364,0.93,Distributed-Individual
0.78,0.5,0.6364,0.94,Distributed-Collective
0.45,0.5,0.6364,0.93,Distributed-Individual
0.7,0.5,0.3182,0.82,Distributed-Collective
0.7,0.5,0.3182,0.82,Distributed-Collective
0.7,0.5,0.3182,0.82,Distributed-Collective
0.7,0.5,0.3182,0.82,Distributed-Collective
0.7,0.0,0.3182,0.82,Distributed-Collective
0.41,1.0,0.5682,0.7,Distributed-Individual
0.76,1.0,0.5682,0.86,Hierarchical-Collective
0.47,1.0,0.5682,0.5,Hierarchical-Collective
0.96,1.0,0.5682,0.76,Distributed-Collective
0.88,1.0,0.5682,0.77,Hierarchical-Individual
0.41,1.0,0.5682,0.7,Distributed-Individual
0.76,1.0,0.5682,0.86,Hierarchical-Collective
0.47,1.0,0.5682,0.5,Hierarchical-Collective
0.96,1.0,0.5682,0.76,Distributed-Collective
0.88,1.0,0.5682,0.77,Hierarchical-Individual
0.41,0.5,0.5682,0.7,Distributed-Individual
0.76,0.5,0.5682,0.86,Hierarchical-Collective
0.47,0.5,0.5682,0.5,Hierarchical-Collective
0.96,0.5,0.5682,0.76,Distributed-Collective
0.88,0.5,0.5682,0.77,Hierarchical-Individual
0.41,1.0,0.5682,0.7,Distributed-Individual
0.76,1.0,0.5682,0.86,Hierarchical-Collective
0.47,1.0,0.5682,0.5,Hierarchical-Collective
0.96,1.0,0.5682,0.76,Distributed-Collective
0.88,1.0,0.5682,0.77,Hierarchical-Individual
0.47,1.0,0.4318,0.9,Distributed-Individual
0.47,1.0,0.4318,0.9,Distributed-Individual
0.47,0.5,0.4318,0.9,Distributed-Individual
0.47,1.0,0.4318,0.9,Distributed-Individual
0.55,1.0,0.4091,0.7,Hierarchical-Individual
0.7,0.5,0.4091,0.65,Distributed-Collective
0.97,0.5,0.4091,0.63,Hierarchical-Individual
0.65,0.5,0.4091,0.86,Distributed-Individual
0.55,1.0,0.4091,0.7,Hierarchical-Individual
0.7,0.5,0.4091,0.65,Distributed-Collective
0.97,0.5,0.4091,0.63,Hierarchical-Individual
0.65,0.5,0.4091,0.86,Distributed-Individual
0.55,1.0,0.4091,0.7,Hierarchical-Individual
0.7,0.5,0.4091,0.65,Distributed-Collective
0.97,0.5,0.4091,0.63,Hierarchical-Individual
0.65,0.5,0.4091,0.86,Distributed-Individual
0.65,0.5,0.4091,0.65,Hierarchical-Collective
0.96,1.0,0.4091,0.83,Hierarchical-Individual
0.65,0.5,0.4091,0.65,Hierarchical-Collective
0.96,1.0,0.4091,0.83,Hierarchical-Individual
0.9,0.5,0.6136,1.0,Distributed-Collective
0.79,0.5,0.6136,0.91,Distributed-Individual
0.42,1.0,0.6136,0.87,Hierarchical-Individual
0.9,0.0,0.6136,1.0,Distributed-Collective
0.79,0.0,0.6136,0.91,Distributed-Individual
0.42,0.5,0.6136,0.87,Hierarchical-Individual
0.45,0.5,0.2955,0.64,Distributed-Individual
0.45,1.0,0.2955,0.64,Distributed-Individual
0.45,0.5,0.2955,0.64,Distributed-Individual
0.92,0.5,0.6136,0.52,Distributed-Collective
0.92,1.0,0.6136,0.52,Distributed-Collective
0.92,1.0,0.6136,0.52,Distributed-Collective
0.76,0.5,0.5455,0.7,Hierarchical-Collective
0.79,1.0,0.5455,0.53,Hierarchical-Collective
0.76,0.5,0.5455,0.7,Hierarchical-Collective
0.79,1.0,0.5455,0.53,Hierarchical-Collective
0.76,0.5,0.5455,0.7,Hierarchical-Collective
0.79,1.0,0.5455,0.53,Hierarchical-Collective
0.76,0.0,0.5455,0.7,Hierarchical-Collective
0.79,0.5,0.5455,0.53,Hierarchical-Collective
0.76,0.0,0.5455,0.7,Hierarchical-Collective
0.79,0.5,0.5455,0.53,Hierarchical-Collective
0.65,1.0,0.3636,0.97,Hierarchical-Collective
0.56,1.0,0.3636,0.57,Distributed-Collective
0.9,1.0,0.3636,0.6,Hierarchical-Individual
0.65,1.0,0.3636,0.97,Hierarchical-Collective
0.56,1.0,0.3636,0.57,Distributed-Collective
0.9,1.0,0.3636,0.6,Hierarchical-Individual
0.65,1.0,0.3636,0.97,Hierarchical-Collective
0.56,1.0,0.3636,0.57,Distributed-Collective
0.9,1.0,0.3636,0.6,Hierarchical-Individual
0.65,1.0,0.3636,0.97,Hierarchical-Collective
0.56,1.0,0.3636,0.57,Distributed-Collective
0.9,1.0,0.3636,0.6,Hierarchical-Individual
0.65,0.5,0.3636,0.97,Hierarchical-Collective
0.56,0.5,0.3636,0.57,Distributed-Collective
0.9,0.5,0.3636,0.6,Hierarchical-Individual
0.77,0.5,0.5,0.61,Hierarchical-Collective
0.41,0.0,0.5,0.8,Hierarchical-Collective
0.77,1.0,0.5,0.61,Hierarchical-Collective
0.41,0.5,0.5,0.8,Hierarchical-Collective
0.77,0.5,0.5,0.61,Hierarchical-Collective
0.41,0.0,0.5,0.8,Hierarchical-Collective
0.77,1.0,0.5,0.61,Hierarchical-Collective
0.41,0.5,0.5,0.8,Hierarchical-Collective
0.41,0.0,0.6136,0.99,Distributed-Collective
0.73,0.0,0.6136,0.84,Hierarchical-Collective
1.0,0.0,0.6136,0.72,Distributed-Individual
0.7,0.5,0.6136,1.0,Hierarchical-Individual
0.79,0.5,0.6136,0.56,Hierarchical-Collective
0.76,0.0,0.6136,0.81,Hierarchical-Individual
0.41,0.5,0.6136,0.99,Distributed-Collective
0.73,0.5,0.6136,0.84,Hierarchical-Collective
1.0,0.5,0.6136,0.72,Distributed-Individual
0.7,1.0,0.6136,1.0,Hierarchical-Individual
0.79,1.0,0.6136,0.56,Hierarchical-Collective
0.76,0.5,0.6136,0.81,Hierarchical-Individual
0.41,0.5,0.6136,0.99,Distributed-Collective
0.73,0.5,0.6136,0.84,Hierarchical-Collective
1.0,0.5,0.6136,0.72,Distributed-Individual
0.7,1.0,0.6136,1.0,Hierarchical-Individual
0.79,1.0,0.6136,0.56,Hierarchical-Collective
0.76,0.5,0.6136,0.81,Hierarchical-Individual
0.41,0.0,0.6136,0.99,Distributed-Collective
0.73,0.0,0.6136,0.84,Hierarchical-Collective
1.0,0.0,0.6136,0.72,Distributed-Individual
0.7,0.5,0.6136,1.0,Hierarchical-Individual
0.79,0.5,0.6136,0.56,Hierarchical-Collective
0.76,0.0,0.6136,0.81,Hierarchical-Individual
0.41,0.0,0.6136,0.99,Distributed-Collective
0.73,0.0,0.6136,0.84,Hierarchical-Collective
1.0,0.0,0.6136,0.72,Distributed-Individual
0.7,0.5,0.6136,1.0,Hierarchical-Individual
0.79,0.5,0.6136,0.56,Hierarchical-Collective
0.76,0.0,0.6136,0.81,Hierarchical-Individual
0.97,0.0,0.7045,0.89,Hierarchical-Individual
0.97,0.0,0.7045,0.91,Distributed-Individual
0.67,0.5,0.7045,0.54,Distributed-Individual
0.97,0.5,0.7045,0.89,Hierarchical-Individual
0.97,0.5,0.7045,0.91,Distributed-Individual
0.67,1.0,0.7045,0.54,Distributed-Individual
0.73,0.0,0.6136,0.76,Distributed-Individual
0.84,0.5,0.6136,0.82,Distributed-Individual
0.62,0.5,0.1591,0.76,Distributed-Individual
0.77,0.5,0.1591,0.61,Hierarchical-Individual
1.0,0.5,0.1591,0.71,Distributed-Collective
0.77,0.5,0.5682,0.83,Distributed-Collective
0.96,1.0,0.5682,0.76,Distributed-Collective
0.74,0.5,0.5682,0.94,Distributed-Collective
0.77,0.5,0.5682,0.83,Distributed-Collective
0.96,1.0,0.5682,0.76,Distributed-Collective
0.74,0.5,0.5682,0.94,Distributed-Collective
0.77,0.5,0.5682,0.83,Distributed-Collective
0.96,1.0,0.5682,0.76,Distributed-Collective
0.74,0.5,0.5682,0.94,Distributed-Collective
0.46,1.0,0.4091,0.88,Distributed-Collective
0.46,0.5,0.4091,0.88,Distributed-Collective
0.46,1.0,0.4091,0.88,Distributed-Collective
0.46,1.0,0.4091,0.88,Distributed-Collective
0.46,1.0,0.4091,0.88,Distributed-Collective
0.55,0.5,0.6136,0.92,Hierarchical-Individual
0.4,0.0,0.6136,0.8,Hierarchical-Collective
0.69,0.5,0.6136,0.92,Hierarchical-Individual
0.55,1.0,0.6136,0.92,Hierarchical-Individual
0.4,0.5,0.6136,0.8,Hierarchical-Collective
0.69,1.0,0.6136,0.92,Hierarchical-Individual
0.55,1.0,0.6136,0.92,Hierarchical-Individual
0.4,0.5,0.6136,0.8,Hierarchical-Collective
0.69,1.0,0.6136,0.92,Hierarchical-Individual
0.66,0.5,0.7045,0.92,Distributed-Collective
0.85,0.0,0.4318,0.59,Distributed-Collective
1.0,0.5,0.4318,0.54,Distributed-Collective
0.85,0.5,0.4318,0.59,Distributed-Collective
1.0,1.0,0.4318,0.54,Distributed-Collective
0.85,0.5,0.4318,0.59,Distributed-Collective
1.0,1.0,0.4318,0.54,Distributed-Collective
0.85,0.0,0.4318,0.59,Distributed-Collective
1.0,0.5,0.4318,0.54,Distributed-Collective
0.85,0.0,0.4318,0.59,Distributed-Collective
1.0,0.5,0.4318,0.54,Distributed-Collective
0.85,0.0,0.4318,0.59,Distributed-Collective
1.0,0.5,0.4318,0.54,Distributed-Collective
0.85,0.0,0.4318,0.59,Distributed-Collective
1.0,0.5,0.4318,0.54,Distributed-Collective
0.85,0.5,0.4318,0.59,Distributed-Collective
1.0,1.0,0.4318,0.54,Distributed-Collective
0.55,1.0,0.4091,0.53,Distributed-Collective
0.88,1.0,0.4091,0.81,Distributed-Collective
0.55,0.5,0.4091,0.53,Distributed-Collective
0.88,0.5,0.4091,0.81,Distributed-Collective
0.55,0.5,0.4091,0.53,Distributed-Collective
0.88,0.5,0.4091,0.81,Distributed-Collective
0.55,0.5,0.4091,0.53,Distributed-Collective
0.88,0.5,0.4091,0.81,Distributed-Collective
0.54,0.0,0.4091,0.54,Hierarchical-Individual
0.54,0.0,0.4091,0.54,Hierarchical-Individual
0.54,0.5,0.4091,0.54,Hierarchical-Individual
0.54,0.0,0.4091,0.54,Hierarchical-Individual
0.54,0.0,0.4091,0.54,Hierarchical-Individual
0.45,0.0,0.2273,0.73,Distributed-Collective
0.66,0.5,0.2273,0.82,Distributed-Collective
0.75,0.5,0.5909,0.79,Hierarchical-Individual
0.49,1.0,0.5909,0.63,Distributed-Collective
0.94,0.5,0.5909,0.75,Hierarchical-Collective
0.75,0.5,0.5909,0.79,Hierarchical-Individual
0.49,1.0,0.5909,0.63,Distributed-Collective
0.94,0.5,0.5909,0.75,Hierarchical-Collective
0.75,0.5,0.5909,0.79,Hierarchical-Individual
0.49,1.0,0.5909,0.63,Distributed-Collective
0.94,0.5,0.5909,0.75,Hierarchical-Collective
0.56,0.5,0.6818,0.66,Hierarchical-Individual
0.56,1.0,0.6818,0.66,Hierarchical-Individual
0.56,1.0,0.6818,0.66,Hierarchical-Individual
0.56,0.5,0.6818,0.66,Hierarchical-Individual
0.56,1.0,0.6818,0.66,Hierarchical-Individual
0.56,1.0,0.6818,0.66,Hierarchical-Individual
0.44,0.0,0.4318,0.84,Distributed-Collective
0.44,0.5,0.4318,0.84,Distributed-Collective
0.44,0.5,0.4318,0.84,Distributed-Collective
0.44,0.5,0.4318,0.84,Distributed-Collective
0.44,0.5,0.4318,0.84,Distributed-Collective
0.63,1.0,0.4318,0.78,Hierarchical-Collective
1.0,0.5,0.4318,0.79,Hierarchical-Collective
0.63,0.5,0.4318,0.78,Hierarchical-Collective
1.0,0.0,0.4318,0.79,Hierarchical-Collective
0.63,1.0,0.4318,0.78,Hierarchical-Collective
1.0,0.5,0.4318,0.79,Hierarchical-Collective
0.63,1.0,0.4318,0.78,Hierarchical-Collective
1.0,0.5,0.4318,0.79,Hierarchical-Collective
0.63,1.0,0.4318,0.78,Hierarchical-Collective
1.0,0.5,0.4318,0.79,Hierarchical-Collective
0.63,1.0,0.4318,0.78,Hierarchical-Collective
1.0,0.5,0.4318,0.79,Hierarchical-Collective
0.84,0.5,0.6136,0.82,Hierarchical-Individual
0.43,1.0,0.6136,0.88,Hierarchical-Individual
0.55,1.0,0.6136,0.65,Distributed-Collective
0.84,0.0,0.6136,0.82,Hierarchical-Individual
0.43,0.5,0.6136,0.88,Hierarchical-Individual
0.55,0.5,0.6136,0.65,Distributed-Collective
0.84,0.5,0.6136,0.82,Hierarchical-Individual
0.43,1.0,0.6136,0.88,Hierarchical-Individual
0.55,1.0,0.6136,0.65,Distributed-Collective
0.84,0.0,0.6136,0.82,Hierarchical-Individual
0.43,0.5,0.6136,0.88,Hierarchical-Individual
0.55,0.5,0.6136,0.65,Distributed-Collective
0.84,0.0,0.6136,0.82,Hierarchical-Individual
0.43,0.5,0.6136,0.88,Hierarchical-Individual
0.55,0.5,0.6136,0.65,Distributed-Collective
0.84,0.5,0.6136,0.82,Hierarchical-Individual
0.43,1.0,0.6136,0.88,Hierarchical-Individual
0.55,1.0,0.6136,0.65,Distributed-Collective
0.48,0.5,0.3182,0.53,Distributed-Collective
0.91,0.5,0.3182,0.92,Hierarchical-Individual
0.48,0.5,0.3182,0.53,Distributed-Collective
0.91,0.5,0.3182,0.92,Hierarchical-Individual
0.48,0.5,0.3182,0.53,Distributed-Collective
0.91,0.5,0.3182,0.92,Hierarchical-Individual
0.7,0.5,0.4773,0.52,Hierarchical-Individual
0.8,0.0,0.4773,0.76,Distributed-Individual
0.7,1.0,0.4773,0.52,Hierarchical-Individual
0.8,0.5,0.4773,0.76,Distributed-Individual
0.7,1.0,0.4773,0.52,Hierarchical-Individual
0.8,0.5,0.4773,0.76,Distributed-Individual
0.79,0.5,0.5227,0.64,Hierarchical-Collective
0.79,1.0,0.5227,0.64,Hierarchical-Collective
0.78,0.0,0.5909,0.67,Hierarchical-Collective
0.46,0.0,0.5909,0.5,Distributed-Individual
0.78,0.5,0.5909,0.67,Hierarchical-Collective
0.46,0.5,0.5909,0.5,Distributed-Individual
0.78,0.0,0.5909,0.67,Hierarchical-Collective
0.46,0.0,0.5909,0.5,Distributed-Individual
0.74,1.0,0.5455,0.71,Hierarchical-Individual
0.69,1.0,0.5455,0.92,Distributed-Collective
0.74,1.0,0.5455,0.71,Hierarchical-Collective
0.74,0.5,0.5455,0.71,Hierarchical-Individual
0.69,0.5,0.5455,0.92,Distributed-Collective
0.74,0.5,0.5455,0.71,Hierarchical-Collective
0.68,1.0,0.2045,0.99,Distributed-Collective
0.52,0.5,0.2045,0.81,Distributed-Collective
0.47,0.5,0.2045,0.52,Distributed-Collective
0.89,0.5,0.5227,0.57,Distributed-Individual
0.69,0.0,0.5227,0.71,Distributed-Individual
0.89,1.0,0.5227,0.57,Distributed-Individual
0.69,0.5,0.5227,0.71,Distributed-Individual
0.89,1.0,0.5227,0.57,Distributed-Individual
0.69,0.5,0.5227,0.71,Distributed-Individual
0.89,1.0,0.5227,0.57,Distributed-Individual
0.69,0.5,0.5227,0.71,Distributed-Individual
0.89,1.0,0.5227,0.57,Distributed-Individual
0.69,0.5,0.5227,0.71,Distributed-Individual
0.89,0.5,0.5227,0.57,Distributed-Individual
0.69,0.0,0.5227,0.71,Distributed-Individual
0.8,0.0,0.6818,0.87,Hierarchical-Individual
0.61,0.5,0.6818,0.93,Distributed-Individual
0.8,0.5,0.6818,0.87,Hierarchical-Individual
0.61,1.0,0.6818,0.93,Distributed-Individual
0.8,0.0,0.6818,0.87,Hierarchical-Individual
0.61,0.5,0.6818,0.93,Distributed-Individual
0.97,1.0,0.6364,0.99,Hierarchical-Individual
0.68,0.5,0.6364,0.85,Hierarchical-Collective
0.97,1.0,0.6364,0.99,Hierarchical-Individual
0.68,0.5,0.6364,0.85,Hierarchical-Collective
0.97,0.5,0.6364,0.99,Hierarchical-Individual
0.68,0.0,0.6364,0.85,Hierarchical-Collective
0.97,1.0,0.6364,0.99,Hierarchical-Individual
0.68,0.5,0.6364,0.85,Hierarchical-Collective
0.97,1.0,0.6364,0.99,Hierarchical-Individual
0.68,0.5,0.6364,0.85,Hierarchical-Collective
0.97,0.5,0.6364,0.99,Hierarchical-Individual
0.68,0.0,0.6364,0.85,Hierarchical-Collective
0.74,1.0,0.6818,0.69,Distributed-Individual
0.45,0.5,0.6818,0.6,Distributed-Individual
0.88,1.0,0.6818,0.61,Hierarchical-Collective
0.62,1.0,0.75,0.59,Hierarchical-Individual
0.45,0.5,0.75,0.85,Distributed-Collective
0.93,0.5,0.3636,0.6,Distributed-Individual
0.74,0.5,0.3636,0.53,Distributed-Individual
0.61,0.5,0.3636,0.97,Hierarchical-Individual
0.93,0.5,0.3636,0.6,Distributed-Individual
0.74,0.5,0.3636,0.53,Distributed-Individual
0.61,0.5,0.3636,0.97,Hierarchical-Individual
0.8,0.5,0.2727,0.54,Distributed-Collective
0.54,0.0,0.2727,0.67,Distributed-Collective
0.8,1.0,0.2727,0.54,Distributed-Collective
0.54,0.5,0.2727,0.67,Distributed-Collective
0.8,1.0,0.2727,0.54,Distributed-Collective
0.54,0.5,0.2727,0.67,Distributed-Collective
0.8,1.0,0.2727,0.54,Distributed-Collective
0.54,0.5,0.2727,0.67,Distributed-Collective
0.93,1.0,0.3636,0.91,Distributed-Individual
0.5,1.0,0.3636,0.56,Distributed-Collective
0.93,0.5,0.3636,0.91,Distributed-Individual
0.5,0.5,0.3636,0.56,Distributed-Collective
0.93,0.5,0.3636,0.91,Distributed-Individual
0.5,0.5,0.3636,0.56,Distributed-Collective
0.93,0.5,0.3636,0.91,Distributed-Individual
0.5,0.5,0.3636,0.56,Distributed-Collective
0.93,1.0,0.3636,0.91,Distributed-Individual
0.5,1.0,0.3636,0.56,Distributed-Collective
0.88,1.0,0.2727,0.67,Hierarchical-Individual
0.88,0.5,0.2727,0.67,Hierarchical-Individual
0.95,0.0,0.2045,0.88,Distributed-Individual
0.41,0.0,0.2045,0.86,Hierarchical-Collective
0.92,0.0,0.2045,0.87,Distributed-Individual
0.65,0.5,0.2045,0.79,Hierarchical-Individual
0.83,0.0,0.2045,0.56,Distributed-Individual
0.95,0.0,0.2045,0.88,Distributed-Individual
0.41,0.0,0.2045,0.86,Hierarchical-Collective
0.92,0.0,0.2045,0.87,Distributed-Individual
0.65,0.5,0.2045,0.79,Hierarchical-Individual
0.83,0.0,0.2045,0.56,Distributed-Individual
0.95,0.5,0.2045,0.88,Distributed-Individual
0.41,0.5,0.2045,0.86,Hierarchical-Collective
0.92,0.5,0.2045,0.87,Distributed-Individual
0.65,1.0,0.2045,0.79,Hierarchical-Individual
0.83,0.5,0.2045,0.56,Distributed-Individual
0.42,0.0,0.4773,0.96,Hierarchical-Collective
0.62,0.5,0.4773,0.93,Distributed-Individual
0.64,0.5,0.4773,0.59,Distributed-Collective
0.78,0.0,0.4773,0.97,Hierarchical-Collective
0.42,0.5,0.4773,0.96,Hierarchical-Collective
0.62,1.0,0.4773,0.93,Distributed-Individual
0.64,1.0,0.4773,0.59,Distributed-Collective
0.78,0.5,0.4773,0.97,Hierarchical-Collective
0.42,0.0,0.4773,0.96,Hierarchical-Collective
0.62,0.5,0.4773,0.93,Distributed-Individual
0.64,0.5,0.4773,0.59,Distributed-Collective
0.78,0.0,0.4773,0.97,Hierarchical-Collective
0.42,0.5,0.4773,0.96,Hierarchical-Collective
0.62,1.0,0.4773,0.93,Distributed-Individual
0.64,1.0,0.4773,0.59,Distributed-Collective
0.78,0.5,0.4773,0.97,Hierarchical-Collective
0.43,0.5,0.4091,0.72,Hierarchical-Collective
0.58,1.0,0.4091,0.87,Hierarchical-Collective
0.43,0.5,0.4091,0.72,Hierarchical-Collective
0.58,1.0,0.4091,0.87,Hierarchical-Collective
0.43,0.5,0.4091,0.72,Hierarchical-Collective
0.58,1.0,0.4091,0.87,Hierarchical-Collective
0.43,0.5,0.4091,0.72,Hierarchical-Collective
0.58,1.0,0.4091,0.87,Hierarchical-Collective
0.43,0.5,0.4091,0.72,Hierarchical-Collective
0.58,1.0,0.4091,0.87,Hierarchical-Collective
0.43,0.0,0.4091,0.72,Hierarchical-Collective
0.58,0.5,0.4091,0.87,Hierarchical-Collective
0.43,0.5,0.4091,0.72,Hierarchical-Collective
0.58,1.0,0.4091,0.87,Hierarchical-Collective
0.43,0.5,0.4091,0.72,Hierarchical-Collective
0.58,1.0,0.4091,0.87,Hierarchical-Collective
0.43,0.5,0.4091,0.72,Hierarchical-Collective
0.58,1.0,0.4091,0.87,Hierarchical-Collective
0.43,0.5,0.4091,0.72,Hierarchical-Collective
0.58,1.0,0.4091,0.87,Hierarchical-Collective
0.79,0.5,0.7045,0.59,Hierarchical-Individual
0.7,0.0,0.7045,0.9,Hierarchical-Individual
0.99,0.0,0.7045,0.83,Hierarchical-Individual
0.41,0.5,0.7045,0.82,Distributed-Collective
0.65,1.0,0.3636,0.51,Distributed-Individual
0.5,0.5,0.3636,0.91,Distributed-Collective
0.65,0.5,0.3636,0.51,Distributed-Individual
0.5,0.0,0.3636,0.91,Distributed-Collective
0.65,1.0,0.3636,0.51,Distributed-Individual
0.5,0.5,0.3636,0.91,Distributed-Collective
0.65,1.0,0.3636,0.51,Distributed-Individual
0.5,0.5,0.3636,0.91,Distributed-Collective
0.65,1.0,0.3636,0.51,Distributed-Individual
0.5,0.5,0.3636,0.91,Distributed-Collective
0.65,0.5,0.3636,0.51,Distributed-Individual
0.5,0.0,0.3636,0.91,Distributed-Collective
0.74,0.0,0.25,0.5,Distributed-Individual
0.82,0.0,0.25,1.0,Distributed-Collective
0.98,0.0,0.25,0.88,Distributed-Individual
0.67,0.0,0.25,0.53,Hierarchical-Collective
0.44,0.0,0.25,0.81,Hierarchical-Collective
0.74,0.0,0.25,0.5,Distributed-Individual
0.82,0.0,0.25,1.0,Distributed-Collective
0.98,0.0,0.25,0.88,Distributed-Individual
0.67,0.0,0.25,0.53,Hierarchical-Collective
0.44,0.0,0.25,0.81,Hierarchical-Collective
0.64,0.5,0.2045,0.83,Hierarchical-Individual
0.64,0.5,0.2045,0.58,Distributed-Collective
0.42,0.5,0.2273,0.63,Distributed-Collective
0.75,0.5,0.2273,0.66,Distributed-Individual
0.42,0.5,0.2273,0.63,Distributed-Collective
0.75,0.5,0.2273,0.66,Distributed-Individual
0.5,0.5,0.6818,0.78,Hierarchical-Collective
0.5,0.5,0.6818,0.78,Hierarchical-Collective
0.91,0.5,0.1591,0.58,Hierarchical-Collective
0.6,1.0,0.4318,0.75,Hierarchical-Collective
0.6,1.0,0.4318,0.75,Hierarchical-Collective
0.6,1.0,0.4318,0.75,Hierarchical-Collective
0.6,0.5,0.4318,0.75,Hierarchical-Collective
0.6,1.0,0.4318,0.75,Hierarchical-Collective
0.6,0.5,0.4318,0.75,Hierarchical-Collective
0.6,1.0,0.4318,0.75,Hierarchical-Collective
0.6,0.5,0.4318,0.75,Hierarchical-Collective
0.87,0.5,0.5455,0.77,Hierarchical-Collective
0.47,0.0,0.5455,0.98,Distributed-Individual
0.4,0.5,0.5455,0.74,Distributed-Individual
0.4,0.5,0.5909,0.73,Distributed-Individual
0.95,0.5,0.5909,0.5,Hierarchical-Individual
0.4,1.0,0.5909,0.73,Distributed-Individual
0.95,1.0,0.5909,0.5,Hierarchical-Individual
0.4,1.0,0.5909,0.73,Distributed-Individual
0.95,1.0,0.5909,0.5,Hierarchical-Individual
0.61,0.0,0.4773,0.72,Distributed-Collective
0.72,0.5,0.4773,0.73,Distributed-Individual
0.68,0.0,0.4773,0.89,Hierarchical-Collective
0.48,0.0,0.4773,0.79,Distributed-Collective
0.61,0.5,0.4773,0.72,Distributed-Collective
0.72,1.0,0.4773,0.73,Distributed-Individual
0.68,0.5,0.4773,0.89,Hierarchical-Collective
0.48,0.5,0.4773,0.79,Distributed-Collective
0.61,0.0,0.4773,0.72,Distributed-Collective
0.72,0.5,0.4773,0.73,Distributed-Individual
0.68,0.0,0.4773,0.89,Hierarchical-Collective
0.48,0.0,0.4773,0.79,Distributed-Collective
0.54,1.0,0.4545,0.75,Distributed-Individual
0.54,1.0,0.4545,0.75,Distributed-Individual
0.54,0.5,0.4545,0.75,Distributed-Individual
0.54,0.5,0.4545,0.75,Distributed-Individual
0.89,1.0,0.2045,0.85,Distributed-Individual
0.64,1.0,0.2045,0.9,Distributed-Individual
0.56,0.5,0.2045,0.65,Distributed-Collective
0.89,1.0,0.2045,0.85,Distributed-Individual
0.64,1.0,0.2045,0.9,Distributed-Individual
0.56,0.5,0.2045,0.65,Distributed-Collective
0.52,0.5,0.6364,0.5,Distributed-Collective
0.94,0.5,0.6364,0.73,Hierarchical-Individual
0.76,0.0,0.3409,0.72,Hierarchical-Collective
0.61,0.5,0.3409,0.8,Hierarchical-Collective
0.76,0.0,0.3409,0.72,Hierarchical-Collective
0.61,0.5,0.3409,0.8,Hierarchical-Collective
0.76,0.0,0.3409,0.72,Hierarchical-Collective
0.61,0.5,0.3409,0.8,Hierarchical-Collective
0.76,0.5,0.3409,0.72,Hierarchical-Collective
0.61,1.0,0.3409,0.8,Hierarchical-Collective
0.61,1.0,0.2955,0.69,Distributed-Collective
0.61,0.5,0.2955,0.69,Distributed-Collective
0.61,0.5,0.2955,0.69,Distributed-Collective
0.61,0.5,0.2955,0.69,Distributed-Collective
0.77,1.0,0.5909,0.8,Distributed-Individual
0.5,1.0,0.5909,0.99,Hierarchical-Individual
0.77,0.5,0.5909,0.8,Distributed-Individual
0.5,0.5,0.5909,0.99,Hierarchical-Individual
0.81,0.0,0.6364,0.83,Hierarchical-Collective
0.68,0.0,0.6364,1.0,Distributed-Collective
0.81,0.5,0.6364,0.83,Hierarchical-Collective
0.68,0.5,0.6364,1.0,Distributed-Collective
0.56,0.0,0.5682,0.75,Hierarchical-Collective
0.77,0.5,0.5682,0.51,Hierarchical-Individual
0.63,0.5,0.5682,0.89,Distributed-Collective
0.56,0.5,0.5682,0.75,Hierarchical-Collective
0.77,1.0,0.5682,0.51,Hierarchical-Individual
0.63,1.0,0.5682,0.89,Distributed-Collective
0.78,0.5,0.2955,0.62,Distributed-Collective
0.83,1.0,0.2955,0.59,Hierarchical-Collective
0.97,0.5,0.2955,0.78,Distributed-Collective
0.78,0.5,0.2955,0.62,Distributed-Collective
0.83,1.0,0.2955,0.59,Hierarchical-Collective
0.97,0.5,0.2955,0.78,Distributed-Collective
0.78,0.5,0.2955,0.62,Distributed-Collective
0.83,1.0,0.2955,0.59,Hierarchical-Collective
0.97,0.5,0.2955,0.78,Distributed-Collective
0.91,0.5,0.4318,0.8,Hierarchical-Individual
0.98,0.5,0.4318,0.67,Distributed-Individual
0.91,0.5,0.4318,0.8,Hierarchical-Individual
0.98,0.5,0.4318,0.67,Distributed-Individual
0.91,1.0,0.4318,0.8,Hierarchical-Individual
0.98,1.0,0.4318,0.67,Distributed-Individual
0.91,0.5,0.4318,0.8,Hierarchical-Individual
0.98,0.5,0.4318,0.67,Distributed-Individual
0.69,1.0,0.4091,0.91,Distributed-Collective
0.69,1.0,0.4091,0.91,Distributed-Collective
0.98,0.5,0.5682,0.89,Distributed-Collective
0.98,0.5,0.5682,0.89,Distributed-Collective
0.98,0.5,0.5682,0.89,Distributed-Collective
0.5,1.0,0.6364,0.6,Hierarchical-Individual
0.62,0.5,0.6364,0.58,Distributed-Individual
0.45,1.0,0.3864,0.74,Distributed-Individual
0.81,0.5,0.3864,0.93,Hierarchical-Individual
0.43,0.5,0.3864,0.71,Distributed-Collective
0.41,1.0,0.3864,0.83,Hierarchical-Individual
0.45,0.5,0.3864,0.74,Distributed-Individual
0.81,0.0,0.3864,0.93,Hierarchical-Individual
0.43,0.0,0.3864,0.71,Distributed-Collective
0.41,0.5,0.3864,0.83,Hierarchical-Individual
0.45,0.5,0.3864,0.74,Distributed-Individual
0.81,0.0,0.3864,0.93,Hierarchical-Individual
0.43,0.0,0.3864,0.71,Distributed-Collective
0.41,0.5,0.3864,0.83,Hierarchical-Individual
0.45,0.5,0.3864,0.74,Distributed-Individual
0.81,0.0,0.3864,0.93,Hierarchical-Individual
0.43,0.0,0.3864,0.71,Distributed-Collective
0.41,0.5,0.3864,0.83,Hierarchical-Individual
0.45,1.0,0.3864,0.74,Distributed-Individual
0.81,0.5,0.3864,0.93,Hierarchical-Individual
0.43,0.5,0.3864,0.71,Distributed-Collective
0.41,1.0,0.3864,0.83,Hierarchical-Individual
0.45,1.0,0.3864,0.74,Distributed-Individual
0.81,0.5,0.3864,0.93,Hierarchical-Individual
0.43,0.5,0.3864,0.71,Distributed-Collective
0.41,1.0,0.3864,0.83,Hierarchical-Individual
0.79,0.5,0.2273,0.56,Distributed-Individual
0.58,0.5,0.2273,0.97,Hierarchical-Individual
0.87,0.5,0.2273,0.85,Distributed-Collective
0.41,0.5,0.2273,0.8,Hierarchical-Individual
0.85,0.0,0.2273,0.96,Distributed-Individual
0.8,0.5,0.6818,0.68,Distributed-Individual
0.68,1.0,0.6818,0.9,Distributed-Collective
0.89,0.5,0.6818,0.79,Distributed-Collective
0.8,0.5,0.6818,0.68,Distributed-Individual
0.68,1.0,0.6818,0.9,Distributed-Collective
0.89,0.5,0.6818,0.79,Distributed-Collective
0.8,0.5,0.6818,0.68,Distributed-Individual
0.68,1.0,0.6818,0.9,Distributed-Collective
0.89,0.5,0.6818,0.79,Distributed-Collective
0.67,1.0,0.3636,0.69,Distributed-Collective
0.91,1.0,0.3636,0.72,Hierarchical-Individual
0.84,0.5,0.3636,0.98,Distributed-Individual
0.62,1.0,0.3636,0.56,Hierarchical-Collective
0.82,1.0,0.3636,0.51,Hierarchical-Individual
0.56,0.5,0.3636,0.61,Hierarchical-Individual
0.67,0.5,0.3636,0.69,Distributed-Collective
0.91,0.5,0.3636,0.72,Hierarchical-Individual
0.84,0.0,0.3636,0.98,Distributed-Individual
0.62,0.5,0.3636,0.56,Hierarchical-Collective
0.82,0.5,0.3636,0.51,Hierarchical-Individual
0.56,0.0,0.3636,0.61,Hierarchical-Individual
0.67,0.5,0.3636,0.69,Distributed-Collective
0.91,0.5,0.3636,0.72,Hierarchical-Individual
0.84,0.0,0.3636,0.98,Distributed-Individual
0.62,0.5,0.3636,0.56,Hierarchical-Collective
0.82,0.5,0.3636,0.51,Hierarchical-Individual
0.56,0.0,0.3636,0.61,Hierarchical-Individual
0.67,1.0,0.3636,0.69,Distributed-Collective
0.91,1.0,0.3636,0.72,Hierarchical-Individual
0.84,0.5,0.3636,0.98,Distributed-Individual
0.62,1.0,0.3636,0.56,Hierarchical-Collective
0.82,1.0,0.3636,0.51,Hierarchical-Individual
0.56,0.5,0.3636,0.61,Hierarchical-Individual
0.44,1.0,0.4545,0.67,Distributed-Individual
0.73,0.5,0.4545,0.54,Hierarchical-Individual
0.44,1.0,0.4545,0.67,Distributed-Individual
0.73,0.5,0.4545,0.54,Hierarchical-Individual
0.44,1.0,0.4545,0.67,Distributed-Individual
0.73,0.5,0.4545,0.54,Hierarchical-Individual
0.44,0.5,0.4545,0.67,Distributed-Individual
0.73,0.0,0.4545,0.54,Hierarchical-Individual
0.44,1.0,0.4545,0.67,Distributed-Individual
0.73,0.5,0.4545,0.54,Hierarchical-Individual
0.44,1.0,0.4545,0.67,Distributed-Individual
0.73,0.5,0.4545,0.54,Hierarchical-Individual
0.44,1.0,0.3409,0.5,Hierarchical-Individual
0.5,1.0,0.3409,0.91,Hierarchical-Individual
0.87,1.0,0.3409,0.95,Distributed-Collective
0.9,0.0,0.5227,0.91,Hierarchical-Collective
0.9,0.5,0.5227,0.91,Hierarchical-Collective
0.9,0.5,0.5227,0.91,Hierarchical-Collective
0.9,0.5,0.5227,0.91,Hierarchical-Collective
0.9,0.5,0.5227,0.91,Hierarchical-Collective
0.9,0.0,0.5227,0.91,Hierarchical-Collective
0.9,0.0,0.5227,0.91,Hierarchical-Collective
0.9,0.5,0.5227,0.91,Hierarchical-Collective
0.9,0.0,0.5227,0.91,Hierarchical-Collective
0.89,0.0,0.4318,0.52,Distributed-Collective
0.98,0.5,0.4318,0.57,Distributed-Collective
0.46,0.5,0.4318,0.67,Distributed-Individual
0.89,0.5,0.4318,0.52,Distributed-Collective
0.98,1.0,0.4318,0.57,Distributed-Collective
0.46,1.0,0.4318,0.67,Distributed-Individual
0.89,0.5,0.4318,0.52,Distributed-Collective
0.98,1.0,0.4318,0.57,Distributed-Collective
0.46,1.0,0.4318,0.67,Distributed-Individual
0.89,0.5,0.4318,0.52,Distributed-Collective
0.98,1.0,0.4318,0.57,Distributed-Collective
0.46,1.0,0.4318,0.67,Distributed-Individual
0.89,0.5,0.4318,0.52,Distributed-Collective
0.98,1.0,0.4318,0.57,Distributed-Collective
0.46,1.0,0.4318,0.67,Distributed-Individual
0.89,0.0,0.4318,0.52,Distributed-Collective
0.98,0.5,0.4318,0.57,Distributed-Collective
0.46,0.5,0.4318,0.67,Distributed-Individual
0.81,0.5,0.6818,0.73,Distributed-Collective
0.81,0.5,0.6818,0.73,Distributed-Collective
0.81,0.5,0.6818,0.73,Distributed-Collective
0.68,1.0,0.4091,0.83,Hierarchical-Individual
0.54,1.0,0.4091,0.56,Hierarchical-Collective
0.46,0.5,0.4091,0.58,Hierarchical-Individual
1.0,0.5,0.4091,0.81,Hierarchical-Collective
0.74,0.5,0.5227,0.63,Hierarchical-Individual
0.93,0.5,0.5227,0.55,Distributed-Collective
0.74,1.0,0.5227,0.63,Hierarchical-Individual
0.93,1.0,0.5227,0.55,Distributed-Collective
0.74,1.0,0.5227,0.63,Hierarchical-Individual
0.93,1.0,0.5227,0.55,Distributed-Collective
0.74,1.0,0.5227,0.63,Hierarchical-Individual
0.93,1.0,0.5227,0.55,Distributed-Collective
0.74,0.5,0.5227,0.63,Hierarchical-Individual
0.93,0.5,0.5227,0.55,Distributed-Collective
0.74,0.5,0.5227,0.63,Hierarchical-Individual
0.93,0.5,0.5227,0.55,Distributed-Collective
0.41,0.5,0.25,0.74,Distributed-Collective
0.58,0.5,0.25,0.68,Distributed-Individual
0.41,1.0,0.25,0.74,Distributed-Collective
0.58,1.0,0.25,0.68,Distributed-Individual
0.41,1.0,0.25,0.74,Distributed-Collective
0.58,1.0,0.25,0.68,Distributed-Individual
0.61,1.0,0.2955,0.97,Distributed-Collective
0.61,1.0,0.2955,0.97,Distributed-Collective
0.85,0.5,0.6818,0.93,Hierarchical-Collective
0.75,0.5,0.6818,1.0,Distributed-Individual
0.54,1.0,0.6818,0.97,Hierarchical-Collective
0.44,0.5,0.6818,0.75,Hierarchical-Collective
0.84,1.0,0.6818,0.96,Hierarchical-Collective
0.6,1.0,0.6818,0.67,Distributed-Collective
0.85,0.5,0.6818,0.93,Hierarchical-Collective
0.75,0.5,0.6818,1.0,Distributed-Individual
0.54,1.0,0.6818,0.97,Hierarchical-Collective
0.44,0.5,0.6818,0.75,Hierarchical-Collective
0.84,1.0,0.6818,0.96,Hierarchical-Collective
0.6,1.0,0.6818,0.67,Distributed-Collective
0.63,1.0,0.75,0.54,Hierarchical-Collective
0.99,0.5,0.75,0.9,Hierarchical-Individual
0.44,1.0,0.75,0.7,Distributed-Collective
0.67,0.5,0.75,0.52,Hierarchical-Collective
0.63,1.0,0.75,0.54,Hierarchical-Collective
0.99,0.5,0.75,0.9,Hierarchical-Individual
0.44,1.0,0.75,0.7,Distributed-Collective
0.67,0.5,0.75,0.52,Hierarchical-Collective
0.63,0.5,0.75,0.54,Hierarchical-Collective
0.99,0.0,0.75,0.9,Hierarchical-Individual
0.44,0.5,0.75,0.7,Distributed-Collective
0.67,0.0,0.75,0.52,Hierarchical-Collective
0.97,0.5,0.3864,0.56,Hierarchical-Collective
0.97,0.5,0.3864,0.56,Hierarchical-Collective
0.97,0.0,0.3864,0.56,Hierarchical-Collective
0.97,0.5,0.3864,0.56,Hierarchical-Collective
0.97,0.5,0.3864,0.56,Hierarchical-Collective
0.64,1.0,0.3636,0.62,Hierarchical-Collective
0.56,1.0,0.3636,0.8,Hierarchical-Individual
0.64,1.0,0.3636,0.62,Hierarchical-Collective
0.56,1.0,0.3636,0.8,Hierarchical-Individual
0.64,1.0,0.3636,0.62,Hierarchical-Collective
0.56,1.0,0.3636,0.8,Hierarchical-Individual
0.64,0.5,0.3636,0.62,Hierarchical-Collective
0.56,0.5,0.3636,0.8,Hierarchical-Individual
0.66,0.5,0.1818,0.71,Distributed-Individual
0.54,0.5,0.1818,0.53,Hierarchical-Collective
0.52,0.5,0.1818,0.59,Hierarchical-Individual
0.44,0.5,0.1818,0.82,Distributed-Collective
0.94,0.0,0.4773,0.97,Hierarchical-Collective
0.94,0.0,0.4773,0.97,Hierarchical-Collective
0.94,0.5,0.4773,0.97,Hierarchical-Collective
0.94,0.5,0.4773,0.97,Hierarchical-Collective
0.94,0.0,0.4773,0.97,Hierarchical-Collective
0.94,0.5,0.4773,0.97,Hierarchical-Collective
0.94,0.5,0.4773,0.97,Hierarchical-Collective
0.94,0.0,0.4773,0.97,Hierarchical-Collective
0.46,0.5,0.6136,0.9,Distributed-Collective
0.88,0.5,0.6136,0.86,Hierarchical-Individual
0.46,1.0,0.6136,0.9,Distributed-Collective
0.88,1.0,0.6136,0.86,Hierarchical-Individual
0.46,1.0,0.6136,0.9,Distributed-Collective
0.88,1.0,0.6136,0.86,Hierarchical-Individual
0.46,0.5,0.6136,0.9,Distributed-Collective
0.88,0.5,0.6136,0.86,Hierarchical-Individual
0.87,0.5,0.2955,0.79,Distributed-Collective
0.87,0.5,0.2955,0.79,Distributed-Collective
0.87,0.5,0.2955,0.79,Distributed-Collective
0.81,0.5,0.5227,0.89,Hierarchical-Collective
0.52,1.0,0.5227,0.55,Distributed-Collective
0.4,1.0,0.5227,0.54,Distributed-Collective
0.81,0.5,0.5227,0.89,Hierarchical-Collective
0.52,1.0,0.5227,0.55,Distributed-Collective
0.4,1.0,0.5227,0.54,Distributed-Collective
0.43,0.0,0.4318,0.74,Distributed-Individual
0.42,0.5,0.4318,0.71,Hierarchical-Collective
0.43,0.0,0.4318,0.74,Distributed-Individual
0.42,0.5,0.4318,0.71,Hierarchical-Collective
0.43,0.5,0.4318,0.74,Distributed-Individual
0.42,1.0,0.4318,0.71,Hierarchical-Collective
0.43,0.5,0.4318,0.74,Distributed-Individual
0.42,1.0,0.4318,0.71,Hierarchical-Collective
0.43,0.5,0.4318,0.74,Distributed-Individual
0.42,1.0,0.4318,0.71,Hierarchical-Collective
0.43,0.0,0.4318,0.74,Distributed-Individual
0.42,0.5,0.4318,0.71,Hierarchical-Collective
0.88,1.0,0.8182,0.67,Distributed-Individual
0.61,0.5,0.8182,0.77,Distributed-Individual
0.61,1.0,0.8182,0.67,Hierarchical-Collective
0.63,1.0,0.8182,1.0,Distributed-Individual
0.92,0.0,0.25,0.58,Hierarchical-Collective
0.64,0.5,0.25,0.84,Distributed-Collective
0.93,0.0,0.25,0.52,Hierarchical-Individual
0.45,1.0,0.5,0.5,Distributed-Collective
0.92,0.5,0.5,1.0,Distributed-Collective
0.46,1.0,0.5,0.75,Hierarchical-Individual
0.5,0.5,0.5,0.7,Hierarchical-Collective
0.45,0.5,0.5,0.5,Distributed-Collective
0.92,0.0,0.5,1.0,Distributed-Collective
0.46,0.5,0.5,0.75,Hierarchical-Individual
0.5,0.0,0.5,0.7,Hierarchical-Collective
0.45,1.0,0.5,0.5,Distributed-Collective
0.92,0.5,0.5,1.0,Distributed-Collective
0.46,1.0,0.5,0.75,Hierarchical-Individual
0.5,0.5,0.5,0.7,Hierarchical-Collective
0.45,1.0,0.5,0.5,Distributed-Collective
0.92,0.5,0.5,1.0,Distributed-Collective
0.46,1.0,0.5,0.75,Hierarchical-Individual
0.5,0.5,0.5,0.7,Hierarchical-Collective
0.45,1.0,0.5,0.5,Distributed-Collective
0.92,0.5,0.5,1.0,Distributed-Collective
0.46,1.0,0.5,0.75,Hierarchical-Individual
0.5,0.5,0.5,0.7,Hierarchical-Collective
0.45,1.0,0.5,0.5,Distributed-Collective
0.92,0.5,0.5,1.0,Distributed-Collective
0.46,1.0,0.5,0.75,Hierarchical-Individual
0.5,0.5,0.5,0.7,Hierarchical-Collective
0.45,0.5,0.5,0.5,Distributed-Collective
0.92,0.0,0.5,1.0,Distributed-Collective
0.46,0.5,0.5,0.75,Hierarchical-Individual
0.5,0.0,0.5,0.7,Hierarchical-Collective
0.45,1.0,0.5,0.5,Distributed-Collective
0.92,0.5,0.5,1.0,Distributed-Collective
0.46,1.0,0.5,0.75,Hierarchical-Individual
0.5,0.5,0.5,0.7,Hierarchical-Collective
0.99,0.0,0.4091,0.92,Distributed-Collective
0.43,0.5,0.4091,0.55,Distributed-Individual
0.48,0.5,0.4091,0.73,Distributed-Collective
0.99,0.5,0.4091,0.92,Distributed-Collective
0.43,1.0,0.4091,0.55,Distributed-Individual
0.48,1.0,0.4091,0.73,Distributed-Collective
0.99,0.0,0.4091,0.92,Distributed-Collective
0.43,0.5,0.4091,0.55,Distributed-Individual
0.48,0.5,0.4091,0.73,Distributed-Collective
0.99,0.0,0.4091,0.92,Distributed-Collective
0.43,0.5,0.4091,0.55,Distributed-Individual
0.48,0.5,0.4091,0.73,Distributed-Collective
0.59,0.0,0.4545,0.91,Hierarchical-Individual
0.55,0.0,0.4545,0.75,Hierarchical-Collective
1.0,0.0,0.4545,0.84,Distributed-Individual
0.59,0.0,0.4545,0.91,Hierarchical-Individual
0.55,0.0,0.4545,0.75,Hierarchical-Collective
1.0,0.0,0.4545,0.84,Distributed-Individual
0.59,0.5,0.4545,0.91,Hierarchical-Individual
0.55,0.5,0.4545,0.75,Hierarchical-Collective
1.0,0.5,0.4545,0.84,Distributed-Individual
0.59,0.5,0.4545,0.91,Hierarchical-Individual
0.55,0.5,0.4545,0.75,Hierarchical-Collective
1.0,0.5,0.4545,0.84,Distributed-Individual
0.59,0.0,0.4545,0.91,Hierarchical-Individual
0.55,0.0,0.4545,0.75,Hierarchical-Collective
1.0,0.0,0.4545,0.84,Distributed-Individual
0.44,0.5,0.4545,0.54,Hierarchical-Collective
0.44,0.5,0.4545,0.54,Hierarchical-Collective
0.44,0.5,0.4545,0.54,Hierarchical-Collective
0.44,0.5,0.4545,0.54,Hierarchical-Collective
0.44,0.0,0.4545,0.54,Hierarchical-Collective
0.44,0.0,0.4545,0.54,Hierarchical-Collective
0.44,0.0,0.4545,0.54,Hierarchical-Collective
0.44,0.5,0.4545,0.54,Hierarchical-Collective
0.44,0.5,0.4545,0.54,Hierarchical-Collective
0.44,0.5,0.4545,0.54,Hierarchical-Collective
0.56,0.5,0.2045,0.55,Hierarchical-Collective
0.81,1.0,0.2045,0.6,Hierarchical-Collective
0.61,1.0,0.2045,0.56,Hierarchical-Individual
0.57,0.5,0.2045,0.91,Distributed-Collective
0.43,0.5,0.2045,0.63,Hierarchical-Individual
0.64,1.0,0.2045,0.61,Distributed-Collective
0.99,1.0,0.2045,0.54,Hierarchical-Collective
0.49,1.0,0.6364,0.97,Hierarchical-Collective
0.49,1.0,0.6364,0.97,Hierarchical-Collective
0.49,0.5,0.6364,0.97,Hierarchical-Collective
0.65,0.5,0.8864,0.56,Distributed-Collective
0.42,1.0,0.8864,0.93,Distributed-Collective
0.42,1.0,0.8864,0.5,Distributed-Collective
0.79,1.0,0.8864,0.78,Hierarchical-Individual
0.65,1.0,0.8864,0.55,Hierarchical-Collective
0.41,0.5,0.5909,0.58,Distributed-Collective
0.5,0.5,0.5909,0.68,Hierarchical-Individual
0.56,1.0,0.5909,0.82,Distributed-Collective
0.41,0.0,0.5909,0.58,Distributed-Collective
0.5,0.0,0.5909,0.68,Hierarchical-Individual
0.56,0.5,0.5909,0.82,Distributed-Collective
0.43,0.5,0.5,0.81,Hierarchical-Collective
0.45,0.5,0.5,0.64,Hierarchical-Collective
0.93,1.0,0.5,0.84,Distributed-Individual
0.43,0.5,0.5,0.81,Hierarchical-Collective
0.45,0.5,0.5,0.64,Hierarchical-Collective
0.93,1.0,0.5,0.84,Distributed-Individual
0.63,1.0,0.5455,0.59,Hierarchical-Individual
0.73,0.5,0.5455,0.67,Distributed-Collective
0.63,0.5,0.5455,0.59,Hierarchical-Individual
0.73,0.0,0.5455,0.67,Distributed-Collective
0.63,1.0,0.5455,0.59,Hierarchical-Individual
0.73,0.5,0.5455,0.67,Distributed-Collective
0.63,1.0,0.5455,0.59,Hierarchical-Individual
0.73,0.5,0.5455,0.67,Distributed-Collective
0.63,1.0,0.5455,0.59,Hierarchical-Individual
0.73,0.5,0.5455,0.67,Distributed-Collective
0.63,0.5,0.5455,0.59,Hierarchical-Individual
0.73,0.0,0.5455,0.67,Distributed-Collective
0.63,1.0,0.5455,0.59,Hierarchical-Individual
0.73,0.5,0.5455,0.67,Distributed-Collective
0.63,1.0,0.5455,0.59,Hierarchical-Individual
0.73,0.5,0.5455,0.67,Distributed-Collective
0.45,0.5,0.6136,0.93,Hierarchical-Collective
0.44,0.5,0.6136,0.99,Distributed-Individual
0.45,1.0,0.6136,0.93,Hierarchical-Collective
0.44,1.0,0.6136,0.99,Distributed-Individual
0.55,1.0,0.4545,0.97,Hierarchical-Collective
0.57,1.0,0.4545,0.81,Hierarchical-Individual
0.47,0.5,0.4545,0.78,Distributed-Collective
0.62,1.0,0.4545,0.82,Distributed-Individual
0.53,1.0,0.4545,0.85,Distributed-Collective
0.89,1.0,0.4545,0.76,Hierarchical-Individual
0.55,1.0,0.4545,0.97,Hierarchical-Collective
0.57,1.0,0.4545,0.81,Hierarchical-Individual
0.47,0.5,0.4545,0.78,Distributed-Collective
0.62,1.0,0.4545,0.82,Distributed-Individual
0.53,1.0,0.4545,0.85,Distributed-Collective
0.89,1.0,0.4545,0.76,Hierarchical-Individual
0.55,1.0,0.4545,0.97,Hierarchical-Collective
0.57,1.0,0.4545,0.81,Hierarchical-Individual
0.47,0.5,0.4545,0.78,Distributed-Collective
0.62,1.0,0.4545,0.82,Distributed-Individual
0.53,1.0,0.4545,0.85,Distributed-Collective
0.89,1.0,0.4545,0.76,Hierarchical-Individual
0.43,1.0,0.5682,0.87,Hierarchical-Individual
0.59,1.0,0.5682,0.5,Hierarchical-Collective
0.99,1.0,0.5682,0.74,Hierarchical-Collective
0.91,1.0,0.5682,1.0,Distributed-Collective
0.73,1.0,0.5682,0.57,Distributed-Collective
0.43,1.0,0.5682,0.87,Hierarchical-Individual
0.59,1.0,0.5682,0.5,Hierarchical-Collective
0.99,1.0,0.5682,0.74,Hierarchical-Collective
0.91,1.0,0.5682,1.0,Distributed-Collective
0.73,1.0,0.5682,0.57,Distributed-Collective
0.73,1.0,0.5682,0.95,Distributed-Individual
0.85,1.0,0.5682,1.0,Hierarchical-Collective
0.73,1.0,0.5682,0.95,Distributed-Individual
0.85,1.0,0.5682,1.0,Hierarchical-Collective
0.73,0.5,0.5682,0.95,Distributed-Individual
0.85,0.5,0.5682,1.0,Hierarchical-Collective
0.73,1.0,0.5682,0.95,Distributed-Individual
0.85,1.0,0.5682,1.0,Hierarchical-Collective
0.73,1.0,0.5682,0.95,Distributed-Individual
0.85,1.0,0.5682,1.0,Hierarchical-Collective
0.62,0.5,0.6136,0.69,Hierarchical-Collective
0.66,0.5,0.6136,0.62,Hierarchical-Individual
0.62,0.5,0.6136,0.69,Hierarchical-Collective
0.66,0.5,0.6136,0.62,Hierarchical-Individual
0.81,0.0,0.5455,0.87,Distributed-Collective
0.4,0.5,0.5455,0.9,Hierarchical-Collective
0.81,0.0,0.5455,0.87,Distributed-Collective
0.4,0.5,0.5455,0.9,Hierarchical-Collective
0.81,0.0,0.5455,0.87,Distributed-Collective
0.4,0.5,0.5455,0.9,Hierarchical-Collective
0.72,1.0,0.5,0.68,Hierarchical-Individual
0.41,0.5,0.5,0.67,Hierarchical-Individual
0.72,0.5,0.5,0.68,Hierarchical-Individual
0.41,0.0,0.5,0.67,Hierarchical-Individual
0.72,1.0,0.5,0.68,Hierarchical-Individual
0.41,0.5,0.5,0.67,Hierarchical-Individual
0.72,0.5,0.5,0.68,Hierarchical-Individual
0.41,0.0,0.5,0.67,Hierarchical-Individual
0.81,1.0,0.3409,0.89,Hierarchical-Individual
0.48,1.0,0.3409,0.61,Hierarchical-Individual
0.61,1.0,0.3409,0.62,Distributed-Individual
0.81,1.0,0.3409,0.89,Hierarchical-Individual
0.48,1.0,0.3409,0.61,Hierarchical-Individual
0.61,1.0,0.3409,0.62,Distributed-Individual
0.81,1.0,0.3409,0.89,Hierarchical-Individual
0.48,1.0,0.3409,0.61,Hierarchical-Individual
0.61,1.0,0.3409,0.62,Distributed-Individual
0.81,1.0,0.3409,0.89,Hierarchical-Individual
0.48,1.0,0.3409,0.61,Hierarchical-Individual
0.61,1.0,0.3409,0.62,Distributed-Individual
0.81,1.0,0.3409,0.89,Hierarchical-Individual
0.48,1.0,0.3409,0.61,Hierarchical-Individual
0.61,1.0,0.3409,0.62,Distributed-Individual
0.81,0.5,0.3409,0.89,Hierarchical-Individual
0.48,0.5,0.3409,0.61,Hierarchical-Individual
0.61,0.5,0.3409,0.62,Distributed-Individual
0.83,0.0,0.4318,0.72,Distributed-Individual
0.69,0.5,0.4318,0.78,Hierarchical-Individual
0.76,0.0,0.4318,0.78,Hierarchical-Collective
0.83,0.5,0.4318,0.72,Distributed-Individual
0.69,1.0,0.4318,0.78,Hierarchical-Individual
0.76,0.5,0.4318,0.78,Hierarchical-Collective
0.83,0.0,0.4318,0.72,Distributed-Individual
0.69,0.5,0.4318,0.78,Hierarchical-Individual
0.76,0.0,0.4318,0.78,Hierarchical-Collective
0.83,0.0,0.4318,0.72,Distributed-Individual
0.69,0.5,0.4318,0.78,Hierarchical-Individual
0.76,0.0,0.4318,0.78,Hierarchical-Collective
0.83,0.5,0.4318,0.72,Distributed-Individual
0.69,1.0,0.4318,0.78,Hierarchical-Individual
0.76,0.5,0.4318,0.78,Hierarchical-Collective
0.83,0.0,0.4318,0.72,Distributed-Individual
0.69,0.5,0.4318,0.78,Hierarchical-Individual
0.76,0.0,0.4318,0.78,Hierarchical-Collective
0.74,1.0,0.2045,0.55,Distributed-Individual
0.67,0.5,0.2045,0.79,Hierarchical-Individual
0.98,0.0,0.2273,0.96,Hierarchical-Individual
0.73,0.5,0.2273,0.78,Hierarchical-Individual
0.98,0.5,0.2273,0.96,Hierarchical-Individual
0.73,1.0,0.2273,0.78,Hierarchical-Individual
0.63,0.5,0.3409,0.92,Hierarchical-Individual
0.48,0.5,0.3409,0.74,Hierarchical-Individual
0.55,0.0,0.3409,0.73,Hierarchical-Individual
0.63,1.0,0.3409,0.92,Hierarchical-Individual
0.48,1.0,0.3409,0.74,Hierarchical-Individual
0.55,0.5,0.3409,0.73,Hierarchical-Individual
0.63,0.5,0.3409,0.92,Hierarchical-Individual
0.48,0.5,0.3409,0.74,Hierarchical-Individual
0.55,0.0,0.3409,0.73,Hierarchical-Individual
0.76,0.5,0.5682,0.54,Distributed-Individual
0.74,0.5,0.5682,0.61,Hierarchical-Collective
0.93,0.0,0.5682,0.55,Hierarchical-Collective
0.9,0.0,0.5682,0.87,Hierarchical-Collective
0.76,0.5,0.5682,0.54,Distributed-Individual
0.74,0.5,0.5682,0.61,Hierarchical-Collective
0.93,0.0,0.5682,0.55,Hierarchical-Collective
0.9,0.0,0.5682,0.87,Hierarchical-Collective
0.76,1.0,0.5682,0.54,Distributed-Individual
0.74,1.0,0.5682,0.61,Hierarchical-Collective
0.93,0.5,0.5682,0.55,Hierarchical-Collective
0.9,0.5,0.5682,0.87,Hierarchical-Collective
0.76,0.5,0.5682,0.54,Distributed-Individual
0.74,0.5,0.5682,0.61,Hierarchical-Collective
0.93,0.0,0.5682,0.55,Hierarchical-Collective
0.9,0.0,0.5682,0.87,Hierarchical-Collective
0.76,0.5,0.5682,0.54,Distributed-Individual
0.74,0.5,0.5682,0.61,Hierarchical-Collective
0.93,0.0,0.5682,0.55,Hierarchical-Collective
0.9,0.0,0.5682,0.87,Hierarchical-Collective
1.0,0.0,0.1818,0.6,Distributed-Collective
0.85,0.0,0.1818,0.8,Distributed-Individual
0.97,0.5,0.1818,0.97,Distributed-Individual
0.43,0.0,0.1818,0.68,Distributed-Collective
1.0,0.5,0.1818,0.6,Distributed-Collective
0.85,0.5,0.1818,0.8,Distributed-Individual
0.97,1.0,0.1818,0.97,Distributed-Individual
0.43,0.5,0.1818,0.68,Distributed-Collective
0.87,0.5,0.2955,0.96,Distributed-Individual
0.67,1.0,0.2955,0.95,Distributed-Individual
0.54,0.5,0.2955,0.6,Hierarchical-Collective
0.87,0.5,0.2955,0.96,Distributed-Individual
0.67,1.0,0.2955,0.95,Distributed-Individual
0.54,0.5,0.2955,0.6,Hierarchical-Collective
0.87,0.5,0.2955,0.96,Distributed-Individual
0.67,1.0,0.2955,0.95,Distributed-Individual
0.54,0.5,0.2955,0.6,Hierarchical-Collective
0.87,0.5,0.2955,0.96,Distributed-Individual
0.67,1.0,0.2955,0.95,Distributed-Individual
0.54,0.5,0.2955,0.6,Hierarchical-Collective
0.87,0.0,0.2955,0.96,Distributed-Individual
0.67,0.5,0.2955,0.95,Distributed-Individual
0.54,0.0,0.2955,0.6,Hierarchical-Collective
0.52,1.0,0.5,0.68,Distributed-Individual
0.98,0.5,0.5,0.64,Hierarchical-Individual
0.52,1.0,0.5,0.68,Distributed-Individual
0.98,0.5,0.5,0.64,Hierarchical-Individual
0.52,1.0,0.5,0.68,Distributed-Individual
0.98,0.5,0.5,0.64,Hierarchical-Individual
0.52,0.5,0.5,0.68,Distributed-Individual
0.98,0.0,0.5,0.64,Hierarchical-Individual
0.52,1.0,0.5,0.68,Distributed-Individual
0.98,0.5,0.5,0.64,Hierarchical-Individual
0.52,0.5,0.5,0.68,Distributed-Individual
0.98,0.0,0.5,0.64,Hierarchical-Individual
0.62,0.0,0.6364,0.77,Hierarchical-Collective
0.62,0.0,0.6364,0.77,Hierarchical-Collective
0.62,0.0,0.6364,0.77,Hierarchical-Collective
0.67,0.0,0.7045,0.74,Distributed-Collective
0.53,0.0,0.7045,1.0,Distributed-Individual
0.98,0.5,0.7045,0.88,Hierarchical-Collective
0.67,0.5,0.7045,0.74,Distributed-Collective
0.53,0.5,0.7045,1.0,Distributed-Individual
0.98,1.0,0.7045,0.88,Hierarchical-Collective
0.67,0.0,0.7045,0.74,Distributed-Collective
0.53,0.0,0.7045,1.0,Distributed-Individual
0.98,0.5,0.7045,0.88,Hierarchical-Collective
0.44,0.0,0.5227,0.86,Hierarchical-Individual
0.75,0.0,0.5227,0.57,Hierarchical-Collective
0.98,0.5,0.5227,0.94,Distributed-Individual
0.51,0.0,0.5227,0.79,Distributed-Individual
0.44,0.0,0.5227,0.86,Hierarchical-Individual
0.75,0.0,0.5227,0.57,Hierarchical-Collective
0.98,0.5,0.5227,0.94,Distributed-Individual
0.51,0.0,0.5227,0.79,Distributed-Individual
0.44,0.0,0.5227,0.86,Hierarchical-Individual
0.75,0.0,0.5227,0.57,Hierarchical-Collective
0.98,0.5,0.5227,0.94,Distributed-Individual
0.51,0.0,0.5227,0.79,Distributed-Individual
0.44,0.0,0.5227,0.86,Hierarchical-Individual
0.75,0.0,0.5227,0.57,Hierarchical-Collective
0.98,0.5,0.5227,0.94,Distributed-Individual
0.51,0.0,0.5227,0.79,Distributed-Individual
0.91,0.5,0.8409,0.61,Distributed-Individual
0.65,0.5,0.2727,0.67,Distributed-Individual
0.67,0.5,0.2727,0.56,Hierarchical-Individual
0.56,1.0,0.2727,0.75,Hierarchical-Individual
0.65,0.0,0.2727,0.67,Distributed-Individual
0.67,0.0,0.2727,0.56,Hierarchical-Individual
0.56,0.5,0.2727,0.75,Hierarchical-Individual
0.65,0.0,0.2727,0.67,Distributed-Individual
0.67,0.0,0.2727,0.56,Hierarchical-Individual
0.56,0.5,0.2727,0.75,Hierarchical-Individual
0.47,0.5,0.3864,0.53,Distributed-Collective
0.47,1.0,0.3864,0.53,Distributed-Collective
0.47,0.5,0.3864,0.53,Distributed-Collective
0.47,0.5,0.3864,0.53,Distributed-Collective
0.47,0.5,0.3864,0.53,Distributed-Collective
0.87,0.0,0.4773,0.83,Distributed-Individual
0.89,0.5,0.4773,0.97,Hierarchical-Individual
0.87,0.0,0.4773,0.83,Distributed-Individual
0.89,0.5,0.4773,0.97,Hierarchical-Individual
0.87,0.0,0.4773,0.83,Distributed-Individual
0.89,0.5,0.4773,0.97,Hierarchical-Individual
0.78,0.5,0.5682,0.77,Distributed-Collective
0.92,0.0,0.5682,0.61,Distributed-Individual
0.59,0.5,0.5682,0.63,Distributed-Individual
0.78,1.0,0.5682,0.77,Distributed-Collective
0.92,0.5,0.5682,0.61,Distributed-Individual
0.59,1.0,0.5682,0.63,Distributed-Individual
0.51,0.5,0.5,0.51,Distributed-Collective
0.77,0.5,0.5,0.73,Distributed-Individual
0.51,0.5,0.5,0.93,Hierarchical-Collective
0.5,0.5,0.5,0.6,Distributed-Collective
0.89,0.5,0.5,0.89,Hierarchical-Collective
0.51,1.0,0.5,0.51,Distributed-Collective
0.77,1.0,0.5,0.73,Distributed-Individual
0.51,1.0,0.5,0.93,Hierarchical-Collective
0.5,1.0,0.5,0.6,Distributed-Collective
0.89,1.0,0.5,0.89,Hierarchical-Collective
0.51,0.5,0.5,0.51,Distributed-Collective
0.77,0.5,0.5,0.73,Distributed-Individual
0.51,0.5,0.5,0.93,Hierarchical-Collective
0.5,0.5,0.5,0.6,Distributed-Collective
0.89,0.5,0.5,0.89,Hierarchical-Collective
0.51,0.5,0.5,0.51,Distributed-Collective
0.77,0.5,0.5,0.73,Distributed-Individual
0.51,0.5,0.5,0.93,Hierarchical-Collective
0.5,0.5,0.5,0.6,Distributed-Collective
0.89,0.5,0.5,0.89,Hierarchical-Collective
0.51,0.5,0.5,0.51,Distributed-Collective
0.77,0.5,0.5,0.73,Distributed-Individual
0.51,0.5,0.5,0.93,Hierarchical-Collective
0.5,0.5,0.5,0.6,Distributed-Collective
0.89,0.5,0.5,0.89,Hierarchical-Collective
0.76,1.0,0.1136,0.67,Hierarchical-Individual
0.86,1.0,0.1136,0.58,Distributed-Collective
0.79,0.5,0.1136,0.64,Distributed-Collective
0.99,1.0,0.1136,0.95,Hierarchical-Collective
0.97,0.5,0.1136,0.89,Distributed-Collective
0.76,1.0,0.6591,0.66,Distributed-Individual
0.78,1.0,0.6591,0.97,Hierarchical-Collective
0.76,0.5,0.6591,0.66,Distributed-Individual
0.78,0.5,0.6591,0.97,Hierarchical-Collective
0.54,1.0,0.5909,0.63,Distributed-Individual
0.52,1.0,0.4773,0.99,Hierarchical-Collective
0.45,1.0,0.4773,0.5,Distributed-Collective
0.52,1.0,0.4773,0.99,Hierarchical-Collective
0.45,1.0,0.4773,0.5,Distributed-Collective
0.52,1.0,0.4773,0.99,Hierarchical-Collective
0.45,1.0,0.4773,0.5,Distributed-Collective
0.52,0.5,0.4773,0.99,Hierarchical-Collective
0.45,0.5,0.4773,0.5,Distributed-Collective
0.52,0.5,0.4773,0.99,Hierarchical-Collective
0.45,0.5,0.4773,0.5,Distributed-Collective
0.52,1.0,0.4773,0.99,Hierarchical-Collective
0.45,1.0,0.4773,0.5,Distributed-Collective
0.74,1.0,0.5455,0.96,Hierarchical-Collective
0.76,1.0,0.5455,0.56,Hierarchical-Collective
0.74,1.0,0.5455,0.96,Hierarchical-Collective
0.76,1.0,0.5455,0.56,Hierarchical-Collective
0.74,1.0,0.5455,0.96,Hierarchical-Collective
0.76,1.0,0.5455,0.56,Hierarchical-Collective
0.74,0.5,0.5455,0.96,Hierarchical-Collective
0.76,0.5,0.5455,0.56,Hierarchical-Collective
0.74,1.0,0.5455,0.96,Hierarchical-Collective
0.76,1.0,0.5455,0.56,Hierarchical-Collective
0.74,1.0,0.5455,0.96,Hierarchical-Collective
0.76,1.0,0.5455,0.56,Hierarchical-Collective
0.74,1.0,0.5455,0.96,Hierarchical-Collective
0.76,1.0,0.5455,0.56,Hierarchical-Collective
0.74,1.0,0.5455,0.96,Hierarchical-Collective
0.76,1.0,0.5455,0.56,Hierarchical-Collective
0.74,1.0,0.5455,0.96,Hierarchical-Collective
0.76,1.0,0.5455,0.56,Hierarchical-Collective
0.74,1.0,0.5455,0.96,Hierarchical-Collective
0.76,1.0,0.5455,0.56,Hierarchical-Collective
0.74,1.0,0.5455,0.96,Hierarchical-Collective
0.76,1.0,0.5455,0.56,Hierarchical-Collective
0.74,1.0,0.5455,0.96,Hierarchical-Collective
0.76,1.0,0.5455,0.56,Hierarchical-Collective
0.46,1.0,0.5455,0.67,Hierarchical-Collective
0.66,0.5,0.5455,0.76,Hierarchical-Individual
0.4,0.5,0.5455,0.81,Distributed-Individual
0.46,1.0,0.5455,0.67,Hierarchical-Collective
0.66,0.5,0.5455,0.76,Hierarchical-Individual
0.4,0.5,0.5455,0.81,Distributed-Individual
0.46,0.5,0.5455,0.67,Hierarchical-Collective
0.66,0.0,0.5455,0.76,Hierarchical-Individual
0.4,0.0,0.5455,0.81,Distributed-Individual
0.91,0.5,0.25,0.51,Distributed-Individual
0.91,0.5,0.25,0.51,Distributed-Individual
0.91,0.0,0.25,0.51,Distributed-Individual
0.78,0.0,0.1364,0.98,Distributed-Collective
0.4,0.5,0.1364,0.92,Hierarchical-Collective
0.93,0.5,0.3864,0.53,Hierarchical-Collective
0.79,0.5,0.3864,0.64,Hierarchical-Collective
0.93,0.0,0.3864,0.53,Hierarchical-Collective
0.79,0.0,0.3864,0.64,Hierarchical-Collective
0.93,0.0,0.3864,0.53,Hierarchical-Collective
0.79,0.0,0.3864,0.64,Hierarchical-Collective
0.42,1.0,0.6591,0.85,Distributed-Individual
0.47,1.0,0.6591,0.53,Hierarchical-Collective
0.98,1.0,0.6591,0.92,Distributed-Collective
0.42,0.5,0.6591,0.85,Distributed-Individual
0.47,0.5,0.6591,0.53,Hierarchical-Collective
0.98,0.5,0.6591,0.92,Distributed-Collective
0.42,0.5,0.6591,0.85,Distributed-Individual
0.47,0.5,0.6591,0.53,Hierarchical-Collective
0.98,0.5,0.6591,0.92,Distributed-Collective
0.42,1.0,0.6591,0.85,Distributed-Individual
0.47,1.0,0.6591,0.53,Hierarchical-Collective
0.98,1.0,0.6591,0.92,Distributed-Collective
0.83,0.5,0.5455,0.53,Hierarchical-Individual
0.4,0.5,0.5455,0.99,Distributed-Individual
0.58,1.0,0.5455,0.63,Hierarchical-Individual
0.83,0.5,0.5455,0.53,Hierarchical-Individual
0.4,0.5,0.5455,0.99,Distributed-Individual
0.58,1.0,0.5455,0.63,Hierarchical-Individual
0.83,0.5,0.5455,0.53,Hierarchical-Individual
0.4,0.5,0.5455,0.99,Distributed-Individual
0.58,1.0,0.5455,0.63,Hierarchical-Individual
0.97,1.0,0.5909,0.82,Hierarchical-Collective
0.97,1.0,0.5909,0.82,Hierarchical-Collective
0.97,0.5,0.5909,0.82,Hierarchical-Collective
0.83,1.0,0.25,0.61,Distributed-Individual
0.9,1.0,0.25,0.5,Distributed-Collective
0.83,0.5,0.25,0.61,Distributed-Individual
0.9,0.5,0.25,0.5,Distributed-Collective
0.78,1.0,0.3409,0.96,Distributed-Individual
1.0,1.0,0.3409,0.56,Distributed-Collective
0.78,0.5,0.3409,0.96,Distributed-Individual
1.0,0.5,0.3409,0.56,Distributed-Collective
0.78,0.5,0.3409,0.96,Distributed-Individual
1.0,0.5,0.3409,0.56,Distributed-Collective
0.78,1.0,0.3409,0.96,Distributed-Individual
1.0,1.0,0.3409,0.56,Distributed-Collective
0.68,0.0,0.6136,0.89,Distributed-Collective
0.66,0.5,0.6136,0.54,Hierarchical-Individual
0.54,0.0,0.6136,0.85,Distributed-Collective
0.4,0.5,0.6136,0.93,Hierarchical-Collective
0.93,0.5,0.2955,0.76,Hierarchical-Collective
0.93,0.0,0.2955,0.76,Hierarchical-Collective
0.93,0.5,0.2955,0.76,Hierarchical-Collective
0.78,1.0,0.3409,0.81,Hierarchical-Collective
0.94,1.0,0.3409,0.85,Distributed-Collective
0.83,0.5,0.3409,0.92,Distributed-Individual
0.76,1.0,0.3409,0.92,Hierarchical-Collective
0.49,1.0,0.3409,0.77,Hierarchical-Collective
0.78,1.0,0.3409,0.81,Hierarchical-Collective
0.94,1.0,0.3409,0.85,Distributed-Collective
0.83,0.5,0.3409,0.92,Distributed-Individual
0.76,1.0,0.3409,0.92,Hierarchical-Collective
0.49,1.0,0.3409,0.77,Hierarchical-Collective
0.78,1.0,0.3409,0.81,Hierarchical-Collective
0.94,1.0,0.3409,0.85,Distributed-Collective
0.83,0.5,0.3409,0.92,Distributed-Individual
0.76,1.0,0.3409,0.92,Hierarchical-Collective
0.49,1.0,0.3409,0.77,Hierarchical-Collective
0.47,0.5,0.4091,0.63,Hierarchical-Individual
0.63,1.0,0.4091,0.79,Hierarchical-Individual
0.47,0.5,0.4091,0.63,Hierarchical-Individual
0.63,1.0,0.4091,0.79,Hierarchical-Individual
0.47,0.5,0.4091,0.63,Hierarchical-Individual
0.63,1.0,0.4091,0.79,Hierarchical-Individual
0.47,0.5,0.4091,0.63,Hierarchical-Individual
0.63,1.0,0.4091,0.79,Hierarchical-Individual
0.47,0.5,0.4091,0.63,Hierarchical-Individual
0.63,1.0,0.4091,0.79,Hierarchical-Individual
0.56,1.0,0.5455,0.57,Distributed-Collective
0.58,1.0,0.5455,0.66,Hierarchical-Individual
0.56,1.0,0.5455,0.57,Distributed-Collective
0.58,1.0,0.5455,0.66,Hierarchical-Individual
0.56,0.5,0.5455,0.57,Distributed-Collective
0.58,0.5,0.5455,0.66,Hierarchical-Individual
0.56,0.5,0.5455,0.57,Distributed-Collective
0.58,0.5,0.5455,0.66,Hierarchical-Individual
0.85,0.0,0.4318,0.53,Hierarchical-Collective
0.66,0.5,0.4318,0.84,Distributed-Individual
0.85,0.5,0.4318,0.53,Hierarchical-Collective
0.66,1.0,0.4318,0.84,Distributed-Individual
0.94,1.0,0.7727,0.76,Hierarchical-Individual
0.56,0.5,0.7727,0.58,Hierarchical-Individual
0.7,1.0,0.7727,0.54,Distributed-Collective
0.51,1.0,0.5455,0.55,Distributed-Collective
0.73,1.0,0.5455,0.62,Hierarchical-Individual
0.72,0.5,0.5455,0.62,Distributed-Individual
0.51,0.5,0.5455,0.55,Distributed-Collective
0.73,0.5,0.5455,0.62,Hierarchical-Individual
0.72,0.0,0.5455,0.62,Distributed-Individual
0.51,1.0,0.5455,0.55,Distributed-Collective
0.73,1.0,0.5455,0.62,Hierarchical-Individual
0.72,0.5,0.5455,0.62,Distributed-Individual
0.76,0.5,0.4091,0.78,Hierarchical-Collective
0.66,0.5,0.4091,0.97,Hierarchical-Individual
0.76,0.5,0.4091,0.78,Hierarchical-Collective
0.66,0.5,0.4091,0.97,Hierarchical-Individual
0.76,0.0,0.4091,0.78,Hierarchical-Collective
0.66,0.0,0.4091,0.97,Hierarchical-Individual
0.76,0.0,0.4091,0.78,Hierarchical-Collective
0.66,0.0,0.4091,0.97,Hierarchical-Individual
0.76,0.5,0.4091,0.78,Hierarchical-Collective
0.66,0.5,0.4091,0.97,Hierarchical-Individual
0.41,1.0,0.3864,0.61,Hierarchical-Individual
0.41,1.0,0.3864,0.61,Hierarchical-Individual
0.41,0.5,0.3864,0.61,Hierarchical-Individual
0.88,1.0,0.6591,0.64,Distributed-Individual
0.92,0.5,0.2955,0.77,Distributed-Collective
1.0,0.5,0.2955,0.95,Distributed-Individual
0.54,0.5,0.2955,0.8,Distributed-Individual
0.61,0.5,0.2955,0.52,Hierarchical-Collective
0.84,0.0,0.2955,0.86,Hierarchical-Collective
0.92,0.5,0.2955,0.77,Distributed-Collective
1.0,0.5,0.2955,0.95,Distributed-Individual
0.54,0.5,0.2955,0.8,Distributed-Individual
0.61,0.5,0.2955,0.52,Hierarchical-Collective
0.84,0.0,0.2955,0.86,Hierarchical-Collective
0.71,1.0,0.2273,0.97,Distributed-Individual
0.87,0.5,0.2273,0.89,Hierarchical-Collective
0.73,0.5,0.2273,0.56,Hierarchical-Individual
0.69,0.0,0.2273,0.53,Hierarchical-Individual
0.76,0.0,0.2273,0.55,Distributed-Individual
0.79,0.5,0.2273,0.97,Distributed-Collective
0.66,0.5,0.4091,0.84,Distributed-Individual
0.66,0.5,0.4091,0.84,Distributed-Individual
0.66,0.5,0.4091,0.84,Distributed-Individual
0.68,0.5,0.6364,0.55,Hierarchical-Collective
0.76,0.5,0.6364,0.81,Hierarchical-Individual
0.97,1.0,0.6364,0.93,Distributed-Collective
0.59,1.0,0.6364,0.91,Distributed-Collective
0.68,0.0,0.6364,0.55,Hierarchical-Collective
0.76,0.0,0.6364,0.81,Hierarchical-Individual
0.97,0.5,0.6364,0.93,Distributed-Collective
0.59,0.5,0.6364,0.91,Distributed-Collective
0.68,0.5,0.6364,0.55,Hierarchical-Collective
0.76,0.5,0.6364,0.81,Hierarchical-Individual
0.97,1.0,0.6364,0.93,Distributed-Collective
0.59,1.0,0.6364,0.91,Distributed-Collective
0.78,0.5,0.2955,0.91,Distributed-Collective
0.78,0.0,0.2955,0.91,Distributed-Collective
0.84,1.0,0.5227,0.91,Distributed-Individual
0.74,0.5,0.5227,0.84,Distributed-Individual
0.67,1.0,0.5227,0.76,Hierarchical-Individual
0.84,1.0,0.5227,0.91,Distributed-Individual
0.74,0.5,0.5227,0.84,Distributed-Individual
0.67,1.0,0.5227,0.76,Hierarchical-Individual
0.84,0.5,0.5227,0.91,Distributed-Individual
0.74,0.0,0.5227,0.84,Distributed-Individual
0.67,0.5,0.5227,0.76,Hierarchical-Individual
0.84,0.5,0.5227,0.91,Distributed-Individual
0.74,0.0,0.5227,0.84,Distributed-Individual
0.67,0.5,0.5227,0.76,Hierarchical-Individual
0.41,1.0,0.6136,0.65,Hierarchical-Individual
0.41,1.0,0.6136,0.65,Hierarchical-Individual
0.41,0.5,0.6136,0.65,Hierarchical-Individual
0.5,0.5,0.5227,0.8,Hierarchical-Individual
0.5,0.5,0.5227,0.8,Hierarchical-Individual
0.5,0.5,0.5227,0.8,Hierarchical-Individual
0.9,0.0,0.3409,0.5,Hierarchical-Collective
0.82,0.5,0.3409,0.67,Hierarchical-Individual
0.9,0.0,0.3409,0.5,Hierarchical-Collective
0.82,0.5,0.3409,0.67,Hierarchical-Individual
0.57,0.0,0.75,0.58,Hierarchical-Individual
0.75,0.5,0.75,0.91,Hierarchical-Individual
0.98,0.0,0.75,0.78,Hierarchical-Individual
0.88,0.5,0.2273,0.6,Hierarchical-Collective
0.88,0.0,0.2273,0.6,Hierarchical-Collective
0.88,0.0,0.2273,0.6,Hierarchical-Collective
0.88,0.0,0.2273,0.6,Hierarchical-Collective
0.86,1.0,0.7273,0.72,Hierarchical-Individual
0.83,1.0,0.7273,0.77,Hierarchical-Individual
0.85,0.5,0.7273,0.94,Hierarchical-Individual
0.79,1.0,0.7273,0.5,Hierarchical-Individual
0.86,1.0,0.7273,0.72,Hierarchical-Individual
0.83,1.0,0.7273,0.77,Hierarchical-Individual
0.85,0.5,0.7273,0.94,Hierarchical-Individual
0.79,1.0,0.7273,0.5,Hierarchical-Individual
0.61,0.5,0.4318,0.83,Distributed-Collective
0.94,0.5,0.4318,1.0,Distributed-Individual
0.61,0.5,0.4318,0.83,Distributed-Collective
0.94,0.5,0.4318,1.0,Distributed-Individual
0.61,0.5,0.4318,0.83,Distributed-Collective
0.94,0.5,0.4318,1.0,Distributed-Individual
0.61,0.5,0.4318,0.83,Distributed-Collective
0.94,0.5,0.4318,1.0,Distributed-Individual
0.61,1.0,0.4318,0.83,Distributed-Collective
0.94,1.0,0.4318,1.0,Distributed-Individual
0.68,1.0,0.6364,0.57,Distributed-Individual
0.99,1.0,0.6364,0.79,Hierarchical-Collective
0.68,0.5,0.6364,0.57,Distributed-Individual
0.99,0.5,0.6364,0.79,Hierarchical-Collective
0.74,0.5,0.1591,0.51,Distributed-Collective
0.76,1.0,0.1591,0.79,Distributed-Individual
0.73,0.5,0.25,0.88,Hierarchical-Individual
0.73,0.5,0.25,0.88,Hierarchical-Individual
0.73,0.5,0.25,0.88,Hierarchical-Individual
0.55,0.0,0.4091,0.94,Hierarchical-Collective
0.97,0.5,0.4091,0.77,Hierarchical-Individual
0.95,0.5,0.4091,0.64,Distributed-Individual
0.55,0.0,0.4091,0.94,Hierarchical-Collective
0.97,0.5,0.4091,0.77,Hierarchical-Individual
0.95,0.5,0.4091,0.64,Distributed-Individual
0.55,0.5,0.4091,0.94,Hierarchical-Collective
0.97,1.0,0.4091,0.77,Hierarchical-Individual
0.95,1.0,0.4091,0.64,Distributed-Individual
0.55,0.5,0.4091,0.94,Hierarchical-Collective
0.97,1.0,0.4091,0.77,Hierarchical-Individual
0.95,1.0,0.4091,0.64,Distributed-Individual
0.54,1.0,0.3864,0.73,Hierarchical-Collective
0.87,1.0,0.3864,0.65,Distributed-Collective
0.54,1.0,0.3864,0.73,Hierarchical-Collective
0.87,1.0,0.3864,0.65,Distributed-Collective
0.54,0.5,0.3864,0.73,Hierarchical-Collective
0.87,0.5,0.3864,0.65,Distributed-Collective
0.54,0.5,0.3864,0.73,Hierarchical-Collective
0.87,0.5,0.3864,0.65,Distributed-Collective
0.54,0.5,0.3864,0.73,Hierarchical-Collective
0.87,0.5,0.3864,0.65,Distributed-Collective
0.54,1.0,0.3864,0.73,Hierarchical-Collective
0.87,1.0,0.3864,0.65,Distributed-Collective
0.69,1.0,0.5455,0.95,Distributed-Collective
0.97,0.5,0.5455,0.5,Hierarchical-Collective
0.9,1.0,0.5455,0.77,Hierarchical-Individual
0.69,1.0,0.5455,0.95,Distributed-Collective
0.97,0.5,0.5455,0.5,Hierarchical-Collective
0.9,1.0,0.5455,0.77,Hierarchical-Individual
0.69,1.0,0.5455,0.95,Distributed-Collective
0.97,0.5,0.5455,0.5,Hierarchical-Collective
0.9,1.0,0.5455,0.77,Hierarchical-Individual
0.69,1.0,0.5455,0.95,Distributed-Collective
0.97,0.5,0.5455,0.5,Hierarchical-Collective
0.9,1.0,0.5455,0.77,Hierarchical-Individual
0.69,1.0,0.5455,0.95,Distributed-Collective
0.97,0.5,0.5455,0.5,Hierarchical-Collective
0.9,1.0,0.5455,0.77,Hierarchical-Individual
0.86,1.0,0.2273,0.94,Hierarchical-Collective
0.44,0.5,0.2273,1.0,Distributed-Collective
0.54,1.0,0.2273,0.53,Hierarchical-Individual
0.86,1.0,0.2273,0.94,Hierarchical-Collective
0.44,0.5,0.2273,1.0,Distributed-Collective
0.54,1.0,0.2273,0.53,Hierarchical-Individual
0.9,0.5,0.5227,0.96,Distributed-Individual
0.53,1.0,0.5227,0.71,Distributed-Collective
0.9,0.5,0.5227,0.96,Distributed-Individual
0.53,1.0,0.5227,0.71,Distributed-Collective
0.9,0.5,0.5227,0.96,Distributed-Individual
0.53,1.0,0.5227,0.71,Distributed-Collective
0.98,1.0,0.7273,0.5,Hierarchical-Collective
0.64,1.0,0.7273,0.59,Distributed-Individual
0.56,1.0,0.7045,0.91,Distributed-Collective
0.65,1.0,0.7045,0.96,Hierarchical-Individual
0.6,1.0,0.7045,0.57,Distributed-Individual
0.94,0.5,0.7045,0.63,Hierarchical-Collective
0.61,1.0,0.7045,0.91,Distributed-Collective
0.56,1.0,0.7045,0.91,Distributed-Collective
0.65,1.0,0.7045,0.96,Hierarchical-Individual
0.6,1.0,0.7045,0.57,Distributed-Individual
0.94,0.5,0.7045,0.63,Hierarchical-Collective
0.61,1.0,0.7045,0.91,Distributed-Collective
0.56,1.0,0.7045,0.91,Distributed-Collective
0.65,1.0,0.7045,0.96,Hierarchical-Individual
0.6,1.0,0.7045,0.57,Distributed-Individual
0.94,0.5,0.7045,0.63,Hierarchical-Collective
0.61,1.0,0.7045,0.91,Distributed-Collective
0.92,0.5,0.6591,0.62,Distributed-Individual
0.92,0.5,0.6591,0.62,Distributed-Individual
0.42,0.5,0.5682,0.64,Hierarchical-Individual
0.47,0.5,0.5,0.78,Hierarchical-Individual
0.94,0.5,0.5,0.83,Distributed-Individual
0.58,0.5,0.5,0.62,Distributed-Individual
0.76,1.0,0.5,0.59,Distributed-Individual
0.47,0.0,0.5,0.78,Hierarchical-Individual
0.94,0.0,0.5,0.83,Distributed-Individual
0.58,0.0,0.5,0.62,Distributed-Individual
0.76,0.5,0.5,0.59,Distributed-Individual
0.47,0.0,0.5,0.78,Hierarchical-Individual
0.94,0.0,0.5,0.83,Distributed-Individual
0.58,0.0,0.5,0.62,Distributed-Individual
0.76,0.5,0.5,0.59,Distributed-Individual
0.91,0.5,0.75,0.72,Distributed-Collective
1.0,0.5,0.75,0.86,Distributed-Collective
0.53,1.0,0.75,0.79,Hierarchical-Individual
0.48,0.5,0.75,0.93,Hierarchical-Individual
0.67,0.5,0.4318,0.65,Hierarchical-Collective
0.83,1.0,0.4318,0.85,Distributed-Individual
0.67,0.0,0.4318,0.65,Hierarchical-Collective
0.83,0.5,0.4318,0.85,Distributed-Individual
0.67,0.5,0.4318,0.65,Hierarchical-Collective
0.83,1.0,0.4318,0.85,Distributed-Individual
0.67,0.5,0.4318,0.65,Hierarchical-Collective
0.83,1.0,0.4318,0.85,Distributed-Individual
0.67,0.0,0.4318,0.65,Hierarchical-Collective
0.83,0.5,0.4318,0.85,Distributed-Individual
0.67,0.0,0.4318,0.65,Hierarchical-Collective
0.83,0.5,0.4318,0.85,Distributed-Individual
0.67,0.5,0.4318,0.65,Hierarchical-Collective
0.83,1.0,0.4318,0.85,Distributed-Individual
0.67,0.0,0.4318,0.65,Hierarchical-Collective
0.83,0.5,0.4318,0.85,Distributed-Individual
0.64,0.5,0.6364,0.5,Hierarchical-Individual
0.91,0.5,0.6364,0.67,Distributed-Individual
0.64,0.0,0.6364,0.5,Hierarchical-Individual
0.91,0.0,0.6364,0.67,Distributed-Individual
0.45,0.5,0.2045,0.79,Distributed-Individual
0.7,0.5,0.2045,0.96,Hierarchical-Individual
0.45,1.0,0.2045,0.79,Distributed-Individual
0.7,1.0,0.2045,0.96,Hierarchical-Individual
0.89,1.0,0.1818,0.81,Distributed-Individual
0.9,0.5,0.1818,0.64,Distributed-Individual
0.46,1.0,0.2955,0.53,Hierarchical-Collective
0.74,0.5,0.2955,0.66,Distributed-Individual
0.46,1.0,0.2955,0.53,Hierarchical-Collective
0.74,0.5,0.2955,0.66,Distributed-Individual
0.46,1.0,0.2955,0.53,Hierarchical-Collective
0.74,0.5,0.2955,0.66,Distributed-Individual
0.75,0.5,0.5455,0.54,Hierarchical-Collective
0.75,0.0,0.5455,0.54,Hierarchical-Collective
0.93,0.0,0.25,0.77,Hierarchical-Collective
0.93,0.5,0.25,0.77,Hierarchical-Collective
0.56,0.5,0.25,0.69,Hierarchical-Collective
0.43,0.0,0.25,0.82,Hierarchical-Collective
0.4,0.0,0.25,0.72,Distributed-Individual
0.56,1.0,0.25,0.69,Hierarchical-Collective
0.43,0.5,0.25,0.82,Hierarchical-Collective
0.4,0.5,0.25,0.72,Distributed-Individual
0.56,1.0,0.25,0.69,Hierarchical-Collective
0.43,0.5,0.25,0.82,Hierarchical-Collective
0.4,0.5,0.25,0.72,Distributed-Individual
0.79,1.0,0.2727,0.86,Hierarchical-Individual
0.5,0.5,0.5227,0.94,Distributed-Individual
0.61,0.5,0.5227,0.73,Hierarchical-Collective
0.5,1.0,0.5227,0.94,Distributed-Individual
0.61,1.0,0.5227,0.73,Hierarchical-Collective
0.5,0.5,0.5227,0.94,Distributed-Individual
0.61,0.5,0.5227,0.73,Hierarchical-Collective
0.5,1.0,0.5227,0.94,Distributed-Individual
0.61,1.0,0.5227,0.73,Hierarchical-Collective
0.62,1.0,0.3864,0.67,Hierarchical-Individual
0.62,0.5,0.3864,0.67,Hierarchical-Individual
0.62,1.0,0.3864,0.67,Hierarchical-Individual
0.84,0.5,0.4545,0.78,Distributed-Collective
0.74,0.5,0.4545,0.76,Distributed-Collective
1.0,0.5,0.4545,0.83,Distributed-Collective
0.4,0.5,0.4545,0.51,Distributed-Individual
0.96,0.5,0.4545,0.77,Hierarchical-Individual
0.45,0.5,0.4545,0.67,Distributed-Collective
0.84,1.0,0.4545,0.78,Distributed-Collective
0.74,1.0,0.4545,0.76,Distributed-Collective
1.0,1.0,0.4545,0.83,Distributed-Collective
0.4,1.0,0.4545,0.51,Distributed-Individual
0.96,1.0,0.4545,0.77,Hierarchical-Individual
0.45,1.0,0.4545,0.67,Distributed-Collective
0.84,1.0,0.4545,0.78,Distributed-Collective
0.74,1.0,0.4545,0.76,Distributed-Collective
1.0,1.0,0.4545,0.83,Distributed-Collective
0.4,1.0,0.4545,0.51,Distributed-Individual
0.96,1.0,0.4545,0.77,Hierarchical-Individual
0.45,1.0,0.4545,0.67,Distributed-Collective
0.84,0.5,0.4545,0.78,Distributed-Collective
0.74,0.5,0.4545,0.76,Distributed-Collective
1.0,0.5,0.4545,0.83,Distributed-Collective
0.4,0.5,0.4545,0.51,Distributed-Individual
0.96,0.5,0.4545,0.77,Hierarchical-Individual
0.45,0.5,0.4545,0.67,Distributed-Collective
0.79,0.0,0.5682,0.67,Distributed-Collective
0.79,0.5,0.5682,0.67,Distributed-Collective
0.96,1.0,0.3636,0.5,Distributed-Collective
0.76,1.0,0.3636,0.6,Distributed-Individual
0.46,1.0,0.3636,0.68,Hierarchical-Individual
0.45,1.0,0.3636,0.82,Distributed-Individual
0.66,1.0,0.3636,0.96,Distributed-Individual
0.96,0.5,0.3636,0.5,Distributed-Collective
0.76,0.5,0.3636,0.6,Distributed-Individual
0.46,0.5,0.3636,0.68,Hierarchical-Individual
0.45,0.5,0.3636,0.82,Distributed-Individual
0.66,0.5,0.3636,0.96,Distributed-Individual
0.96,1.0,0.3636,0.5,Distributed-Collective
0.76,1.0,0.3636,0.6,Distributed-Individual
0.46,1.0,0.3636,0.68,Hierarchical-Individual
0.45,1.0,0.3636,0.82,Distributed-Individual
0.66,1.0,0.3636,0.96,Distributed-Individual
0.96,1.0,0.3636,0.5,Distributed-Collective
0.76,1.0,0.3636,0.6,Distributed-Individual
0.46,1.0,0.3636,0.68,Hierarchical-Individual
0.45,1.0,0.3636,0.82,Distributed-Individual
0.66,1.0,0.3636,0.96,Distributed-Individual
0.96,1.0,0.3636,0.5,Distributed-Collective
0.76,1.0,0.3636,0.6,Distributed-Individual
0.46,1.0,0.3636,0.68,Hierarchical-Individual
0.45,1.0,0.3636,0.82,Distributed-Individual
0.66,1.0,0.3636,0.96,Distributed-Individual
0.76,0.0,0.6591,0.75,Distributed-Individual
1.0,0.5,0.6591,0.59,Distributed-Individual
0.78,0.5,0.6591,0.74,Hierarchical-Individual
0.76,0.5,0.6591,0.75,Distributed-Individual
1.0,1.0,0.6591,0.59,Distributed-Individual
0.78,1.0,0.6591,0.74,Hierarchical-Individual
0.49,0.5,0.6818,0.66,Hierarchical-Individual
0.65,0.5,0.5909,0.88,Distributed-Individual
0.93,0.5,0.5909,0.95,Hierarchical-Collective
0.65,0.5,0.5909,0.88,Distributed-Individual
0.93,0.5,0.5909,0.95,Hierarchical-Collective
0.65,0.0,0.5909,0.88,Distributed-Individual
0.93,0.0,0.5909,0.95,Hierarchical-Collective
0.65,0.0,0.5909,0.88,Distributed-Individual
0.93,0.0,0.5909,0.95,Hierarchical-Collective
0.43,0.5,0.5227,0.89,Hierarchical-Collective
1.0,0.5,0.5227,0.81,Hierarchical-Individual
0.63,0.5,0.5227,0.54,Hierarchical-Collective
0.65,1.0,0.5227,0.93,Distributed-Individual
0.7,0.5,0.5227,0.65,Distributed-Individual
0.5,0.5,0.5227,0.67,Distributed-Collective
0.9,0.5,0.5227,0.89,Hierarchical-Collective
0.51,1.0,0.5227,0.95,Distributed-Collective
0.68,1.0,0.5227,0.67,Hierarchical-Individual
0.43,0.5,0.5227,0.89,Hierarchical-Collective
1.0,0.5,0.5227,0.81,Hierarchical-Individual
0.63,0.5,0.5227,0.54,Hierarchical-Collective
0.65,1.0,0.5227,0.93,Distributed-Individual
0.7,0.5,0.5227,0.65,Distributed-Individual
0.5,0.5,0.5227,0.67,Distributed-Collective
0.9,0.5,0.5227,0.89,Hierarchical-Collective
0.51,1.0,0.5227,0.95,Distributed-Collective
0.68,1.0,0.5227,0.67,Hierarchical-Individual
0.43,0.0,0.5227,0.89,Hierarchical-Collective
1.0,0.0,0.5227,0.81,Hierarchical-Individual
0.63,0.0,0.5227,0.54,Hierarchical-Collective
0.65,0.5,0.5227,0.93,Distributed-Individual
0.7,0.0,0.5227,0.65,Distributed-Individual
0.5,0.0,0.5227,0.67,Distributed-Collective
0.9,0.0,0.5227,0.89,Hierarchical-Collective
0.51,0.5,0.5227,0.95,Distributed-Collective
0.68,0.5,0.5227,0.67,Hierarchical-Individual
0.43,0.5,0.5227,0.89,Hierarchical-Collective
1.0,0.5,0.5227,0.81,Hierarchical-Individual
0.63,0.5,0.5227,0.54,Hierarchical-Collective
0.65,1.0,0.5227,0.93,Distributed-Individual
0.7,0.5,0.5227,0.65,Distributed-Individual
0.5,0.5,0.5227,0.67,Distributed-Collective
0.9,0.5,0.5227,0.89,Hierarchical-Collective
0.51,1.0,0.5227,0.95,Distributed-Collective
0.68,1.0,0.5227,0.67,Hierarchical-Individual
0.43,0.0,0.5227,0.89,Hierarchical-Collective
1.0,0.0,0.5227,0.81,Hierarchical-Individual
0.63,0.0,0.5227,0.54,Hierarchical-Collective
0.65,0.5,0.5227,0.93,Distributed-Individual
0.7,0.0,0.5227,0.65,Distributed-Individual
0.5,0.0,0.5227,0.67,Distributed-Collective
0.9,0.0,0.5227,0.89,Hierarchical-Collective
0.51,0.5,0.5227,0.95,Distributed-Collective
0.68,0.5,0.5227,0.67,Hierarchical-Individual
0.9,1.0,0.25,0.94,Distributed-Collective
0.9,1.0,0.25,0.94,Distributed-Collective
0.9,0.5,0.25,0.94,Distributed-Collective
0.72,0.5,0.3182,0.52,Hierarchical-Collective
0.72,0.5,0.3182,0.52,Hierarchical-Collective
0.72,1.0,0.3182,0.52,Hierarchical-Collective
0.88,0.0,0.5,0.75,Distributed-Collective
0.88,0.5,0.5,0.75,Distributed-Collective
0.88,0.5,0.5,0.75,Distributed-Collective
0.88,0.0,0.5,0.75,Distributed-Collective
0.81,0.0,0.8864,0.89,Hierarchical-Individual
0.7,0.0,0.8864,0.91,Hierarchical-Collective
0.54,0.0,0.8864,0.83,Distributed-Collective
0.4,0.5,0.8864,0.66,Hierarchical-Collective
0.88,0.5,0.8864,0.58,Hierarchical-Collective
0.85,0.5,0.8864,0.62,Distributed-Individual
0.55,0.5,0.5455,0.84,Distributed-Collective
0.56,0.0,0.5455,0.53,Hierarchical-Individual
0.55,1.0,0.5455,0.84,Distributed-Collective
0.56,0.5,0.5455,0.53,Hierarchical-Individual
0.55,1.0,0.5455,0.84,Distributed-Collective
0.56,0.5,0.5455,0.53,Hierarchical-Individual
0.55,0.5,0.5455,0.84,Distributed-Collective
0.56,0.0,0.5455,0.53,Hierarchical-Individual
0.55,0.5,0.5455,0.84,Distributed-Collective
0.56,0.0,0.5455,0.53,Hierarchical-Individual
0.61,0.0,0.5227,0.56,Distributed-Collective
1.0,0.0,0.5227,0.89,Hierarchical-Individual
0.46,0.5,0.5227,0.75,Distributed-Individual
0.54,0.5,0.5227,0.76,Hierarchical-Individual
0.61,0.0,0.5227,0.56,Distributed-Collective
1.0,0.0,0.5227,0.89,Hierarchical-Individual
0.46,0.5,0.5227,0.75,Distributed-Individual
0.54,0.5,0.5227,0.76,Hierarchical-Individual
0.61,0.0,0.5227,0.56,Distributed-Collective
1.0,0.0,0.5227,0.89,Hierarchical-Individual
0.46,0.5,0.5227,0.75,Distributed-Individual
0.54,0.5,0.5227,0.76,Hierarchical-Individual
0.61,0.5,0.5227,0.56,Distributed-Collective
1.0,0.5,0.5227,0.89,Hierarchical-Individual
0.46,1.0,0.5227,0.75,Distributed-Individual
0.54,1.0,0.5227,0.76,Hierarchical-Individual
0.61,0.5,0.5227,0.56,Distributed-Collective
1.0,0.5,0.5227,0.89,Hierarchical-Individual
0.46,1.0,0.5227,0.75,Distributed-Individual
0.54,1.0,0.5227,0.76,Hierarchical-Individual
0.61,0.0,0.5227,0.56,Distributed-Collective
1.0,0.0,0.5227,0.89,Hierarchical-Individual
0.46,0.5,0.5227,0.75,Distributed-Individual
0.54,0.5,0.5227,0.76,Hierarchical-Individual
0.61,0.0,0.5227,0.56,Distributed-Collective
1.0,0.0,0.5227,0.89,Hierarchical-Individual
0.46,0.5,0.5227,0.75,Distributed-Individual
0.54,0.5,0.5227,0.76,Hierarchical-Individual
0.63,0.5,0.5682,0.81,Distributed-Collective
0.9,0.0,0.5682,0.68,Distributed-Collective
0.76,0.5,0.5682,0.67,Distributed-Collective
0.79,0.0,0.5682,0.85,Distributed-Individual
0.97,0.5,0.5682,0.66,Hierarchical-Individual
0.63,1.0,0.5682,0.81,Distributed-Collective
0.9,0.5,0.5682,0.68,Distributed-Collective
0.76,1.0,0.5682,0.67,Distributed-Collective
0.79,0.5,0.5682,0.85,Distributed-Individual
0.97,1.0,0.5682,0.66,Hierarchical-Individual
0.63,1.0,0.5682,0.81,Distributed-Collective
0.9,0.5,0.5682,0.68,Distributed-Collective
0.76,1.0,0.5682,0.67,Distributed-Collective
0.79,0.5,0.5682,0.85,Distributed-Individual
0.97,1.0,0.5682,0.66,Hierarchical-Individual
0.63,1.0,0.5682,0.81,Distributed-Collective
0.9,0.5,0.5682,0.68,Distributed-Collective
0.76,1.0,0.5682,0.67,Distributed-Collective
0.79,0.5,0.5682,0.85,Distributed-Individual
0.97,1.0,0.5682,0.66,Hierarchical-Individual
0.63,1.0,0.5682,0.81,Distributed-Collective
0.9,0.5,0.5682,0.68,Distributed-Collective
0.76,1.0,0.5682,0.67,Distributed-Collective
0.79,0.5,0.5682,0.85,Distributed-Individual
0.97,1.0,0.5682,0.66,Hierarchical-Individual
0.63,1.0,0.5682,0.81,Distributed-Collective
0.9,0.5,0.5682,0.68,Distributed-Collective
0.76,1.0,0.5682,0.67,Distributed-Collective
0.79,0.5,0.5682,0.85,Distributed-Individual
0.97,1.0,0.5682,0.66,Hierarchical-Individual
0.62,1.0,0.7045,0.83,Hierarchical-Individual
0.92,1.0,0.7045,0.5,Hierarchical-Individual
0.85,1.0,0.7045,1.0,Hierarchical-Individual
0.84,1.0,0.7045,0.97,Distributed-Collective
0.9,1.0,0.7045,0.74,Distributed-Collective
0.57,0.5,0.7045,0.92,Hierarchical-Collective
0.92,1.0,0.5455,0.6,Distributed-Collective
0.85,1.0,0.5455,0.96,Hierarchical-Individual
0.97,0.5,0.5455,0.92,Hierarchical-Collective
0.42,1.0,0.5455,0.84,Hierarchical-Individual
0.63,1.0,0.5682,0.55,Hierarchical-Individual
0.97,1.0,0.5682,0.71,Hierarchical-Individual
0.63,0.5,0.5682,0.55,Hierarchical-Individual
0.97,0.5,0.5682,0.71,Hierarchical-Individual
0.63,1.0,0.5682,0.55,Hierarchical-Individual
0.97,1.0,0.5682,0.71,Hierarchical-Individual
0.59,1.0,0.3636,0.69,Distributed-Collective
0.6,0.5,0.3636,0.85,Distributed-Collective
0.81,1.0,0.3636,0.5,Hierarchical-Collective
0.59,1.0,0.3636,0.69,Distributed-Collective
0.6,0.5,0.3636,0.85,Distributed-Collective
0.81,1.0,0.3636,0.5,Hierarchical-Collective
0.59,1.0,0.3636,0.69,Distributed-Collective
0.6,0.5,0.3636,0.85,Distributed-Collective
0.81,1.0,0.3636,0.5,Hierarchical-Collective
0.59,0.5,0.3636,0.69,Distributed-Collective
0.6,0.0,0.3636,0.85,Distributed-Collective
0.81,0.5,0.3636,0.5,Hierarchical-Collective
0.59,0.5,0.3636,0.69,Distributed-Collective
0.6,0.0,0.3636,0.85,Distributed-Collective
0.81,0.5,0.3636,0.5,Hierarchical-Collective
0.59,0.5,0.3636,0.69,Distributed-Collective
0.6,0.0,0.3636,0.85,Distributed-Collective
0.81,0.5,0.3636,0.5,Hierarchical-Collective
0.59,1.0,0.3636,0.69,Distributed-Collective
0.6,0.5,0.3636,0.85,Distributed-Collective
0.81,1.0,0.3636,0.5,Hierarchical-Collective
0.59,1.0,0.3636,0.69,Distributed-Collective
0.6,0.5,0.3636,0.85,Distributed-Collective
0.81,1.0,0.3636,0.5,Hierarchical-Collective
0.59,1.0,0.3636,0.69,Distributed-Collective
0.6,0.5,0.3636,0.85,Distributed-Collective
0.81,1.0,0.3636,0.5,Hierarchical-Collective
0.54,0.5,0.5227,0.69,Distributed-Individual
0.7,0.5,0.5227,0.61,Hierarchical-Individual
0.54,0.5,0.5227,0.69,Distributed-Individual
0.7,0.5,0.5227,0.61,Hierarchical-Individual
0.54,1.0,0.5227,0.69,Distributed-Individual
0.7,1.0,0.5227,0.61,Hierarchical-Individual
0.59,1.0,0.5682,0.74,Hierarchical-Collective
0.59,1.0,0.5682,0.74,Hierarchical-Collective
0.97,0.5,0.6818,0.89,Hierarchical-Collective
0.59,0.5,0.4545,0.78,Hierarchical-Individual
0.71,0.0,0.4545,0.78,Distributed-Collective
0.59,1.0,0.4545,0.78,Hierarchical-Individual
0.71,0.5,0.4545,0.78,Distributed-Collective
0.59,1.0,0.4545,0.78,Hierarchical-Individual
0.71,0.5,0.4545,0.78,Distributed-Collective
0.59,0.5,0.4545,0.78,Hierarchical-Individual
0.71,0.0,0.4545,0.78,Distributed-Collective
0.59,0.5,0.4545,0.78,Hierarchical-Individual
0.71,0.0,0.4545,0.78,Distributed-Collective
0.59,1.0,0.4545,0.78,Hierarchical-Individual
0.71,0.5,0.4545,0.78,Distributed-Collective
0.59,1.0,0.4545,0.78,Hierarchical-Individual
0.71,0.5,0.4545,0.78,Distributed-Collective
0.59,0.5,0.4545,0.78,Hierarchical-Individual
0.71,0.0,0.4545,0.78,Distributed-Collective
0.88,0.5,0.5455,0.76,Distributed-Collective
1.0,0.0,0.5455,0.5,Distributed-Individual
0.78,0.5,0.5455,1.0,Distributed-Collective
0.88,1.0,0.5455,0.76,Distributed-Collective
1.0,0.5,0.5455,0.5,Distributed-Individual
0.78,1.0,0.5455,1.0,Distributed-Collective
0.88,0.5,0.5455,0.76,Distributed-Collective
1.0,0.0,0.5455,0.5,Distributed-Individual
0.78,0.5,0.5455,1.0,Distributed-Collective
0.88,1.0,0.5455,0.76,Distributed-Collective
1.0,0.5,0.5455,0.5,Distributed-Individual
0.78,1.0,0.5455,1.0,Distributed-Collective
0.88,0.5,0.5455,0.76,Distributed-Collective
1.0,0.0,0.5455,0.5,Distributed-Individual
0.78,0.5,0.5455,1.0,Distributed-Collective
0.42,1.0,0.25,0.98,Hierarchical-Collective
0.66,1.0,0.25,0.79,Hierarchical-Collective
0.42,0.0,0.4091,0.97,Hierarchical-Individual
0.42,0.0,0.4091,0.97,Hierarchical-Individual
0.42,0.5,0.4091,0.97,Hierarchical-Individual
0.42,0.5,0.4091,0.97,Hierarchical-Individual
0.42,0.5,0.4091,0.97,Hierarchical-Individual
0.42,0.5,0.4091,0.97,Hierarchical-Individual
0.42,0.5,0.4091,0.97,Hierarchical-Individual
0.42,0.0,0.4091,0.97,Hierarchical-Individual
0.95,0.5,0.5227,0.86,Distributed-Collective
0.41,0.5,0.5227,0.7,Distributed-Individual
0.44,1.0,0.5227,0.93,Hierarchical-Individual
0.62,1.0,0.5227,0.74,Distributed-Collective
0.95,0.0,0.5227,0.86,Distributed-Collective
0.41,0.0,0.5227,0.7,Distributed-Individual
0.44,0.5,0.5227,0.93,Hierarchical-Individual
0.62,0.5,0.5227,0.74,Distributed-Collective
0.95,0.5,0.5227,0.86,Distributed-Collective
0.41,0.5,0.5227,0.7,Distributed-Individual
0.44,1.0,0.5227,0.93,Hierarchical-Individual
0.62,1.0,0.5227,0.74,Distributed-Collective
0.95,0.5,0.5227,0.86,Distributed-Collective
0.41,0.5,0.5227,0.7,Distributed-Individual
0.44,1.0,0.5227,0.93,Hierarchical-Individual
0.62,1.0,0.5227,0.74,Distributed-Collective
0.95,0.0,0.5227,0.86,Distributed-Collective
0.41,0.0,0.5227,0.7,Distributed-Individual
0.44,0.5,0.5227,0.93,Hierarchical-Individual
0.62,0.5,0.5227,0.74,Distributed-Collective
0.95,0.5,0.5227,0.86,Distributed-Collective
0.41,0.5,0.5227,0.7,Distributed-Individual
0.44,1.0,0.5227,0.93,Hierarchical-Individual
0.62,1.0,0.5227,0.74,Distributed-Collective
0.47,0.5,0.1591,0.62,Distributed-Collective
0.4,0.5,0.1591,0.65,Hierarchical-Collective
0.73,0.0,0.6136,0.74,Distributed-Collective
0.52,0.5,0.6136,0.5,Hierarchical-Individual
0.73,0.0,0.6136,0.74,Distributed-Collective
0.52,0.5,0.6136,0.5,Hierarchical-Individual
0.73,0.0,0.6136,0.74,Distributed-Collective
0.52,0.5,0.6136,0.5,Hierarchical-Individual
0.83,1.0,0.2045,0.53,Distributed-Collective
0.99,1.0,0.2045,0.64,Distributed-Individual
0.57,1.0,0.2045,0.62,Distributed-Collective
0.83,0.5,0.2045,0.53,Distributed-Collective
0.99,0.5,0.2045,0.64,Distributed-Individual
0.57,0.5,0.2045,0.62,Distributed-Collective
0.83,0.5,0.2045,0.53,Distributed-Collective
0.99,0.5,0.2045,0.64,Distributed-Individual
0.57,0.5,0.2045,0.62,Distributed-Collective
0.83,0.5,0.3182,0.52,Distributed-Individual
0.7,0.0,0.3182,0.97,Distributed-Collective
0.91,0.0,0.3182,0.68,Hierarchical-Individual
0.59,0.0,0.3182,0.6,Hierarchical-Individual
0.83,1.0,0.3182,0.52,Distributed-Individual
0.7,0.5,0.3182,0.97,Distributed-Collective
0.91,0.5,0.3182,0.68,Hierarchical-Individual
0.59,0.5,0.3182,0.6,Hierarchical-Individual
0.83,1.0,0.3182,0.52,Distributed-Individual
0.7,0.5,0.3182,0.97,Distributed-Collective
0.91,0.5,0.3182,0.68,Hierarchical-Individual
0.59,0.5,0.3182,0.6,Hierarchical-Individual
0.83,1.0,0.3182,0.52,Distributed-Individual
0.7,0.5,0.3182,0.97,Distributed-Collective
0.91,0.5,0.3182,0.68,Hierarchical-Individual
0.59,0.5,0.3182,0.6,Hierarchical-Individual
0.83,0.5,0.3182,0.52,Distributed-Individual
0.7,0.0,0.3182,0.97,Distributed-Collective
0.91,0.0,0.3182,0.68,Hierarchical-Individual
0.59,0.0,0.3182,0.6,Hierarchical-Individual
0.83,1.0,0.3182,0.52,Distributed-Individual
0.7,0.5,0.3182,0.97,Distributed-Collective
0.91,0.5,0.3182,0.68,Hierarchical-Individual
0.59,0.5,0.3182,0.6,Hierarchical-Individual
0.83,0.5,0.3182,0.52,Distributed-Individual
0.7,0.0,0.3182,0.97,Distributed-Collective
0.91,0.0,0.3182,0.68,Hierarchical-Individual
0.59,0.0,0.3182,0.6,Hierarchical-Individual
0.49,0.5,0.25,0.92,Hierarchical-Collective
0.59,0.0,0.25,0.87,Distributed-Collective
0.49,1.0,0.25,0.92,Hierarchical-Collective
0.59,0.5,0.25,0.87,Distributed-Collective
0.49,0.5,0.25,0.92,Hierarchical-Collective
0.59,0.0,0.25,0.87,Distributed-Collective
0.98,0.5,0.2273,0.96,Hierarchical-Collective
1.0,1.0,0.2273,0.66,Distributed-Individual
0.71,1.0,0.6591,0.89,Distributed-Collective
0.5,1.0,0.6591,0.94,Hierarchical-Individual
1.0,0.5,0.6591,0.81,Hierarchical-Collective
0.86,1.0,0.2727,0.93,Hierarchical-Collective
0.86,0.5,0.2727,0.93,Hierarchical-Collective
0.86,0.5,0.2727,0.93,Hierarchical-Collective
0.86,1.0,0.2727,0.93,Hierarchical-Collective
0.65,0.5,0.4091,0.63,Distributed-Individual
0.89,1.0,0.4091,0.91,Hierarchical-Individual
0.7,1.0,0.4091,0.71,Distributed-Individual
0.65,0.5,0.4091,0.63,Distributed-Individual
0.89,1.0,0.4091,0.91,Hierarchical-Individual
0.7,1.0,0.4091,0.71,Distributed-Individual
0.65,0.0,0.4091,0.63,Distributed-Individual
0.89,0.5,0.4091,0.91,Hierarchical-Individual
0.7,0.5,0.4091,0.71,Distributed-Individual
0.65,0.0,0.4091,0.63,Distributed-Individual
0.89,0.5,0.4091,0.91,Hierarchical-Individual
0.7,0.5,0.4091,0.71,Distributed-Individual
0.65,0.5,0.4091,0.63,Distributed-Individual
0.89,1.0,0.4091,0.91,Hierarchical-Individual
0.7,1.0,0.4091,0.71,Distributed-Individual
0.65,0.0,0.4091,0.63,Distributed-Individual
0.89,0.5,0.4091,0.91,Hierarchical-Individual
0.7,0.5,0.4091,0.71,Distributed-Individual
0.65,0.5,0.4091,0.63,Distributed-Individual
0.89,1.0,0.4091,0.91,Hierarchical-Individual
0.7,1.0,0.4091,0.71,Distributed-Individual
0.65,1.0,0.3182,0.64,Distributed-Individual
0.55,1.0,0.3182,0.95,Hierarchical-Collective
0.69,0.5,0.5682,0.63,Hierarchical-Collective
0.4,0.0,0.5682,0.55,Distributed-Collective
1.0,0.5,0.5682,0.56,Distributed-Collective
0.69,1.0,0.5682,0.63,Hierarchical-Collective
0.4,0.5,0.5682,0.55,Distributed-Collective
1.0,1.0,0.5682,0.56,Distributed-Collective
0.69,1.0,0.5682,0.63,Hierarchical-Collective
0.4,0.5,0.5682,0.55,Distributed-Collective
1.0,1.0,0.5682,0.56,Distributed-Collective
0.69,0.5,0.5682,0.63,Hierarchical-Collective
0.4,0.0,0.5682,0.55,Distributed-Collective
1.0,0.5,0.5682,0.56,Distributed-Collective
0.49,0.0,0.5909,0.94,Distributed-Collective
0.6,0.0,0.5909,0.55,Hierarchical-Collective
0.49,0.5,0.5909,0.94,Distributed-Collective
0.6,0.5,0.5909,0.55,Hierarchical-Collective
0.81,1.0,0.4091,0.99,Hierarchical-Individual
0.45,1.0,0.4091,0.61,Hierarchical-Collective
0.81,1.0,0.4091,0.99,Hierarchical-Individual
0.45,1.0,0.4091,0.61,Hierarchical-Collective
0.46,0.5,0.2727,0.98,Distributed-Collective
0.63,1.0,0.2727,0.78,Distributed-Collective
0.7,0.5,0.6591,0.8,Distributed-Individual
0.75,0.5,0.6591,0.74,Hierarchical-Collective
0.7,1.0,0.6591,0.8,Distributed-Individual
0.75,1.0,0.6591,0.74,Hierarchical-Collective
0.7,1.0,0.6591,0.8,Distributed-Individual
0.75,1.0,0.6591,0.74,Hierarchical-Collective
0.7,0.5,0.6591,0.8,Distributed-Individual
0.75,0.5,0.6591,0.74,Hierarchical-Collective
1.0,0.5,0.2727,0.51,Hierarchical-Individual
1.0,0.0,0.2727,0.51,Hierarchical-Individual
1.0,0.0,0.2727,0.51,Hierarchical-Individual
0.92,0.5,0.5909,0.68,Hierarchical-Collective
0.92,0.0,0.5909,0.68,Hierarchical-Collective
0.92,0.5,0.5909,0.68,Hierarchical-Collective
0.64,0.0,0.4545,0.78,Hierarchical-Collective
0.77,0.5,0.4545,0.87,Distributed-Collective
0.48,0.0,0.4545,0.77,Distributed-Individual
0.46,0.5,0.4545,0.75,Hierarchical-Collective
0.64,0.5,0.4545,0.78,Hierarchical-Collective
0.77,1.0,0.4545,0.87,Distributed-Collective
0.48,0.5,0.4545,0.77,Distributed-Individual
0.46,1.0,0.4545,0.75,Hierarchical-Collective
0.64,0.0,0.4545,0.78,Hierarchical-Collective
0.77,0.5,0.4545,0.87,Distributed-Collective
0.48,0.0,0.4545,0.77,Distributed-Individual
0.46,0.5,0.4545,0.75,Hierarchical-Collective
0.62,1.0,0.25,0.51,Hierarchical-Individual
0.82,1.0,0.25,0.74,Distributed-Collective
0.62,1.0,0.25,0.51,Hierarchical-Individual
0.82,1.0,0.25,0.74,Distributed-Collective
0.49,0.5,0.5682,0.8,Distributed-Individual
0.48,1.0,0.5682,0.6,Hierarchical-Collective
0.49,0.5,0.5682,0.8,Distributed-Individual
0.48,1.0,0.5682,0.6,Hierarchical-Collective
0.49,0.5,0.5682,0.8,Distributed-Individual
0.48,1.0,0.5682,0.6,Hierarchical-Collective
0.49,0.5,0.5682,0.8,Distributed-Individual
0.48,1.0,0.5682,0.6,Hierarchical-Collective
0.49,0.5,0.5682,0.8,Distributed-Individual
0.48,1.0,0.5682,0.6,Hierarchical-Collective
0.86,1.0,0.2727,0.79,Hierarchical-Collective
0.93,1.0,0.2727,0.54,Hierarchical-Collective
0.86,0.5,0.2727,0.79,Hierarchical-Collective
0.93,0.5,0.2727,0.54,Hierarchical-Collective
0.92,1.0,0.4545,0.61,Distributed-Collective
0.86,1.0,0.4545,0.55,Hierarchical-Collective
0.92,0.5,0.4545,0.61,Distributed-Collective
0.86,0.5,0.4545,0.55,Hierarchical-Collective
0.92,1.0,0.4545,0.61,Distributed-Collective
0.86,1.0,0.4545,0.55,Hierarchical-Collective
0.92,1.0,0.4545,0.61,Distributed-Collective
0.86,1.0,0.4545,0.55,Hierarchical-Collective
0.92,0.5,0.4545,0.61,Distributed-Collective
0.86,0.5,0.4545,0.55,Hierarchical-Collective
0.92,1.0,0.4545,0.61,Distributed-Collective
0.86,1.0,0.4545,0.55,Hierarchical-Collective
0.92,1.0,0.4545,0.61,Distributed-Collective
0.86,1.0,0.4545,0.55,Hierarchical-Collective
0.82,0.0,0.3636,0.68,Distributed-Collective
0.97,0.0,0.3636,0.53,Hierarchical-Individual
0.73,0.5,0.3636,0.86,Hierarchical-Collective
0.82,0.0,0.3636,0.68,Distributed-Collective
0.97,0.0,0.3636,0.53,Hierarchical-Individual
0.73,0.5,0.3636,0.86,Hierarchical-Collective
0.94,1.0,0.3864,0.83,Hierarchical-Collective
0.94,0.5,0.3864,0.83,Hierarchical-Collective
0.94,1.0,0.3864,0.83,Hierarchical-Collective
0.94,1.0,0.3864,0.83,Hierarchical-Collective
0.94,0.5,0.3864,0.83,Hierarchical-Collective
0.94,1.0,0.3864,0.83,Hierarchical-Collective
0.94,0.5,0.3864,0.83,Hierarchical-Collective
0.98,1.0,0.7727,0.54,Hierarchical-Individual
0.87,0.5,0.7727,0.77,Hierarchical-Individual
0.93,0.5,0.6591,0.79,Hierarchical-Collective
0.47,0.5,0.6591,0.76,Hierarchical-Collective
0.97,1.0,0.6591,0.76,Hierarchical-Collective
0.8,1.0,0.2727,0.78,Hierarchical-Collective
0.74,0.5,0.2727,0.76,Hierarchical-Collective
0.63,1.0,0.2727,0.67,Hierarchical-Individual
0.67,1.0,0.2727,0.93,Distributed-Collective
0.8,0.5,0.2727,0.78,Hierarchical-Collective
0.74,0.0,0.2727,0.76,Hierarchical-Collective
0.63,0.5,0.2727,0.67,Hierarchical-Individual
0.67,0.5,0.2727,0.93,Distributed-Collective
0.8,1.0,0.2727,0.78,Hierarchical-Collective
0.74,0.5,0.2727,0.76,Hierarchical-Collective
0.63,1.0,0.2727,0.67,Hierarchical-Individual
0.67,1.0,0.2727,0.93,Distributed-Collective
0.8,1.0,0.2727,0.78,Hierarchical-Collective
0.74,0.5,0.2727,0.76,Hierarchical-Collective
0.63,1.0,0.2727,0.67,Hierarchical-Individual
0.67,1.0,0.2727,0.93,Distributed-Collective
0.8,1.0,0.2727,0.78,Hierarchical-Collective
0.74,0.5,0.2727,0.76,Hierarchical-Collective
0.63,1.0,0.2727,0.67,Hierarchical-Individual
0.67,1.0,0.2727,0.93,Distributed-Collective
0.53,0.5,0.3636,0.8,Distributed-Collective
0.66,0.0,0.3636,0.53,Hierarchical-Individual
0.53,0.5,0.3636,0.8,Distributed-Collective
0.66,0.0,0.3636,0.53,Hierarchical-Individual
0.53,0.5,0.3636,0.8,Distributed-Collective
0.66,0.0,0.3636,0.53,Hierarchical-Individual
0.62,1.0,0.7273,0.87,Distributed-Individual
0.69,1.0,0.7273,0.83,Hierarchical-Collective
0.52,0.5,0.7273,0.58,Distributed-Collective
0.62,1.0,0.7273,0.87,Distributed-Individual
0.69,1.0,0.7273,0.83,Hierarchical-Collective
0.52,0.5,0.7273,0.58,Distributed-Collective
0.68,1.0,0.4545,0.95,Distributed-Individual
0.57,1.0,0.4545,0.77,Hierarchical-Collective
0.48,1.0,0.4545,0.93,Hierarchical-Individual
0.51,1.0,0.4545,0.54,Distributed-Individual
0.73,1.0,0.4545,0.95,Distributed-Collective
0.75,1.0,0.4545,0.95,Distributed-Collective
0.68,1.0,0.4545,0.95,Distributed-Individual
0.57,1.0,0.4545,0.77,Hierarchical-Collective
0.48,1.0,0.4545,0.93,Hierarchical-Individual
0.51,1.0,0.4545,0.54,Distributed-Individual
0.73,1.0,0.4545,0.95,Distributed-Collective
0.75,1.0,0.4545,0.95,Distributed-Collective
0.68,0.5,0.4545,0.95,Distributed-Individual
0.57,0.5,0.4545,0.77,Hierarchical-Collective
0.48,0.5,0.4545,0.93,Hierarchical-Individual
0.51,0.5,0.4545,0.54,Distributed-Individual
0.73,0.5,0.4545,0.95,Distributed-Collective
0.75,0.5,0.4545,0.95,Distributed-Collective
0.68,1.0,0.3864,0.81,Hierarchical-Individual
0.68,0.5,0.3864,0.81,Hierarchical-Individual
0.77,1.0,0.6591,0.93,Hierarchical-Collective
0.9,0.5,0.6591,0.86,Hierarchical-Collective
0.67,1.0,0.4091,0.96,Hierarchical-Individual
0.67,0.5,0.4091,0.96,Hierarchical-Individual
0.67,0.5,0.4091,0.96,Hierarchical-Individual
0.67,0.5,0.4091,0.96,Hierarchical-Individual
0.52,0.0,0.8636,0.64,Hierarchical-Individual
0.81,0.5,0.8636,0.9,Distributed-Individual
0.89,0.5,0.8636,0.8,Hierarchical-Collective
0.78,1.0,0.6136,0.75,Hierarchical-Individual
0.91,1.0,0.6136,0.55,Distributed-Collective
0.87,0.0,0.4318,0.98,Distributed-Individual
0.72,0.5,0.4318,0.77,Distributed-Individual
0.87,0.0,0.4318,0.98,Distributed-Individual
0.72,0.5,0.4318,0.77,Distributed-Individual
0.87,0.0,0.4318,0.98,Distributed-Individual
0.72,0.5,0.4318,0.77,Distributed-Individual
0.87,0.5,0.4318,0.98,Distributed-Individual
0.72,1.0,0.4318,0.77,Distributed-Individual
0.87,0.5,0.4318,0.98,Distributed-Individual
0.72,1.0,0.4318,0.77,Distributed-Individual
0.84,0.5,0.8636,0.83,Hierarchical-Individual
0.54,0.5,0.8636,0.75,Distributed-Individual
0.9,0.5,0.8636,0.93,Hierarchical-Individual
0.81,0.5,0.5909,0.84,Distributed-Collective
0.81,0.5,0.5909,0.84,Distributed-Collective
0.81,1.0,0.5909,0.84,Distributed-Collective
0.81,0.5,0.5909,0.84,Distributed-Collective
0.55,1.0,0.7273,0.96,Distributed-Individual
0.55,1.0,0.7273,0.96,Distributed-Individual
0.4,1.0,0.2955,0.76,Hierarchical-Individual
0.68,0.5,0.2955,0.81,Hierarchical-Collective
0.4,1.0,0.2955,0.76,Hierarchical-Individual
0.68,0.5,0.2955,0.81,Hierarchical-Collective
0.4,0.5,0.3182,0.99,Hierarchical-Individual
0.4,1.0,0.3182,0.99,Hierarchical-Individual
0.4,0.5,0.3182,0.99,Hierarchical-Individual
0.4,1.0,0.3182,0.99,Hierarchical-Individual
0.81,0.0,0.3182,0.8,Distributed-Collective
0.86,0.5,0.3182,0.57,Distributed-Individual
0.81,0.0,0.3182,0.8,Distributed-Collective
0.86,0.5,0.3182,0.57,Distributed-Individual
0.81,0.0,0.3182,0.8,Distributed-Collective
0.86,0.5,0.3182,0.57,Distributed-Individual
0.81,0.5,0.3182,0.8,Distributed-Collective
0.86,1.0,0.3182,0.57,Distributed-Individual
0.81,0.0,0.3182,0.8,Distributed-Collective
0.86,0.5,0.3182,0.57,Distributed-Individual
0.52,0.5,0.3864,0.91,Distributed-Individual
0.92,0.5,0.3864,0.75,Hierarchical-Individual
0.52,0.5,0.3864,0.91,Distributed-Individual
0.92,0.5,0.3864,0.75,Hierarchical-Individual
0.52,0.5,0.3864,0.91,Distributed-Individual
0.92,0.5,0.3864,0.75,Hierarchical-Individual
0.92,1.0,0.2955,0.64,Distributed-Individual
0.41,1.0,0.2955,0.93,Distributed-Collective
0.51,1.0,0.2955,0.66,Distributed-Individual
0.92,0.5,0.2955,0.64,Distributed-Individual
0.41,0.5,0.2955,0.93,Distributed-Collective
0.51,0.5,0.2955,0.66,Distributed-Individual
0.92,0.5,0.2955,0.64,Distributed-Individual
0.41,0.5,0.2955,0.93,Distributed-Collective
0.51,0.5,0.2955,0.66,Distributed-Individual
0.55,0.5,0.4318,0.79,Distributed-Collective
0.91,1.0,0.4318,0.63,Hierarchical-Individual
0.55,0.5,0.4318,0.79,Distributed-Collective
0.91,1.0,0.4318,0.63,Hierarchical-Individual
0.55,0.5,0.4318,0.79,Distributed-Collective
0.91,1.0,0.4318,0.63,Hierarchical-Individual
0.87,1.0,0.7955,0.56,Hierarchical-Collective
0.97,0.0,0.2045,1.0,Distributed-Collective
0.7,0.0,0.2045,0.6,Distributed-Individual
0.44,0.5,0.2045,0.65,Distributed-Individual
0.97,0.0,0.2045,1.0,Distributed-Collective
0.7,0.0,0.2045,0.6,Distributed-Individual
0.44,0.5,0.2045,0.65,Distributed-Individual
0.64,1.0,0.3409,0.87,Hierarchical-Individual
0.61,0.5,0.3409,0.93,Distributed-Individual
0.64,0.5,0.3409,0.87,Hierarchical-Individual
0.61,0.0,0.3409,0.93,Distributed-Individual
0.64,1.0,0.3409,0.87,Hierarchical-Individual
0.61,0.5,0.3409,0.93,Distributed-Individual
0.64,0.5,0.3409,0.87,Hierarchical-Individual
0.61,0.0,0.3409,0.93,Distributed-Individual
0.64,0.5,0.3409,0.87,Hierarchical-Individual
0.61,0.0,0.3409,0.93,Distributed-Individual
0.64,0.5,0.3409,0.87,Hierarchical-Individual
0.61,0.0,0.3409,0.93,Distributed-Individual
0.64,1.0,0.3409,0.87,Hierarchical-Individual
0.61,0.5,0.3409,0.93,Distributed-Individual
0.64,0.5,0.3409,0.87,Hierarchical-Individual
0.61,0.0,0.3409,0.93,Distributed-Individual
0.93,1.0,0.3409,0.69,Distributed-Individual
0.94,0.5,0.3409,0.63,Distributed-Collective
0.61,1.0,0.3409,0.9,Hierarchical-Individual
0.93,0.5,0.3409,0.69,Distributed-Individual
0.94,0.0,0.3409,0.63,Distributed-Collective
0.61,0.5,0.3409,0.9,Hierarchical-Individual
0.93,0.5,0.3409,0.69,Distributed-Individual
0.94,0.0,0.3409,0.63,Distributed-Collective
0.61,0.5,0.3409,0.9,Hierarchical-Individual
0.93,0.5,0.3409,0.69,Distributed-Individual
0.94,0.0,0.3409,0.63,Distributed-Collective
0.61,0.5,0.3409,0.9,Hierarchical-Individual
0.93,1.0,0.3409,0.69,Distributed-Individual
0.94,0.5,0.3409,0.63,Distributed-Collective
0.61,1.0,0.3409,0.9,Hierarchical-Individual
0.93,1.0,0.3409,0.69,Distributed-Individual
0.94,0.5,0.3409,0.63,Distributed-Collective
0.61,1.0,0.3409,0.9,Hierarchical-Individual
0.93,1.0,0.3409,0.69,Distributed-Individual
0.94,0.5,0.3409,0.63,Distributed-Collective
0.61,1.0,0.3409,0.9,Hierarchical-Individual
0.47,0.5,0.25,0.63,Hierarchical-Individual
0.64,1.0,0.25,0.52,Distributed-Collective
0.78,1.0,0.25,0.74,Hierarchical-Individual
0.44,1.0,0.25,0.79,Hierarchical-Collective
0.52,0.5,0.25,0.94,Distributed-Collective
0.57,0.0,0.8182,0.71,Hierarchical-Collective
0.88,0.0,0.8182,0.62,Distributed-Collective
0.55,0.5,0.6591,0.57,Distributed-Collective
0.61,0.5,0.6591,0.89,Distributed-Individual
0.42,0.5,0.5,0.86,Hierarchical-Individual
0.66,0.0,0.5,0.82,Distributed-Individual
0.42,0.5,0.5,0.86,Hierarchical-Individual
0.66,0.0,0.5,0.82,Distributed-Individual
0.93,0.5,0.7045,0.58,Hierarchical-Individual
0.91,0.5,0.7045,0.51,Hierarchical-Individual
0.93,1.0,0.7045,0.91,Distributed-Collective
0.99,0.5,0.7045,0.55,Hierarchical-Collective
0.72,1.0,0.2727,0.73,Distributed-Individual
0.45,0.5,0.2727,0.83,Distributed-Individual
0.44,1.0,0.2727,0.81,Hierarchical-Individual
0.72,1.0,0.2727,0.73,Distributed-Individual
0.45,0.5,0.2727,0.83,Distributed-Individual
0.44,1.0,0.2727,0.81,Hierarchical-Individual
0.72,0.5,0.2727,0.73,Distributed-Individual
0.45,0.0,0.2727,0.83,Distributed-Individual
0.44,0.5,0.2727,0.81,Hierarchical-Individual
0.72,0.5,0.2727,0.73,Distributed-Individual
0.45,0.0,0.2727,0.83,Distributed-Individual
0.44,0.5,0.2727,0.81,Hierarchical-Individual
0.72,0.5,0.2727,0.73,Distributed-Individual
0.45,0.0,0.2727,0.83,Distributed-Individual
0.44,0.5,0.2727,0.81,Hierarchical-Individual
0.72,1.0,0.2727,0.73,Distributed-Individual
0.45,0.5,0.2727,0.83,Distributed-Individual
0.44,1.0,0.2727,0.81,Hierarchical-Individual
0.81,1.0,0.3864,0.54,Hierarchical-Individual
0.6,1.0,0.3864,0.96,Distributed-Individual
0.81,0.5,0.3864,0.54,Hierarchical-Individual
0.6,0.5,0.3864,0.96,Distributed-Individual
0.81,1.0,0.3864,0.54,Hierarchical-Individual
0.6,1.0,0.3864,0.96,Distributed-Individual
0.81,0.5,0.3864,0.54,Hierarchical-Individual
0.6,0.5,0.3864,0.96,Distributed-Individual
0.59,1.0,0.1591,0.62,Hierarchical-Individual
0.84,0.5,0.1591,0.98,Distributed-Collective
0.41,0.0,0.2045,0.8,Distributed-Collective
0.96,0.5,0.2045,0.5,Hierarchical-Individual
0.57,1.0,0.1591,0.95,Hierarchical-Individual
0.69,0.5,0.1591,0.97,Hierarchical-Collective
0.51,0.5,0.1591,0.57,Hierarchical-Individual
0.64,1.0,0.5455,0.51,Distributed-Individual
0.94,1.0,0.5455,0.5,Hierarchical-Individual
0.71,1.0,0.5455,0.99,Distributed-Individual
0.42,1.0,0.5455,0.53,Hierarchical-Collective
0.66,1.0,0.5455,0.72,Distributed-Individual
0.64,0.5,0.5455,0.51,Distributed-Individual
0.94,0.5,0.5455,0.5,Hierarchical-Individual
0.71,0.5,0.5455,0.99,Distributed-Individual
0.42,0.5,0.5455,0.53,Hierarchical-Collective
0.66,0.5,0.5455,0.72,Distributed-Individual
0.64,1.0,0.5455,0.51,Distributed-Individual
0.94,1.0,0.5455,0.5,Hierarchical-Individual
0.71,1.0,0.5455,0.99,Distributed-Individual
0.42,1.0,0.5455,0.53,Hierarchical-Collective
0.66,1.0,0.5455,0.72,Distributed-Individual
0.41,1.0,0.6591,0.78,Hierarchical-Collective
0.41,1.0,0.6591,0.78,Hierarchical-Collective
0.41,0.5,0.6591,0.78,Hierarchical-Collective
0.85,1.0,0.6364,0.65,Hierarchical-Collective
0.85,0.5,0.6364,0.65,Hierarchical-Collective
0.85,0.5,0.6364,0.65,Hierarchical-Collective
0.51,1.0,0.6818,0.58,Hierarchical-Individual
0.51,1.0,0.6818,0.58,Hierarchical-Individual
0.83,0.0,0.3182,0.77,Distributed-Individual
0.79,0.0,0.3182,0.57,Hierarchical-Collective
0.83,0.5,0.3182,0.77,Distributed-Individual
0.79,0.5,0.3182,0.57,Hierarchical-Collective
0.79,0.5,0.7045,0.97,Hierarchical-Individual
0.97,0.5,0.7045,0.79,Distributed-Collective
0.88,1.0,0.4318,0.87,Hierarchical-Individual
0.87,1.0,0.4318,0.5,Distributed-Collective
0.88,0.5,0.4318,0.87,Hierarchical-Individual
0.87,0.5,0.4318,0.5,Distributed-Collective
0.91,1.0,0.3409,0.86,Distributed-Individual
0.72,0.5,0.3409,0.91,Hierarchical-Individual
0.91,1.0,0.3409,0.86,Distributed-Individual
0.72,0.5,0.3409,0.91,Hierarchical-Individual
0.99,1.0,0.4091,0.98,Distributed-Collective
0.66,0.5,0.4091,0.68,Distributed-Collective
1.0,1.0,0.4091,0.81,Hierarchical-Individual
0.99,0.5,0.4091,0.98,Distributed-Collective
0.66,0.0,0.4091,0.68,Distributed-Collective
1.0,0.5,0.4091,0.81,Hierarchical-Individual
0.99,0.5,0.4091,0.98,Distributed-Collective
0.66,0.0,0.4091,0.68,Distributed-Collective
1.0,0.5,0.4091,0.81,Hierarchical-Individual
0.99,1.0,0.4091,0.98,Distributed-Collective
0.66,0.5,0.4091,0.68,Distributed-Collective
1.0,1.0,0.4091,0.81,Hierarchical-Individual
0.81,1.0,0.2727,0.51,Distributed-Collective
0.9,1.0,0.2727,0.57,Hierarchical-Collective
0.81,0.5,0.2727,0.51,Distributed-Collective
0.9,0.5,0.2727,0.57,Hierarchical-Collective
0.81,1.0,0.2727,0.51,Distributed-Collective
0.9,1.0,0.2727,0.57,Hierarchical-Collective
0.49,1.0,0.6591,0.9,Distributed-Individual
0.67,1.0,0.2955,0.86,Hierarchical-Individual
0.98,1.0,0.2955,0.69,Hierarchical-Collective
0.57,1.0,0.2955,0.58,Hierarchical-Collective
0.67,0.5,0.2955,0.86,Hierarchical-Individual
0.98,0.5,0.2955,0.69,Hierarchical-Collective
0.57,0.5,0.2955,0.58,Hierarchical-Collective
0.79,0.0,0.3409,0.51,Distributed-Individual
0.96,0.0,0.3409,0.8,Hierarchical-Collective
0.47,0.0,0.3409,0.6,Hierarchical-Individual
0.79,0.5,0.3409,0.51,Distributed-Individual
0.96,0.5,0.3409,0.8,Hierarchical-Collective
0.47,0.5,0.3409,0.6,Hierarchical-Individual
0.79,0.5,0.3409,0.51,Distributed-Individual
0.96,0.5,0.3409,0.8,Hierarchical-Collective
0.47,0.5,0.3409,0.6,Hierarchical-Individual
0.86,1.0,0.3182,0.64,Hierarchical-Collective
0.64,1.0,0.3182,0.92,Distributed-Individual
0.86,1.0,0.3182,0.64,Hierarchical-Collective
0.64,1.0,0.3182,0.92,Distributed-Individual
0.81,0.5,0.2727,0.63,Distributed-Individual
0.81,0.0,0.2727,0.63,Distributed-Individual
0.52,0.5,0.3636,0.57,Hierarchical-Collective
0.62,0.0,0.3636,0.79,Distributed-Collective
0.52,0.5,0.3636,0.57,Hierarchical-Collective
0.62,0.0,0.3636,0.79,Distributed-Collective
0.52,1.0,0.3636,0.57,Hierarchical-Collective
0.62,0.5,0.3636,0.79,Distributed-Collective
0.51,0.0,0.5,0.61,Hierarchical-Individual
0.94,0.5,0.5,0.87,Hierarchical-Collective
0.5,0.5,0.5,0.62,Hierarchical-Individual
0.51,0.5,0.5,0.61,Hierarchical-Individual
0.94,1.0,0.5,0.87,Hierarchical-Collective
0.5,1.0,0.5,0.62,Hierarchical-Individual
0.51,0.5,0.5,0.61,Hierarchical-Individual
0.94,1.0,0.5,0.87,Hierarchical-Collective
0.5,1.0,0.5,0.62,Hierarchical-Individual
0.97,1.0,0.4091,0.5,Distributed-Collective
0.96,1.0,0.4091,0.76,Distributed-Collective
0.97,1.0,0.4091,0.5,Distributed-Collective
0.96,1.0,0.4091,0.76,Distributed-Collective
0.97,1.0,0.4091,0.5,Distributed-Collective
0.96,1.0,0.4091,0.76,Distributed-Collective
0.75,0.5,0.25,0.53,Distributed-Individual
0.67,0.5,0.25,0.96,Hierarchical-Individual
0.42,1.0,0.25,0.86,Distributed-Collective
0.86,1.0,0.25,0.6,Distributed-Collective
0.53,1.0,0.3182,0.5,Distributed-Collective
0.73,1.0,0.3182,0.52,Distributed-Collective
0.56,1.0,0.3182,0.76,Hierarchical-Individual
0.94,1.0,0.3182,0.8,Distributed-Individual
0.53,0.5,0.3182,0.5,Distributed-Collective
0.73,0.5,0.3182,0.52,Distributed-Collective
0.56,0.5,0.3182,0.76,Hierarchical-Individual
0.94,0.5,0.3182,0.8,Distributed-Individual
0.53,1.0,0.3182,0.5,Distributed-Collective
0.73,1.0,0.3182,0.52,Distributed-Collective
0.56,1.0,0.3182,0.76,Hierarchical-Individual
0.94,1.0,0.3182,0.8,Distributed-Individual
0.99,1.0,0.4545,0.88,Hierarchical-Collective
0.66,0.5,0.4545,0.94,Hierarchical-Collective
0.94,1.0,0.4545,0.66,Distributed-Individual
0.99,0.5,0.4545,0.88,Hierarchical-Collective
0.66,0.0,0.4545,0.94,Hierarchical-Collective
0.94,0.5,0.4545,0.66,Distributed-Individual
0.99,1.0,0.4545,0.88,Hierarchical-Collective
0.66,0.5,0.4545,0.94,Hierarchical-Collective
0.94,1.0,0.4545,0.66,Distributed-Individual
0.99,1.0,0.4545,0.88,Hierarchical-Collective
0.66,0.5,0.4545,0.94,Hierarchical-Collective
0.94,1.0,0.4545,0.66,Distributed-Individual
0.99,0.5,0.4545,0.88,Hierarchical-Collective
0.66,0.0,0.4545,0.94,Hierarchical-Collective
0.94,0.5,0.4545,0.66,Distributed-Individual
0.42,1.0,0.6591,0.84,Hierarchical-Individual
0.91,1.0,0.6591,0.65,Hierarchical-Collective
0.76,1.0,0.6591,0.71,Hierarchical-Collective
0.97,1.0,0.6591,0.75,Distributed-Individual
0.9,1.0,0.6591,0.71,Distributed-Individual
0.42,1.0,0.6591,0.84,Hierarchical-Individual
0.91,1.0,0.6591,0.65,Hierarchical-Collective
0.76,1.0,0.6591,0.71,Hierarchical-Collective
0.97,1.0,0.6591,0.75,Distributed-Individual
0.9,1.0,0.6591,0.71,Distributed-Individual
0.89,0.0,0.6364,0.58,Distributed-Collective
0.89,0.5,0.6364,0.58,Distributed-Collective
0.89,0.5,0.6364,0.58,Distributed-Collective
0.67,0.0,0.6136,0.89,Distributed-Individual
0.67,0.5,0.6136,0.89,Distributed-Individual
0.67,0.5,0.6136,0.89,Distributed-Individual
0.67,0.5,0.6136,0.89,Distributed-Individual
0.68,0.5,0.3409,0.59,Distributed-Collective
0.73,0.5,0.3409,0.62,Hierarchical-Collective
0.95,0.5,0.3409,0.8,Distributed-Collective
0.68,0.5,0.3409,0.59,Distributed-Collective
0.73,0.5,0.3409,0.62,Hierarchical-Collective
0.95,0.5,0.3409,0.8,Distributed-Collective
0.93,0.5,0.1591,0.84,Hierarchical-Individual
0.81,0.5,0.1591,0.96,Distributed-Individual
0.66,0.5,0.1591,0.54,Hierarchical-Individual
0.96,0.5,0.1591,0.8,Distributed-Individual
0.73,0.5,0.6364,0.69,Distributed-Individual
0.52,1.0,0.6364,0.93,Distributed-Collective
0.74,0.5,0.6364,0.56,Hierarchical-Individual
1.0,0.0,0.6818,1.0,Hierarchical-Collective
0.41,0.5,0.6818,0.52,Hierarchical-Individual
0.81,0.0,0.3864,0.92,Hierarchical-Collective
0.4,1.0,0.1136,0.92,Hierarchical-Individual
0.51,1.0,0.1136,0.88,Hierarchical-Individual
0.91,0.0,0.2955,0.95,Hierarchical-Collective
0.74,0.5,0.2955,0.72,Hierarchical-Collective
0.53,0.0,0.2955,0.5,Hierarchical-Individual
0.91,0.0,0.2955,0.95,Hierarchical-Collective
0.74,0.5,0.2955,0.72,Hierarchical-Collective
0.53,0.0,0.2955,0.5,Hierarchical-Individual
0.91,0.0,0.2955,0.95,Hierarchical-Collective
0.74,0.5,0.2955,0.72,Hierarchical-Collective
0.53,0.0,0.2955,0.5,Hierarchical-Individual
0.91,0.5,0.2955,0.95,Hierarchical-Collective
0.74,1.0,0.2955,0.72,Hierarchical-Collective
0.53,0.5,0.2955,0.5,Hierarchical-Individual
0.8,0.5,0.4318,0.71,Hierarchical-Collective
0.74,0.5,0.4318,0.64,Hierarchical-Individual
0.94,0.5,0.4318,0.53,Distributed-Individual
0.52,1.0,0.4318,0.66,Distributed-Collective
0.83,1.0,0.4318,0.91,Hierarchical-Individual
0.8,0.5,0.4318,0.71,Hierarchical-Collective
0.74,0.5,0.4318,0.64,Hierarchical-Individual
0.94,0.5,0.4318,0.53,Distributed-Individual
0.52,1.0,0.4318,0.66,Distributed-Collective
0.83,1.0,0.4318,0.91,Hierarchical-Individual
0.8,0.5,0.4318,0.71,Hierarchical-Collective
0.74,0.5,0.4318,0.64,Hierarchical-Individual
0.94,0.5,0.4318,0.53,Distributed-Individual
0.52,1.0,0.4318,0.66,Distributed-Collective
0.83,1.0,0.4318,0.91,Hierarchical-Individual
0.69,0.5,0.6591,0.77,Distributed-Individual
0.58,0.5,0.6591,0.52,Hierarchical-Individual
0.69,1.0,0.6591,0.77,Distributed-Individual
0.58,1.0,0.6591,0.52,Hierarchical-Individual
0.47,0.5,0.3864,0.99,Distributed-Collective
0.8,0.5,0.3864,0.78,Distributed-Individual
0.47,0.5,0.3864,0.99,Distributed-Collective
0.8,0.5,0.3864,0.78,Distributed-Individual
0.47,0.0,0.3864,0.99,Distributed-Collective
0.8,0.0,0.3864,0.78,Distributed-Individual
0.47,0.0,0.3864,0.99,Distributed-Collective
0.8,0.0,0.3864,0.78,Distributed-Individual
0.94,1.0,0.4318,0.79,Hierarchical-Collective
0.94,0.5,0.4318,0.79,Hierarchical-Collective
0.94,0.5,0.4318,0.79,Hierarchical-Collective
0.94,0.5,0.4318,0.79,Hierarchical-Collective
0.63,1.0,0.5227,0.86,Distributed-Collective
0.63,1.0,0.5227,0.86,Distributed-Collective
0.63,1.0,0.5227,0.86,Distributed-Collective
0.63,0.5,0.5227,0.86,Distributed-Collective
0.79,0.5,0.5682,0.97,Distributed-Individual
0.65,0.0,0.3409,0.58,Hierarchical-Collective
0.65,0.0,0.3409,0.58,Hierarchical-Collective
0.65,0.5,0.3409,0.58,Hierarchical-Collective
0.81,1.0,0.8182,0.5,Distributed-Collective
0.58,0.5,0.2045,0.83,Hierarchical-Individual
0.79,0.0,0.5682,0.52,Distributed-Collective
0.79,0.0,0.5682,0.75,Hierarchical-Collective
0.79,0.5,0.5682,0.52,Distributed-Collective
0.79,0.5,0.5682,0.75,Hierarchical-Collective
0.85,0.5,0.4091,0.71,Distributed-Collective
0.6,0.5,0.4091,0.74,Hierarchical-Collective
0.85,1.0,0.4091,0.71,Distributed-Collective
0.6,1.0,0.4091,0.74,Hierarchical-Collective
0.85,1.0,0.4091,0.71,Distributed-Collective
0.6,1.0,0.4091,0.74,Hierarchical-Collective
0.85,0.5,0.4091,0.71,Distributed-Collective
0.6,0.5,0.4091,0.74,Hierarchical-Collective
0.85,0.5,0.4091,0.71,Distributed-Collective
0.6,0.5,0.4091,0.74,Hierarchical-Collective
0.85,1.0,0.4091,0.71,Distributed-Collective
0.6,1.0,0.4091,0.74,Hierarchical-Collective
0.55,0.0,0.1818,0.89,Distributed-Collective
0.77,0.0,0.1818,0.64,Distributed-Collective
1.0,0.5,0.1818,0.84,Distributed-Individual
0.91,0.5,0.6136,0.82,Distributed-Collective
0.91,0.0,0.6136,0.82,Distributed-Collective
0.91,0.5,0.6136,0.82,Distributed-Collective
1.0,0.5,0.2273,0.9,Distributed-Individual
0.89,0.5,0.2273,0.73,Distributed-Individual
0.66,0.5,0.2273,0.93,Distributed-Individual
0.97,0.0,0.2273,0.69,Distributed-Individual
0.82,0.5,0.2273,0.85,Distributed-Individual
1.0,0.5,0.2273,0.9,Distributed-Individual
0.89,0.5,0.2273,0.73,Distributed-Individual
0.66,0.5,0.2273,0.93,Distributed-Individual
0.97,0.0,0.2273,0.69,Distributed-Individual
0.82,0.5,0.2273,0.85,Distributed-Individual
1.0,0.5,0.2273,0.9,Distributed-Individual
0.89,0.5,0.2273,0.73,Distributed-Individual
0.66,0.5,0.2273,0.93,Distributed-Individual
0.97,0.0,0.2273,0.69,Distributed-Individual
0.82,0.5,0.2273,0.85,Distributed-Individual
0.56,0.5,0.5,0.55,Distributed-Collective
0.42,0.0,0.5,0.51,Hierarchical-Individual
0.63,0.5,0.5,0.65,Distributed-Individual
0.56,0.5,0.5,0.55,Distributed-Collective
0.42,0.0,0.5,0.51,Hierarchical-Individual
0.63,0.5,0.5,0.65,Distributed-Individual
0.56,1.0,0.5,0.55,Distributed-Collective
0.42,0.5,0.5,0.51,Hierarchical-Individual
0.63,1.0,0.5,0.65,Distributed-Individual
0.56,1.0,0.5,0.55,Distributed-Collective
0.42,0.5,0.5,0.51,Hierarchical-Individual
0.63,1.0,0.5,0.65,Distributed-Individual
0.56,0.5,0.5,0.55,Distributed-Collective
0.42,0.0,0.5,0.51,Hierarchical-Individual
0.63,0.5,0.5,0.65,Distributed-Individual
0.56,0.5,0.5,0.55,Distributed-Collective
0.42,0.0,0.5,0.51,Hierarchical-Individual
0.63,0.5,0.5,0.65,Distributed-Individual
0.56,0.5,0.5,0.55,Distributed-Collective
0.42,0.0,0.5,0.51,Hierarchical-Individual
0.63,0.5,0.5,0.65,Distributed-Individual
0.56,1.0,0.5,0.55,Distributed-Collective
0.42,0.5,0.5,0.51,Hierarchical-Individual
0.63,1.0,0.5,0.65,Distributed-Individual
0.49,0.5,0.6591,0.99,Hierarchical-Collective
0.49,0.0,0.6591,0.99,Hierarchical-Collective
0.82,0.5,0.2955,0.56,Hierarchical-Individual
0.81,0.5,0.2955,0.84,Hierarchical-Individual
0.92,1.0,0.4773,0.83,Hierarchical-Individual
0.92,1.0,0.4773,0.83,Hierarchical-Individual
0.92,1.0,0.4773,0.83,Hierarchical-Individual
0.92,1.0,0.4773,0.83,Hierarchical-Individual
0.88,1.0,0.1591,0.63,Distributed-Collective
0.55,1.0,0.1591,0.84,Distributed-Collective
0.88,1.0,0.1591,0.63,Distributed-Collective
0.55,1.0,0.1591,0.84,Distributed-Collective
0.88,0.5,0.1591,0.63,Distributed-Collective
0.55,0.5,0.1591,0.84,Distributed-Collective
0.79,0.5,0.1591,0.64,Hierarchical-Individual
0.65,0.5,0.1591,0.56,Hierarchical-Collective
0.7,1.0,0.1591,0.67,Hierarchical-Collective
0.6,0.5,0.1591,0.79,Hierarchical-Collective
0.65,1.0,0.6364,0.78,Distributed-Collective
0.44,1.0,0.6364,1.0,Hierarchical-Collective
0.65,1.0,0.6364,0.78,Distributed-Collective
0.44,1.0,0.6364,1.0,Hierarchical-Collective
0.62,1.0,0.1591,0.53,Distributed-Individual
0.41,0.5,0.1591,0.61,Distributed-Individual
0.98,0.5,0.5227,0.54,Hierarchical-Collective
0.73,0.0,0.5227,0.64,Hierarchical-Collective
0.98,0.5,0.5227,0.54,Hierarchical-Collective
0.73,0.0,0.5227,0.64,Hierarchical-Collective
0.98,1.0,0.5227,0.54,Hierarchical-Collective
0.73,0.5,0.5227,0.64,Hierarchical-Collective
0.98,0.5,0.5227,0.54,Hierarchical-Collective
0.73,0.0,0.5227,0.64,Hierarchical-Collective
0.85,0.0,1.0,0.99,Distributed-Collective
0.77,0.5,0.1591,0.65,Distributed-Collective
0.59,0.0,0.1591,0.56,Distributed-Collective
0.42,0.5,0.6364,0.54,Hierarchical-Individual
0.42,0.5,0.6364,0.54,Hierarchical-Individual
0.42,1.0,0.6364,0.54,Hierarchical-Individual
0.42,1.0,0.6364,0.54,Hierarchical-Individual
0.42,1.0,0.6364,0.54,Hierarchical-Individual
0.42,0.5,0.6364,0.54,Hierarchical-Individual
0.9,0.5,0.6591,0.76,Distributed-Collective
0.91,0.5,0.6591,0.52,Distributed-Individual
0.63,0.5,0.2273,0.52,Distributed-Collective
0.56,1.0,0.2273,0.76,Distributed-Collective
0.73,1.0,0.2273,0.76,Hierarchical-Collective
0.82,0.0,0.4091,0.54,Distributed-Collective
0.66,0.5,0.4091,0.97,Distributed-Individual
0.82,0.0,0.4091,0.54,Distributed-Collective
0.66,0.5,0.4091,0.97,Distributed-Individual
0.82,0.5,0.4091,0.54,Distributed-Collective
0.66,1.0,0.4091,0.97,Distributed-Individual
0.49,0.5,0.3864,0.77,Hierarchical-Collective
0.68,1.0,0.3864,0.88,Hierarchical-Individual
0.85,1.0,0.3864,0.77,Hierarchical-Collective
0.57,1.0,0.3864,0.89,Distributed-Collective
0.49,0.0,0.3864,0.77,Hierarchical-Collective
0.68,0.5,0.3864,0.88,Hierarchical-Individual
0.85,0.5,0.3864,0.77,Hierarchical-Collective
0.57,0.5,0.3864,0.89,Distributed-Collective
0.42,1.0,0.3182,0.78,Hierarchical-Individual
0.42,0.5,0.3182,0.78,Hierarchical-Individual
0.42,1.0,0.3182,0.78,Hierarchical-Individual
0.44,1.0,0.3636,0.96,Hierarchical-Individual
0.44,0.5,0.3636,0.96,Hierarchical-Individual
0.98,0.5,0.2045,0.86,Distributed-Collective
0.91,0.0,0.2045,0.76,Hierarchical-Individual
0.58,0.0,0.2045,0.84,Hierarchical-Individual
0.91,0.0,0.2045,0.76,Hierarchical-Individual
0.58,0.0,0.2045,0.84,Hierarchical-Individual
0.99,1.0,0.7273,0.98,Hierarchical-Individual
0.62,1.0,0.7273,0.51,Distributed-Collective
0.99,0.5,0.7273,0.98,Hierarchical-Individual
0.62,0.5,0.7273,0.51,Distributed-Collective
0.89,0.0,0.2273,0.98,Hierarchical-Individual
0.66,0.5,0.2273,0.92,Hierarchical-Collective
0.91,0.5,0.2273,0.73,Distributed-Individual
0.87,0.5,0.7727,0.7,Distributed-Collective
0.62,0.0,0.3182,0.62,Distributed-Collective
0.94,0.5,0.3182,0.89,Hierarchical-Collective
0.62,0.5,0.3182,0.62,Distributed-Collective
0.94,1.0,0.3182,0.89,Hierarchical-Collective
0.62,0.5,0.3182,0.62,Distributed-Collective
0.94,1.0,0.3182,0.89,Hierarchical-Collective
0.59,0.5,0.5,0.69,Distributed-Collective
0.65,1.0,0.5,0.53,Hierarchical-Collective
0.97,1.0,0.2045,0.72,Hierarchical-Individual
0.85,1.0,0.2045,0.96,Hierarchical-Collective
0.94,1.0,0.2045,0.66,Distributed-Collective
0.99,1.0,0.7045,0.94,Distributed-Individual
0.6,1.0,0.25,0.52,Hierarchical-Individual
0.87,0.0,0.6364,0.98,Distributed-Collective
0.87,0.5,0.6364,0.98,Distributed-Collective
0.64,1.0,0.2727,0.86,Hierarchical-Individual
0.76,0.5,0.2727,0.69,Distributed-Collective
0.94,1.0,0.2727,1.0,Hierarchical-Individual
0.64,0.5,0.2727,0.86,Hierarchical-Individual
0.76,0.0,0.2727,0.69,Distributed-Collective
0.94,0.5,0.2727,1.0,Hierarchical-Individual
0.78,1.0,0.6136,0.84,Hierarchical-Collective
0.78,1.0,0.6136,0.84,Hierarchical-Collective
0.61,0.0,0.4091,0.75,Distributed-Individual
0.72,0.0,0.4091,0.79,Hierarchical-Collective
0.61,0.0,0.4091,0.75,Distributed-Individual
0.72,0.0,0.4091,0.79,Hierarchical-Collective
0.87,0.0,0.4773,0.61,Distributed-Collective
0.57,0.0,0.4773,0.91,Distributed-Collective
0.87,0.0,0.4773,0.61,Distributed-Collective
0.57,0.0,0.4773,0.91,Distributed-Collective
0.87,0.0,0.4773,0.61,Distributed-Collective
0.57,0.0,0.4773,0.91,Distributed-Collective
0.87,0.5,0.4773,0.61,Distributed-Collective
0.57,0.5,0.4773,0.91,Distributed-Collective
0.53,1.0,0.3864,0.82,Distributed-Collective
0.56,0.5,0.3864,0.71,Hierarchical-Collective
0.91,0.5,0.3864,0.86,Hierarchical-Individual
0.77,1.0,0.3864,0.56,Hierarchical-Collective
0.42,1.0,0.3864,0.76,Hierarchical-Individual
0.53,0.5,0.3864,0.82,Distributed-Collective
0.56,0.0,0.3864,0.71,Hierarchical-Collective
0.91,0.0,0.3864,0.86,Hierarchical-Individual
0.77,0.5,0.3864,0.56,Hierarchical-Collective
0.42,0.5,0.3864,0.76,Hierarchical-Individual
0.53,1.0,0.3864,0.82,Distributed-Collective
0.56,0.5,0.3864,0.71,Hierarchical-Collective
0.91,0.5,0.3864,0.86,Hierarchical-Individual
0.77,1.0,0.3864,0.56,Hierarchical-Collective
0.42,1.0,0.3864,0.76,Hierarchical-Individual
0.66,0.5,0.1136,0.75,Distributed-Collective
0.71,0.5,0.3636,0.62,Hierarchical-Collective
0.97,1.0,0.3636,0.81,Hierarchical-Individual
0.78,1.0,0.3636,0.59,Hierarchical-Collective
0.71,0.0,0.3636,0.62,Hierarchical-Collective
0.97,0.5,0.3636,0.81,Hierarchical-Individual
0.78,0.5,0.3636,0.59,Hierarchical-Collective
0.55,0.5,0.4773,0.63,Hierarchical-Individual
0.43,0.5,0.4773,0.56,Distributed-Collective
0.55,0.5,0.4773,0.63,Hierarchical-Individual
0.43,0.5,0.4773,0.56,Distributed-Collective
0.55,0.5,0.4773,0.63,Hierarchical-Individual
0.43,0.5,0.4773,0.56,Distributed-Collective
0.45,0.5,0.4773,0.72,Distributed-Collective
0.56,0.0,0.4773,0.85,Hierarchical-Collective
0.52,0.0,0.4773,0.97,Hierarchical-Individual
0.45,0.5,0.4773,0.72,Distributed-Collective
0.56,0.0,0.4773,0.85,Hierarchical-Collective
0.52,0.0,0.4773,0.97,Hierarchical-Individual
0.45,1.0,0.4773,0.72,Distributed-Collective
0.56,0.5,0.4773,0.85,Hierarchical-Collective
0.52,0.5,0.4773,0.97,Hierarchical-Individual
0.45,1.0,0.4773,0.72,Distributed-Collective
0.56,0.5,0.4773,0.85,Hierarchical-Collective
0.52,0.5,0.4773,0.97,Hierarchical-Individual
0.91,0.0,0.1818,0.82,Hierarchical-Individual
0.82,0.5,0.1818,0.71,Distributed-Individual
0.66,0.5,0.1818,0.62,Distributed-Collective
0.91,0.5,0.1818,0.82,Hierarchical-Individual
0.82,1.0,0.1818,0.71,Distributed-Individual
0.66,1.0,0.1818,0.62,Distributed-Collective
0.58,0.5,0.6136,0.98,Hierarchical-Individual
0.7,0.5,0.6136,0.55,Hierarchical-Individual
0.95,0.5,0.6136,0.89,Distributed-Individual
0.6,0.0,0.6136,0.92,Hierarchical-Individual
0.84,0.0,0.6136,0.8,Distributed-Collective
0.58,1.0,0.6136,0.98,Hierarchical-Individual
0.7,1.0,0.6136,0.55,Hierarchical-Individual
0.95,1.0,0.6136,0.89,Distributed-Individual
0.6,0.5,0.6136,0.92,Hierarchical-Individual
0.84,0.5,0.6136,0.8,Distributed-Collective
0.58,0.5,0.6136,0.98,Hierarchical-Individual
0.7,0.5,0.6136,0.55,Hierarchical-Individual
0.95,0.5,0.6136,0.89,Distributed-Individual
0.6,0.0,0.6136,0.92,Hierarchical-Individual
0.84,0.0,0.6136,0.8,Distributed-Collective
0.58,0.5,0.6136,0.98,Hierarchical-Individual
0.7,0.5,0.6136,0.55,Hierarchical-Individual
0.95,0.5,0.6136,0.89,Distributed-Individual
0.6,0.0,0.6136,0.92,Hierarchical-Individual
0.84,0.0,0.6136,0.8,Distributed-Collective
0.42,0.5,0.3409,0.95,Distributed-Collective
0.42,1.0,0.3409,0.96,Hierarchical-Collective
0.92,0.5,0.3409,0.62,Distributed-Individual
0.54,1.0,0.3409,0.58,Distributed-Individual
0.42,0.0,0.3409,0.95,Distributed-Collective
0.42,0.5,0.3409,0.96,Hierarchical-Collective
0.92,0.0,0.3409,0.62,Distributed-Individual
0.54,0.5,0.3409,0.58,Distributed-Individual
0.42,0.5,0.3409,0.95,Distributed-Collective
0.42,1.0,0.3409,0.96,Hierarchical-Collective
0.92,0.5,0.3409,0.62,Distributed-Individual
0.54,1.0,0.3409,0.58,Distributed-Individual
0.42,0.5,0.3409,0.95,Distributed-Collective
0.42,1.0,0.3409,0.96,Hierarchical-Collective
0.92,0.5,0.3409,0.62,Distributed-Individual
0.54,1.0,0.3409,0.58,Distributed-Individual
0.56,0.5,0.25,0.93,Distributed-Collective
0.49,1.0,0.25,0.94,Distributed-Individual
0.56,0.0,0.25,0.93,Distributed-Collective
0.49,0.5,0.25,0.94,Distributed-Individual
0.6,1.0,0.7045,0.88,Distributed-Individual
0.65,1.0,0.7045,0.8,Hierarchical-Collective
0.94,0.5,0.7045,0.8,Distributed-Collective
0.49,0.0,0.7045,0.85,Hierarchical-Collective
0.68,0.0,0.7045,0.53,Hierarchical-Collective
0.4,0.0,0.7045,0.93,Distributed-Individual
0.61,0.5,0.4773,0.84,Distributed-Individual
0.84,0.5,0.4773,0.87,Hierarchical-Individual
0.54,0.0,0.4773,0.52,Hierarchical-Individual
0.74,0.5,0.6136,0.66,Distributed-Individual
0.74,0.5,0.6136,0.66,Distributed-Individual
0.74,1.0,0.6136,0.66,Distributed-Individual
0.74,0.5,0.6136,0.66,Distributed-Individual
0.66,0.5,0.5227,0.94,Distributed-Collective
0.99,0.5,0.5227,0.58,Distributed-Individual
0.99,0.0,0.5227,0.95,Distributed-Individual
0.94,0.5,0.5227,0.71,Hierarchical-Individual
0.66,0.0,0.5227,0.6,Distributed-Collective
0.66,1.0,0.5227,0.94,Distributed-Collective
0.99,1.0,0.5227,0.58,Distributed-Individual
0.99,0.5,0.5227,0.95,Distributed-Individual
0.94,1.0,0.5227,0.71,Hierarchical-Individual
0.66,0.5,0.5227,0.6,Distributed-Collective
0.94,0.5,0.3636,0.59,Distributed-Individual
0.51,0.5,0.3636,0.52,Hierarchical-Individual
0.49,1.0,0.3636,0.96,Distributed-Individual
0.94,0.0,0.3636,0.59,Distributed-Individual
0.51,0.0,0.3636,0.52,Hierarchical-Individual
0.49,0.5,0.3636,0.96,Distributed-Individual
0.58,1.0,0.2727,0.61,Distributed-Individual
1.0,0.5,0.2727,0.87,Distributed-Individual
0.47,0.5,0.2045,0.76,Hierarchical-Collective
0.43,0.5,0.2045,0.77,Distributed-Individual
0.71,0.0,0.2045,0.99,Hierarchical-Individual
0.89,0.5,0.2955,0.82,Hierarchical-Individual
0.49,1.0,0.2955,0.62,Hierarchical-Collective
0.89,0.0,0.2955,0.82,Hierarchical-Individual
0.49,0.5,0.2955,0.62,Hierarchical-Collective
0.89,0.5,0.2955,0.82,Hierarchical-Individual
0.49,1.0,0.2955,0.62,Hierarchical-Collective
0.81,0.5,0.3864,0.72,Distributed-Collective
0.81,0.5,0.3864,0.87,Hierarchical-Individual
0.5,0.0,0.3864,0.69,Distributed-Collective
0.76,0.5,0.3864,0.94,Hierarchical-Collective
0.81,0.5,0.3864,0.83,Distributed-Collective
0.44,0.5,0.3864,0.6,Hierarchical-Collective
0.81,0.5,0.3864,0.72,Distributed-Collective
0.81,0.5,0.3864,0.87,Hierarchical-Individual
0.5,0.0,0.3864,0.69,Distributed-Collective
0.76,0.5,0.3864,0.94,Hierarchical-Collective
0.81,0.5,0.3864,0.83,Distributed-Collective
0.44,0.5,0.3864,0.6,Hierarchical-Collective
0.98,0.5,0.2045,0.58,Hierarchical-Individual
0.72,0.5,0.2045,0.89,Hierarchical-Collective
0.84,0.5,0.2045,0.94,Distributed-Individual
0.82,1.0,0.2273,0.6,Distributed-Individual
0.82,0.5,0.2273,0.6,Distributed-Individual
0.72,1.0,0.6591,0.87,Distributed-Collective
0.76,1.0,0.1591,0.53,Distributed-Individual
0.51,1.0,0.1591,0.91,Distributed-Individual
0.98,1.0,0.1591,0.52,Distributed-Collective
0.56,1.0,0.1591,0.69,Distributed-Individual
0.87,1.0,0.3409,0.94,Distributed-Individual
0.71,0.5,0.3409,0.93,Distributed-Collective
0.87,1.0,0.3409,0.94,Distributed-Individual
0.71,0.5,0.3409,0.93,Distributed-Collective
0.87,1.0,0.3409,0.94,Distributed-Individual
0.71,0.5,0.3409,0.93,Distributed-Collective
0.43,0.0,0.2273,0.82,Distributed-Collective
0.43,0.0,0.2273,0.82,Distributed-Collective
0.63,0.0,0.2955,0.79,Hierarchical-Collective
0.8,0.0,0.2955,0.63,Hierarchical-Individual
0.43,0.5,0.2955,0.91,Hierarchical-Individual
0.88,0.5,0.2045,0.89,Hierarchical-Individual
0.92,1.0,0.2045,0.72,Distributed-Individual
0.9,0.5,0.3182,0.85,Distributed-Collective
0.94,1.0,0.3182,0.91,Hierarchical-Individual
0.68,1.0,0.3182,0.54,Hierarchical-Collective
0.78,0.0,0.25,0.98,Distributed-Individual
0.92,0.0,0.25,0.79,Hierarchical-Individual
0.96,1.0,0.5909,0.76,Distributed-Individual
0.44,1.0,0.5909,1.0,Hierarchical-Collective
0.61,1.0,0.5909,0.8,Distributed-Collective
0.94,0.5,0.5909,0.65,Distributed-Individual
0.82,0.0,0.2955,0.99,Distributed-Individual
0.9,0.5,0.2955,0.96,Distributed-Collective
0.82,0.0,0.2955,0.99,Distributed-Individual
0.9,0.5,0.2955,0.96,Distributed-Collective
0.82,0.5,0.2955,0.99,Distributed-Individual
0.9,1.0,0.2955,0.96,Distributed-Collective
0.82,0.0,0.2955,0.99,Distributed-Individual
0.9,0.5,0.2955,0.96,Distributed-Collective
0.82,0.5,0.2955,0.99,Distributed-Individual
0.9,1.0,0.2955,0.96,Distributed-Collective
0.72,0.5,0.2045,0.53,Hierarchical-Collective
0.52,1.0,0.2045,0.81,Distributed-Individual
0.57,1.0,0.2045,0.9,Distributed-Individual
0.99,1.0,0.2045,0.99,Distributed-Individual
0.76,1.0,0.6364,0.74,Hierarchical-Individual
0.79,1.0,0.6364,0.56,Distributed-Collective
0.74,1.0,0.6364,0.96,Distributed-Individual
0.63,1.0,0.6364,0.93,Hierarchical-Collective
0.76,0.5,0.6364,0.74,Hierarchical-Individual
0.79,0.5,0.6364,0.56,Distributed-Collective
0.74,0.5,0.6364,0.96,Distributed-Individual
0.63,0.5,0.6364,0.93,Hierarchical-Collective
0.51,0.5,0.3636,0.98,Hierarchical-Individual
0.57,0.5,0.3636,0.65,Hierarchical-Individual
0.46,0.5,0.3636,0.81,Hierarchical-Individual
0.51,0.5,0.3636,0.98,Hierarchical-Individual
0.57,0.5,0.3636,0.65,Hierarchical-Individual
0.46,0.5,0.3636,0.81,Hierarchical-Individual
0.51,1.0,0.3636,0.98,Hierarchical-Individual
0.57,1.0,0.3636,0.65,Hierarchical-Individual
0.46,1.0,0.3636,0.81,Hierarchical-Individual
0.51,1.0,0.3636,0.98,Hierarchical-Individual
0.57,1.0,0.3636,0.65,Hierarchical-Individual
0.46,1.0,0.3636,0.81,Hierarchical-Individual
0.79,0.5,0.3409,0.69,Distributed-Individual
0.51,0.5,0.3409,0.97,Distributed-Collective
0.47,0.5,0.3409,0.9,Distributed-Individual
0.79,0.5,0.3409,0.69,Distributed-Individual
0.51,0.5,0.3409,0.97,Distributed-Collective
0.47,0.5,0.3409,0.9,Distributed-Individual
0.79,1.0,0.3409,0.69,Distributed-Individual
0.51,1.0,0.3409,0.97,Distributed-Collective
0.47,1.0,0.3409,0.9,Distributed-Individual
0.47,0.5,0.6136,1.0,Distributed-Collective
0.55,0.5,0.6136,0.96,Hierarchical-Collective
0.62,0.5,0.6136,0.85,Hierarchical-Collective
0.47,0.5,0.6136,1.0,Distributed-Collective
0.55,0.5,0.6136,0.96,Hierarchical-Collective
0.62,0.5,0.6136,0.85,Hierarchical-Collective
0.47,1.0,0.6136,1.0,Distributed-Collective
0.55,1.0,0.6136,0.96,Hierarchical-Collective
0.62,1.0,0.6136,0.85,Hierarchical-Collective
0.43,1.0,0.6818,0.76,Hierarchical-Individual
0.43,1.0,0.6818,0.76,Hierarchical-Individual
0.67,0.5,0.2273,0.87,Distributed-Collective
0.9,1.0,0.5455,0.74,Distributed-Collective
0.96,1.0,0.5455,0.77,Distributed-Collective
0.9,1.0,0.5455,0.74,Distributed-Collective
0.96,1.0,0.5455,0.77,Distributed-Collective
0.87,1.0,0.6364,0.66,Hierarchical-Individual
0.89,1.0,0.6364,0.9,Hierarchical-Individual
0.75,1.0,0.6364,0.77,Distributed-Collective
0.62,0.5,0.3182,0.87,Hierarchical-Individual
0.99,0.5,0.3182,0.84,Hierarchical-Individual
0.66,1.0,0.1818,0.79,Distributed-Collective
0.98,1.0,0.1818,0.63,Hierarchical-Collective
0.72,1.0,0.1818,0.77,Hierarchical-Individual
0.93,1.0,0.1818,0.81,Distributed-Individual
0.66,1.0,0.1818,0.79,Distributed-Collective
0.98,1.0,0.1818,0.63,Hierarchical-Collective
0.72,1.0,0.1818,0.77,Hierarchical-Individual
0.93,1.0,0.1818,0.81,Distributed-Individual
0.93,0.5,0.3182,0.72,Hierarchical-Individual
0.92,1.0,0.3182,0.52,Distributed-Collective
0.93,0.0,0.3182,0.72,Hierarchical-Individual
0.92,0.5,0.3182,0.52,Distributed-Collective
0.93,1.0,0.7045,0.55,Distributed-Collective
0.44,1.0,0.4773,0.84,Distributed-Collective
0.65,0.5,0.4773,0.51,Distributed-Individual
0.8,0.5,0.4773,0.87,Distributed-Individual
0.98,1.0,0.4773,0.5,Hierarchical-Collective
0.84,0.5,0.4773,0.53,Hierarchical-Individual
1.0,1.0,0.4773,0.64,Hierarchical-Individual
0.44,1.0,0.4773,0.84,Distributed-Collective
0.65,0.5,0.4773,0.51,Distributed-Individual
0.8,0.5,0.4773,0.87,Distributed-Individual
0.98,1.0,0.4773,0.5,Hierarchical-Collective
0.84,0.5,0.4773,0.53,Hierarchical-Individual
1.0,1.0,0.4773,0.64,Hierarchical-Individual
0.44,1.0,0.4773,0.84,Distributed-Collective
0.65,0.5,0.4773,0.51,Distributed-Individual
0.8,0.5,0.4773,0.87,Distributed-Individual
0.98,1.0,0.4773,0.5,Hierarchical-Collective
0.84,0.5,0.4773,0.53,Hierarchical-Individual
1.0,1.0,0.4773,0.64,Hierarchical-Individual
0.83,0.5,0.5909,0.79,Hierarchical-Collective
0.83,1.0,0.5909,0.79,Hierarchical-Collective
0.83,1.0,0.5909,0.79,Hierarchical-Collective
0.83,1.0,0.5909,0.79,Hierarchical-Collective
0.41,1.0,0.8409,0.92,Hierarchical-Collective
0.42,0.5,0.4318,0.69,Hierarchical-Individual
0.42,1.0,0.4318,0.69,Hierarchical-Individual
0.93,0.5,0.4773,0.68,Hierarchical-Collective
0.64,0.5,0.4773,0.64,Distributed-Collective
0.93,0.5,0.4773,0.68,Hierarchical-Collective
0.64,0.5,0.4773,0.64,Distributed-Collective
0.93,0.0,0.4773,0.68,Hierarchical-Collective
0.64,0.0,0.4773,0.64,Distributed-Collective
0.71,1.0,0.3409,0.5,Hierarchical-Collective
0.68,0.5,0.3409,0.72,Distributed-Collective
0.73,1.0,0.3409,0.53,Distributed-Individual
0.66,1.0,0.3409,0.51,Hierarchical-Individual
0.71,1.0,0.3409,0.5,Hierarchical-Collective
0.68,0.5,0.3409,0.72,Distributed-Collective
0.73,1.0,0.3409,0.53,Distributed-Individual
0.66,1.0,0.3409,0.51,Hierarchical-Individual
0.71,1.0,0.3409,0.5,Hierarchical-Collective
0.68,0.5,0.3409,0.72,Distributed-Collective
0.73,1.0,0.3409,0.53,Distributed-Individual
0.66,1.0,0.3409,0.51,Hierarchical-Individual
0.71,0.5,0.3409,0.5,Hierarchical-Collective
0.68,0.0,0.3409,0.72,Distributed-Collective
0.73,0.5,0.3409,0.53,Distributed-Individual
0.66,0.5,0.3409,0.51,Hierarchical-Individual
0.51,1.0,0.5455,0.52,Hierarchical-Individual
0.5,1.0,0.5455,0.86,Distributed-Individual
0.89,0.5,0.5455,0.62,Distributed-Collective
0.6,0.5,0.5455,0.8,Distributed-Individual
0.58,0.5,0.4091,0.54,Distributed-Collective
0.58,1.0,0.4091,0.54,Distributed-Collective
0.58,1.0,0.4091,0.54,Distributed-Collective
0.72,0.0,0.4773,0.79,Distributed-Individual
0.48,0.5,0.4773,0.53,Hierarchical-Individual
0.94,0.0,0.4773,0.98,Distributed-Collective
0.72,0.0,0.4773,0.79,Distributed-Individual
0.48,0.5,0.4773,0.53,Hierarchical-Individual
0.94,0.0,0.4773,0.98,Distributed-Collective
0.99,0.0,0.4545,0.57,Hierarchical-Individual
0.82,0.0,0.4545,0.84,Distributed-Individual
0.89,0.5,0.4545,0.73,Hierarchical-Collective
0.99,0.5,0.4545,0.57,Hierarchical-Individual
0.82,0.5,0.4545,0.84,Distributed-Individual
0.89,1.0,0.4545,0.73,Hierarchical-Collective
0.79,0.5,0.5682,0.57,Distributed-Collective
0.91,0.5,0.5682,0.82,Distributed-Individual
0.94,0.5,0.5682,0.72,Hierarchical-Individual
0.6,0.5,0.5682,0.9,Hierarchical-Collective
0.61,1.0,0.6591,1.0,Hierarchical-Collective
0.51,1.0,0.6591,0.78,Distributed-Collective
0.64,1.0,0.6591,0.83,Hierarchical-Collective
0.91,0.5,0.6591,0.91,Distributed-Collective
0.91,0.5,0.6591,0.91,Distributed-Collective
0.91,1.0,0.6591,0.91,Distributed-Collective
0.94,1.0,0.1136,0.61,Distributed-Individual
0.86,0.5,0.1136,0.88,Distributed-Individual
0.58,1.0,0.1136,0.99,Hierarchical-Individual
0.62,0.0,0.6364,0.96,Hierarchical-Collective
0.62,0.0,0.6364,0.96,Hierarchical-Collective
0.62,0.0,0.6364,0.96,Hierarchical-Collective
0.5,0.5,0.2955,0.9,Hierarchical-Individual
0.49,1.0,0.2955,0.58,Hierarchical-Collective
0.5,0.5,0.2955,0.9,Hierarchical-Individual
0.49,1.0,0.2955,0.58,Hierarchical-Collective
0.5,0.5,0.6818,0.87,Hierarchical-Individual
0.41,0.5,0.2955,0.76,Hierarchical-Collective
0.41,0.0,0.2955,0.76,Hierarchical-Collective
0.63,0.5,0.7045,0.99,Distributed-Collective
0.46,0.0,0.7045,0.9,Distributed-Individual
0.89,0.5,0.7045,0.67,Distributed-Individual
0.63,1.0,0.7045,0.99,Distributed-Collective
0.46,0.5,0.7045,0.9,Distributed-Individual
0.89,1.0,0.7045,0.67,Distributed-Individual
0.91,0.5,0.2955,0.78,Distributed-Collective
0.58,0.0,0.2955,0.65,Distributed-Individual
0.86,0.0,0.2955,0.94,Hierarchical-Individual
0.73,0.0,0.2955,0.73,Distributed-Collective
1.0,0.0,0.2955,0.8,Hierarchical-Collective
0.91,1.0,0.2955,0.78,Distributed-Collective
0.58,0.5,0.2955,0.65,Distributed-Individual
0.86,0.5,0.2955,0.94,Hierarchical-Individual
0.73,0.5,0.2955,0.73,Distributed-Collective
1.0,0.5,0.2955,0.8,Hierarchical-Collective
0.48,0.5,0.7727,0.72,Distributed-Individual
0.94,1.0,0.7727,0.89,Distributed-Individual
0.91,1.0,0.7727,0.83,Hierarchical-Individual
0.83,1.0,0.7727,0.96,Hierarchical-Individual
0.78,1.0,0.7727,0.6,Distributed-Collective
0.77,1.0,0.4773,0.56,Distributed-Collective
0.71,1.0,0.4773,0.7,Distributed-Collective
0.77,0.5,0.4773,0.56,Distributed-Collective
0.71,0.5,0.4773,0.7,Distributed-Collective
0.77,1.0,0.4773,0.56,Distributed-Collective
0.71,1.0,0.4773,0.7,Distributed-Collective
0.77,0.5,0.4773,0.56,Distributed-Collective
0.71,0.5,0.4773,0.7,Distributed-Collective
0.99,1.0,0.4545,0.51,Hierarchical-Individual
0.94,1.0,0.4545,0.66,Distributed-Collective
0.99,1.0,0.4545,0.51,Hierarchical-Individual
0.94,1.0,0.4545,0.66,Distributed-Collective
0.99,0.5,0.4545,0.51,Hierarchical-Individual
0.94,0.5,0.4545,0.66,Distributed-Collective
0.99,0.5,0.4545,0.51,Hierarchical-Individual
0.94,0.5,0.4545,0.66,Distributed-Collective
0.99,0.5,0.4545,0.51,Hierarchical-Individual
0.94,0.5,0.4545,0.66,Distributed-Collective
0.99,1.0,0.4545,0.51,Hierarchical-Individual
0.94,1.0,0.4545,0.66,Distributed-Collective
0.64,1.0,0.2727,0.78,Hierarchical-Collective
0.74,1.0,0.2727,0.77,Distributed-Individual
0.76,0.5,0.2727,0.55,Distributed-Individual
0.64,1.0,0.2727,0.78,Hierarchical-Collective
0.74,1.0,0.2727,0.77,Distributed-Individual
0.76,0.5,0.2727,0.55,Distributed-Individual
0.46,0.5,0.3182,0.72,Hierarchical-Collective
0.46,0.5,0.3182,0.72,Hierarchical-Collective
0.49,0.5,0.6136,0.8,Distributed-Collective
0.62,1.0,0.6136,0.65,Distributed-Collective
0.49,0.5,0.6136,0.8,Distributed-Collective
0.62,1.0,0.6136,0.65,Distributed-Collective
1.0,1.0,0.3182,0.57,Hierarchical-Individual
0.71,0.5,0.3182,0.94,Hierarchical-Individual
0.79,1.0,0.3182,0.98,Hierarchical-Collective
1.0,0.5,0.3182,0.57,Hierarchical-Individual
0.71,0.0,0.3182,0.94,Hierarchical-Individual
0.79,0.5,0.3182,0.98,Hierarchical-Collective
0.78,1.0,0.4091,0.69,Distributed-Individual
0.45,1.0,0.4091,0.75,Hierarchical-Collective
0.78,1.0,0.4091,0.69,Distributed-Individual
0.45,1.0,0.4091,0.75,Hierarchical-Collective
0.78,1.0,0.4091,0.69,Distributed-Individual
0.45,1.0,0.4091,0.75,Hierarchical-Collective
0.81,1.0,0.1591,0.92,Distributed-Collective
0.45,0.5,0.1591,0.81,Hierarchical-Individual
0.97,1.0,0.1591,0.74,Hierarchical-Individual
0.48,0.5,0.2955,0.78,Distributed-Individual
0.93,0.5,0.2955,0.78,Distributed-Collective
0.74,0.0,0.2955,0.55,Hierarchical-Individual
0.43,0.5,0.2955,0.7,Hierarchical-Individual
0.93,0.0,0.2955,0.56,Distributed-Collective
0.48,1.0,0.2955,0.78,Distributed-Individual
0.93,1.0,0.2955,0.78,Distributed-Collective
0.74,0.5,0.2955,0.55,Hierarchical-Individual
0.43,1.0,0.2955,0.7,Hierarchical-Individual
0.93,0.5,0.2955,0.56,Distributed-Collective
0.56,0.5,0.2045,0.85,Distributed-Collective
0.84,1.0,0.2045,0.7,Distributed-Individual
0.74,0.5,0.2045,0.98,Hierarchical-Collective
0.93,0.5,0.2045,0.81,Hierarchical-Individual
0.56,0.5,0.2045,0.85,Distributed-Collective
0.84,1.0,0.2045,0.7,Distributed-Individual
0.74,0.5,0.2045,0.98,Hierarchical-Collective
0.93,0.5,0.2045,0.81,Hierarchical-Individual
0.57,0.5,0.2727,0.68,Distributed-Collective
0.9,0.5,0.2727,0.51,Hierarchical-Collective
0.47,0.5,0.2727,0.85,Distributed-Individual
0.87,0.5,0.2727,0.76,Hierarchical-Collective
0.57,1.0,0.2727,0.68,Distributed-Collective
0.9,1.0,0.2727,0.51,Hierarchical-Collective
0.47,1.0,0.2727,0.85,Distributed-Individual
0.87,1.0,0.2727,0.76,Hierarchical-Collective
0.43,0.0,0.7273,0.87,Distributed-Individual
0.91,0.5,0.6591,0.52,Distributed-Individual
0.54,0.5,0.6591,0.62,Distributed-Collective
0.52,0.0,0.6591,0.83,Distributed-Collective
0.91,0.5,0.6591,0.52,Distributed-Individual
0.54,0.5,0.6591,0.62,Distributed-Collective
0.52,0.0,0.6591,0.83,Distributed-Collective
0.98,0.5,0.7045,0.66,Hierarchical-Individual
0.75,0.5,0.2273,0.52,Hierarchical-Individual
0.66,1.0,0.2273,0.56,Distributed-Collective
1.0,0.5,0.2273,0.68,Distributed-Individual
0.95,1.0,0.2273,0.69,Distributed-Collective
0.42,1.0,0.2273,0.97,Hierarchical-Individual
0.75,0.5,0.2273,0.52,Hierarchical-Individual
0.66,1.0,0.2273,0.56,Distributed-Collective
1.0,0.5,0.2273,0.68,Distributed-Individual
0.95,1.0,0.2273,0.69,Distributed-Collective
0.42,1.0,0.2273,0.97,Hierarchical-Individual
0.61,1.0,0.5227,0.98,Distributed-Individual
0.41,1.0,0.5227,0.72,Hierarchical-Individual
0.61,0.5,0.5227,0.98,Distributed-Individual
0.41,0.5,0.5227,0.72,Hierarchical-Individual
0.55,0.5,0.6136,0.93,Distributed-Collective
0.55,0.5,0.6136,0.93,Distributed-Collective
0.55,0.0,0.6136,0.93,Distributed-Collective
0.91,1.0,0.4773,0.8,Hierarchical-Collective
0.85,1.0,0.4773,0.77,Hierarchical-Collective
0.91,0.5,0.4773,0.8,Hierarchical-Collective
0.85,0.5,0.4773,0.77,Hierarchical-Collective
0.91,1.0,0.4773,0.8,Hierarchical-Collective
0.85,1.0,0.4773,0.77,Hierarchical-Collective
0.63,0.0,0.25,0.86,Distributed-Collective
0.64,0.5,0.25,0.96,Hierarchical-Collective
0.63,0.5,0.25,0.86,Distributed-Collective
0.64,1.0,0.25,0.96,Hierarchical-Collective
0.63,0.0,0.25,0.86,Distributed-Collective
0.64,0.5,0.25,0.96,Hierarchical-Collective
0.65,0.5,0.3409,0.92,Distributed-Individual
0.65,0.5,0.3409,0.92,Distributed-Individual
0.65,0.5,0.3409,0.92,Distributed-Individual
0.47,1.0,0.7273,0.65,Hierarchical-Collective
0.7,1.0,0.7273,0.89,Hierarchical-Collective
0.64,0.5,0.6591,0.79,Hierarchical-Individual
0.85,0.0,0.6591,0.71,Distributed-Collective
0.64,1.0,0.6591,0.79,Hierarchical-Individual
0.85,0.5,0.6591,0.71,Distributed-Collective
0.64,1.0,0.6591,0.79,Hierarchical-Individual
0.85,0.5,0.6591,0.71,Distributed-Collective
0.72,0.0,0.7727,0.64,Hierarchical-Collective
0.6,0.5,0.1136,0.85,Distributed-Collective
0.76,0.5,0.7273,0.61,Distributed-Collective
0.9,0.5,0.7273,0.82,Hierarchical-Individual
0.76,1.0,0.7273,0.61,Distributed-Collective
0.9,1.0,0.7273,0.82,Hierarchical-Individual
0.68,0.5,0.3864,0.81,Hierarchical-Collective
0.74,0.5,0.3864,0.85,Hierarchical-Collective
0.96,0.5,0.3864,0.57,Distributed-Collective
0.78,0.5,0.2727,0.89,Distributed-Individual
0.51,0.5,0.3864,0.9,Hierarchical-Collective
0.81,0.5,0.3864,0.73,Hierarchical-Individual
0.55,0.5,0.3864,0.82,Distributed-Individual
0.51,1.0,0.3864,0.9,Hierarchical-Collective
0.81,1.0,0.3864,0.73,Hierarchical-Individual
0.55,1.0,0.3864,0.82,Distributed-Individual
0.51,0.5,0.3864,0.9,Hierarchical-Collective
0.81,0.5,0.3864,0.73,Hierarchical-Individual
0.55,0.5,0.3864,0.82,Distributed-Individual
0.51,1.0,0.3864,0.9,Hierarchical-Collective
0.81,1.0,0.3864,0.73,Hierarchical-Individual
0.55,1.0,0.3864,0.82,Distributed-Individual
0.51,0.5,0.3864,0.9,Hierarchical-Collective
0.81,0.5,0.3864,0.73,Hierarchical-Individual
0.55,0.5,0.3864,0.82,Distributed-Individual
0.51,1.0,0.3864,0.9,Hierarchical-Collective
0.81,1.0,0.3864,0.73,Hierarchical-Individual
0.55,1.0,0.3864,0.82,Distributed-Individual
0.51,1.0,0.3864,0.9,Hierarchical-Collective
0.81,1.0,0.3864,0.73,Hierarchical-Individual
0.55,1.0,0.3864,0.82,Distributed-Individual
0.99,1.0,0.2045,0.75,Hierarchical-Individual
0.48,0.0,0.7727,0.71,Distributed-Individual
0.86,0.0,0.7727,0.76,Distributed-Individual
0.73,0.5,0.7727,0.99,Hierarchical-Collective
0.89,0.0,0.7727,0.89,Hierarchical-Individual
0.99,0.5,0.4773,0.6,Distributed-Individual
0.4,0.0,0.4773,0.97,Distributed-Collective
0.76,0.0,0.4773,0.61,Distributed-Collective
0.99,0.5,0.4773,0.6,Distributed-Individual
0.4,0.0,0.4773,0.97,Distributed-Collective
0.76,0.0,0.4773,0.61,Distributed-Collective
0.99,1.0,0.4773,0.6,Distributed-Individual
0.4,0.5,0.4773,0.97,Distributed-Collective
0.76,0.5,0.4773,0.61,Distributed-Collective
0.9,0.5,0.6818,0.66,Hierarchical-Collective
0.9,0.0,0.6818,0.66,Hierarchical-Collective
0.94,0.0,0.2955,0.81,Hierarchical-Individual
0.42,0.0,0.2955,0.7,Distributed-Individual
0.72,0.0,0.2955,0.52,Hierarchical-Individual
0.94,0.5,0.2955,0.81,Hierarchical-Individual
0.42,0.5,0.2955,0.7,Distributed-Individual
0.72,0.5,0.2955,0.52,Hierarchical-Individual
0.94,0.0,0.2955,0.81,Hierarchical-Individual
0.42,0.0,0.2955,0.7,Distributed-Individual
0.72,0.0,0.2955,0.52,Hierarchical-Individual
0.79,0.5,0.7273,0.91,Hierarchical-Individual
0.4,0.5,0.7273,0.75,Distributed-Collective
0.96,1.0,0.6818,0.72,Hierarchical-Collective
0.96,1.0,0.6818,0.72,Hierarchical-Collective
0.44,1.0,0.4773,0.72,Distributed-Individual
0.96,1.0,0.4773,0.94,Distributed-Individual
0.73,1.0,0.4773,0.64,Hierarchical-Collective
0.64,0.5,0.4773,0.58,Hierarchical-Individual
0.44,0.5,0.4773,0.72,Distributed-Individual
0.96,0.5,0.4773,0.94,Distributed-Individual
0.73,0.5,0.4773,0.64,Hierarchical-Collective
0.64,0.0,0.4773,0.58,Hierarchical-Individual
0.44,0.5,0.4773,0.72,Distributed-Individual
0.96,0.5,0.4773,0.94,Distributed-Individual
0.73,0.5,0.4773,0.64,Hierarchical-Collective
0.64,0.0,0.4773,0.58,Hierarchical-Individual
0.88,0.5,0.2727,0.52,Distributed-Collective
0.4,0.5,0.2727,0.99,Distributed-Collective
0.75,1.0,0.2727,0.92,Distributed-Collective
0.88,0.0,0.2727,0.52,Distributed-Collective
0.4,0.0,0.2727,0.99,Distributed-Collective
0.75,0.5,0.2727,0.92,Distributed-Collective
0.88,0.0,0.2727,0.52,Distributed-Collective
0.4,0.0,0.2727,0.99,Distributed-Collective
0.75,0.5,0.2727,0.92,Distributed-Collective
0.66,1.0,0.1591,0.77,Distributed-Collective
0.47,0.5,0.1591,0.58,Hierarchical-Collective
0.68,0.5,0.3182,0.82,Distributed-Collective
0.71,0.5,0.3864,0.73,Hierarchical-Collective
0.54,0.0,0.3864,1.0,Hierarchical-Collective
0.59,0.0,0.3864,0.78,Distributed-Collective
0.71,1.0,0.3864,0.73,Hierarchical-Collective
0.54,0.5,0.3864,1.0,Hierarchical-Collective
0.59,0.5,0.3864,0.78,Distributed-Collective
0.76,0.5,0.7273,0.94,Hierarchical-Collective
0.41,1.0,0.7273,0.89,Distributed-Individual
0.59,1.0,0.4545,0.93,Distributed-Collective
1.0,1.0,0.4545,0.96,Hierarchical-Collective
0.59,1.0,0.4545,0.93,Distributed-Collective
1.0,1.0,0.4545,0.96,Hierarchical-Collective
0.46,0.5,0.5227,0.92,Distributed-Individual
0.46,0.5,0.5227,0.92,Distributed-Individual
0.46,0.5,0.5227,0.92,Distributed-Individual
0.75,1.0,0.6364,0.96,Hierarchical-Individual
0.59,0.5,0.6364,0.85,Distributed-Individual
0.93,1.0,0.1591,0.65,Hierarchical-Individual
0.53,0.5,0.2955,0.91,Distributed-Individual
0.42,0.0,0.2955,0.59,Hierarchical-Collective
0.58,0.5,0.2955,0.71,Hierarchical-Individual
0.66,0.0,0.2955,0.5,Hierarchical-Individual
0.53,1.0,0.2955,0.91,Distributed-Individual
0.42,0.5,0.2955,0.59,Hierarchical-Collective
0.58,1.0,0.2955,0.71,Hierarchical-Individual
0.66,0.5,0.2955,0.5,Hierarchical-Individual
0.86,1.0,0.4318,0.88,Distributed-Individual
0.65,1.0,0.4318,0.71,Hierarchical-Collective
0.94,0.5,0.4318,0.72,Hierarchical-Collective
0.82,1.0,0.4318,0.92,Distributed-Collective
0.85,0.5,0.4318,0.6,Hierarchical-Individual
0.41,0.5,0.4318,0.75,Distributed-Individual
0.86,1.0,0.4318,0.88,Distributed-Individual
0.65,1.0,0.4318,0.71,Hierarchical-Collective
0.94,0.5,0.4318,0.72,Hierarchical-Collective
0.82,1.0,0.4318,0.92,Distributed-Collective
0.85,0.5,0.4318,0.6,Hierarchical-Individual
0.41,0.5,0.4318,0.75,Distributed-Individual
0.44,1.0,0.7273,0.78,Distributed-Collective
0.49,0.5,0.75,0.93,Distributed-Individual
0.46,0.5,0.75,0.53,Distributed-Collective
0.55,1.0,0.6818,0.75,Hierarchical-Collective
0.54,0.5,0.3409,0.68,Distributed-Collective
0.96,1.0,0.3409,0.6,Distributed-Individual
0.44,1.0,0.3409,0.62,Distributed-Collective
0.67,1.0,0.3409,0.66,Distributed-Collective
0.58,1.0,0.3409,0.72,Distributed-Individual
0.54,0.5,0.3409,0.68,Distributed-Collective
0.96,1.0,0.3409,0.6,Distributed-Individual
0.44,1.0,0.3409,0.62,Distributed-Collective
0.67,1.0,0.3409,0.66,Distributed-Collective
0.58,1.0,0.3409,0.72,Distributed-Individual
0.54,0.0,0.3409,0.68,Distributed-Collective
0.96,0.5,0.3409,0.6,Distributed-Individual
0.44,0.5,0.3409,0.62,Distributed-Collective
0.67,0.5,0.3409,0.66,Distributed-Collective
0.58,0.5,0.3409,0.72,Distributed-Individual
0.54,0.5,0.3409,0.68,Distributed-Collective
0.96,1.0,0.3409,0.6,Distributed-Individual
0.44,1.0,0.3409,0.62,Distributed-Collective
0.67,1.0,0.3409,0.66,Distributed-Collective
0.58,1.0,0.3409,0.72,Distributed-Individual
0.9,1.0,0.6364,0.85,Hierarchical-Collective
0.92,1.0,0.6364,0.59,Hierarchical-Individual
0.77,1.0,0.6364,0.56,Distributed-Individual
0.42,0.5,0.6364,0.8,Distributed-Collective
0.9,1.0,0.6364,0.85,Hierarchical-Collective
0.92,1.0,0.6364,0.59,Hierarchical-Individual
0.77,1.0,0.6364,0.56,Distributed-Individual
0.42,0.5,0.6364,0.8,Distributed-Collective
0.63,1.0,0.2045,0.72,Distributed-Individual
0.43,1.0,0.2045,0.5,Distributed-Collective
0.89,1.0,0.2045,0.58,Hierarchical-Collective
0.4,0.5,0.2045,0.86,Hierarchical-Individual
0.77,1.0,0.2045,0.77,Distributed-Collective
0.42,0.0,0.4773,0.72,Distributed-Collective
0.57,0.5,0.4773,0.67,Distributed-Individual
0.96,0.5,0.4773,0.96,Distributed-Collective
0.92,0.0,0.4773,0.62,Hierarchical-Collective
0.44,0.5,0.4773,0.63,Distributed-Collective
0.42,0.5,0.4773,0.72,Distributed-Collective
0.57,1.0,0.4773,0.67,Distributed-Individual
0.96,1.0,0.4773,0.96,Distributed-Collective
0.92,0.5,0.4773,0.62,Hierarchical-Collective
0.44,1.0,0.4773,0.63,Distributed-Collective
0.71,0.5,0.1591,0.94,Hierarchical-Collective
0.8,0.0,0.1591,0.93,Hierarchical-Individual
0.71,1.0,0.1591,0.94,Hierarchical-Collective
0.8,0.5,0.1591,0.93,Hierarchical-Individual
0.92,1.0,0.6364,0.53,Hierarchical-Collective
0.92,1.0,0.6364,0.53,Hierarchical-Collective
0.92,1.0,0.6364,0.53,Hierarchical-Collective
0.75,1.0,0.3182,0.9,Hierarchical-Individual
0.75,1.0,0.3182,0.9,Hierarchical-Individual
0.75,1.0,0.3182,0.9,Hierarchical-Individual
0.75,1.0,0.3182,0.9,Hierarchical-Individual
0.84,0.5,0.7727,0.73,Distributed-Individual
0.77,0.5,0.6136,0.8,Hierarchical-Collective
0.92,0.0,0.6136,0.64,Distributed-Collective
0.53,0.5,0.6136,0.55,Hierarchical-Collective
0.68,0.5,0.7273,0.84,Hierarchical-Individual
0.5,0.5,0.7273,0.99,Hierarchical-Collective
0.62,0.5,0.7273,0.54,Distributed-Collective
0.91,0.0,0.1818,0.96,Distributed-Collective
0.71,0.0,0.1818,0.9,Hierarchical-Individual
0.84,0.5,0.7045,0.9,Distributed-Collective
0.68,0.5,0.7045,0.63,Distributed-Individual
0.62,0.5,0.7045,0.67,Hierarchical-Individual
0.84,0.5,0.7045,0.9,Distributed-Collective
0.68,0.5,0.7045,0.63,Distributed-Individual
0.62,0.5,0.7045,0.67,Hierarchical-Individual
0.55,1.0,0.25,0.95,Distributed-Individual
0.91,0.5,0.25,0.62,Distributed-Collective
0.95,0.5,0.25,0.54,Distributed-Individual
0.55,0.5,0.25,0.95,Distributed-Individual
0.91,0.0,0.25,0.62,Distributed-Collective
0.95,0.0,0.25,0.54,Distributed-Individual
0.42,0.5,0.5455,0.51,Distributed-Collective
0.97,1.0,0.5,0.53,Distributed-Individual
0.97,1.0,0.5,0.53,Distributed-Individual
0.97,1.0,0.5,0.53,Distributed-Individual
0.82,0.0,0.5227,0.95,Hierarchical-Collective
0.78,0.5,0.5227,0.75,Distributed-Individual
0.47,0.5,0.5227,0.8,Hierarchical-Collective
0.82,0.5,0.5227,0.95,Hierarchical-Collective
0.78,1.0,0.5227,0.75,Distributed-Individual
0.47,1.0,0.5227,0.8,Hierarchical-Collective
0.82,0.5,0.5227,0.95,Hierarchical-Collective
0.78,1.0,0.5227,0.75,Distributed-Individual
0.47,1.0,0.5227,0.8,Hierarchical-Collective
0.82,0.5,0.5227,0.95,Hierarchical-Collective
0.78,1.0,0.5227,0.75,Distributed-Individual
0.47,1.0,0.5227,0.8,Hierarchical-Collective
0.97,0.0,0.4318,0.83,Distributed-Collective
0.63,0.5,0.4318,0.91,Hierarchical-Individual
0.49,0.5,0.4318,0.72,Distributed-Individual
0.96,0.0,0.4318,0.61,Hierarchical-Individual
0.97,0.5,0.4318,0.83,Distributed-Collective
0.63,1.0,0.4318,0.91,Hierarchical-Individual
0.49,1.0,0.4318,0.72,Distributed-Individual
0.96,0.5,0.4318,0.61,Hierarchical-Individual
0.97,0.5,0.4318,0.83,Distributed-Collective
0.63,1.0,0.4318,0.91,Hierarchical-Individual
0.49,1.0,0.4318,0.72,Distributed-Individual
0.96,0.5,0.4318,0.61,Hierarchical-Individual
0.97,0.5,0.4318,0.83,Distributed-Collective
0.63,1.0,0.4318,0.91,Hierarchical-Individual
0.49,1.0,0.4318,0.72,Distributed-Individual
0.96,0.5,0.4318,0.61,Hierarchical-Individual
0.48,1.0,0.1591,0.73,Distributed-Individual
0.95,0.5,0.75,0.98,Distributed-Collective
0.42,1.0,0.2727,0.54,Hierarchical-Individual
0.6,1.0,0.2727,0.98,Hierarchical-Collective
0.67,1.0,0.2727,0.91,Hierarchical-Collective
0.87,0.5,0.2727,0.51,Distributed-Individual
0.54,1.0,0.2727,0.95,Hierarchical-Collective
0.42,0.5,0.2727,0.54,Hierarchical-Individual
0.6,0.5,0.2727,0.98,Hierarchical-Collective
0.67,0.5,0.2727,0.91,Hierarchical-Collective
0.87,0.0,0.2727,0.51,Distributed-Individual
0.54,0.5,0.2727,0.95,Hierarchical-Collective
0.42,1.0,0.2727,0.54,Hierarchical-Individual
0.6,1.0,0.2727,0.98,Hierarchical-Collective
0.67,1.0,0.2727,0.91,Hierarchical-Collective
0.87,0.5,0.2727,0.51,Distributed-Individual
0.54,1.0,0.2727,0.95,Hierarchical-Collective
0.86,0.5,0.2955,0.9,Hierarchical-Collective
0.64,0.5,0.2955,0.68,Distributed-Individual
0.76,1.0,0.2955,0.73,Hierarchical-Individual
0.41,1.0,0.2955,0.96,Distributed-Individual
0.65,0.5,0.2955,0.6,Hierarchical-Individual
0.86,0.0,0.2955,0.9,Hierarchical-Collective
0.64,0.0,0.2955,0.68,Distributed-Individual
0.76,0.5,0.2955,0.73,Hierarchical-Individual
0.41,0.5,0.2955,0.96,Distributed-Individual
0.65,0.0,0.2955,0.6,Hierarchical-Individual
0.86,0.0,0.2955,0.9,Hierarchical-Collective
0.64,0.0,0.2955,0.68,Distributed-Individual
0.76,0.5,0.2955,0.73,Hierarchical-Individual
0.41,0.5,0.2955,0.96,Distributed-Individual
0.65,0.0,0.2955,0.6,Hierarchical-Individual
0.96,1.0,0.6136,0.75,Distributed-Collective
0.54,0.5,0.6136,0.76,Distributed-Collective
0.47,1.0,0.6136,0.59,Hierarchical-Individual
0.61,1.0,0.7955,0.67,Distributed-Collective
0.88,1.0,0.7955,0.82,Hierarchical-Individual
0.89,0.5,0.7955,0.56,Hierarchical-Collective
0.64,0.5,0.3864,0.51,Distributed-Collective
0.7,0.5,0.3864,0.82,Hierarchical-Collective
0.64,0.0,0.3864,0.51,Distributed-Collective
0.7,0.0,0.3864,0.82,Hierarchical-Collective
0.64,0.5,0.3864,0.51,Distributed-Collective
0.7,0.5,0.3864,0.82,Hierarchical-Collective
0.43,0.5,0.6364,0.81,Hierarchical-Collective
1.0,0.0,0.6364,0.96,Hierarchical-Collective
0.48,0.5,0.6364,0.62,Distributed-Collective
0.5,0.0,0.6364,0.91,Hierarchical-Collective
0.43,0.5,0.6364,0.81,Hierarchical-Collective
1.0,0.0,0.6364,0.96,Hierarchical-Collective
0.48,0.5,0.6364,0.62,Distributed-Collective
0.5,0.0,0.6364,0.91,Hierarchical-Collective
0.43,0.5,0.6364,0.81,Hierarchical-Collective
1.0,0.0,0.6364,0.96,Hierarchical-Collective
0.48,0.5,0.6364,0.62,Distributed-Collective
0.5,0.0,0.6364,0.91,Hierarchical-Collective
0.92,1.0,0.25,0.55,Distributed-Individual
0.49,1.0,0.25,0.68,Distributed-Collective
0.55,0.5,0.25,0.81,Hierarchical-Collective
0.92,0.5,0.25,0.55,Distributed-Individual
0.49,0.5,0.25,0.68,Distributed-Collective
0.55,0.0,0.25,0.81,Hierarchical-Collective
0.66,1.0,0.1591,0.76,Distributed-Collective
0.87,1.0,0.1591,0.57,Distributed-Individual
0.94,1.0,0.1591,0.78,Distributed-Collective
0.54,1.0,0.1591,0.56,Distributed-Individual
0.67,0.5,0.1591,0.78,Distributed-Collective
0.98,0.0,0.5909,0.65,Hierarchical-Collective
0.74,0.5,0.5909,0.87,Hierarchical-Individual
0.47,0.0,0.5909,0.68,Distributed-Collective
0.98,0.0,0.5909,0.65,Hierarchical-Collective
0.74,0.5,0.5909,0.87,Hierarchical-Individual
0.47,0.0,0.5909,0.68,Distributed-Collective
0.93,0.5,0.8864,0.56,Hierarchical-Individual
0.48,0.0,0.8864,0.56,Hierarchical-Individual
0.56,0.5,0.7727,0.63,Hierarchical-Collective
0.86,0.5,0.4318,0.91,Hierarchical-Individual
0.47,0.0,0.4318,0.57,Hierarchical-Collective
0.84,0.5,0.4318,0.85,Distributed-Individual
0.86,1.0,0.4318,0.91,Hierarchical-Individual
0.47,0.5,0.4318,0.57,Hierarchical-Collective
0.84,1.0,0.4318,0.85,Distributed-Individual
0.86,1.0,0.4318,0.91,Hierarchical-Individual
0.47,0.5,0.4318,0.57,Hierarchical-Collective
0.84,1.0,0.4318,0.85,Distributed-Individual
0.86,1.0,0.4318,0.91,Hierarchical-Individual
0.47,0.5,0.4318,0.57,Hierarchical-Collective
0.84,1.0,0.4318,0.85,Distributed-Individual
0.86,0.5,0.4318,0.91,Hierarchical-Individual
0.47,0.0,0.4318,0.57,Hierarchical-Collective
0.84,0.5,0.4318,0.85,Distributed-Individual
0.62,0.5,0.6818,0.99,Distributed-Individual
0.9,0.5,0.6818,0.84,Hierarchical-Collective
0.7,0.5,0.6818,0.74,Hierarchical-Individual
0.52,0.5,0.2045,0.5,Hierarchical-Individual
0.85,1.0,0.2045,0.98,Distributed-Collective
0.42,1.0,0.2045,0.75,Hierarchical-Individual
0.48,1.0,0.2045,0.54,Hierarchical-Individual
0.72,0.5,0.2045,0.53,Hierarchical-Collective
0.56,1.0,0.2045,0.96,Hierarchical-Individual
0.88,1.0,0.2045,0.94,Distributed-Individual
0.59,0.5,0.3636,0.87,Distributed-Individual
0.59,0.5,0.3636,0.87,Distributed-Individual
0.59,1.0,0.3636,0.87,Distributed-Individual
0.68,0.5,0.5909,0.88,Distributed-Collective
0.76,0.5,0.5909,0.53,Hierarchical-Individual
0.74,0.5,0.5909,0.93,Distributed-Collective
0.68,1.0,0.5909,0.88,Distributed-Collective
0.76,1.0,0.5909,0.53,Hierarchical-Individual
0.74,1.0,0.5909,0.93,Distributed-Collective
0.68,0.5,0.5909,0.88,Distributed-Collective
0.76,0.5,0.5909,0.53,Hierarchical-Individual
0.74,0.5,0.5909,0.93,Distributed-Collective
0.68,0.5,0.5909,0.88,Distributed-Collective
0.76,0.5,0.5909,0.53,Hierarchical-Individual
0.74,0.5,0.5909,0.93,Distributed-Collective
0.67,1.0,0.1364,0.99,Hierarchical-Collective
0.94,1.0,0.1364,0.77,Distributed-Collective
0.65,0.5,0.3636,0.99,Hierarchical-Collective
0.75,0.5,0.3636,0.54,Hierarchical-Individual
0.65,0.5,0.3636,0.99,Hierarchical-Collective
0.75,0.5,0.3636,0.54,Hierarchical-Individual
0.65,1.0,0.3636,0.99,Hierarchical-Collective
0.75,1.0,0.3636,0.54,Hierarchical-Individual
0.65,1.0,0.3636,0.99,Hierarchical-Collective
0.75,1.0,0.3636,0.54,Hierarchical-Individual
0.65,0.5,0.3636,0.99,Hierarchical-Collective
0.75,0.5,0.3636,0.54,Hierarchical-Individual
0.92,1.0,0.3182,0.59,Hierarchical-Collective
0.81,1.0,0.3182,0.54,Hierarchical-Individual
0.96,0.5,0.3182,0.86,Distributed-Collective
0.78,1.0,0.3182,0.74,Distributed-Collective
0.92,1.0,0.3182,0.59,Hierarchical-Collective
0.81,1.0,0.3182,0.54,Hierarchical-Individual
0.96,0.5,0.3182,0.86,Distributed-Collective
0.78,1.0,0.3182,0.74,Distributed-Collective
0.51,0.5,0.6364,0.7,Hierarchical-Individual
0.71,0.5,0.6364,0.88,Hierarchical-Collective
0.58,0.5,0.6364,0.68,Hierarchical-Collective
0.96,1.0,0.1818,0.6,Hierarchical-Individual
0.64,1.0,0.1818,0.67,Distributed-Individual
0.9,0.0,0.3182,0.94,Hierarchical-Individual
0.72,0.5,0.3182,0.91,Distributed-Collective
0.72,0.5,0.3182,0.81,Distributed-Individual
0.7,1.0,0.4545,0.55,Hierarchical-Collective
0.99,1.0,0.4545,0.5,Hierarchical-Individual
0.55,1.0,0.4545,0.6,Distributed-Collective
0.7,1.0,0.4545,0.55,Hierarchical-Collective
0.99,1.0,0.4545,0.5,Hierarchical-Individual
0.55,1.0,0.4545,0.6,Distributed-Collective
0.7,1.0,0.4545,0.55,Hierarchical-Collective
0.99,1.0,0.4545,0.5,Hierarchical-Individual
0.55,1.0,0.4545,0.6,Distributed-Collective
0.75,0.5,0.2727,0.51,Distributed-Individual
0.64,0.0,0.2727,0.89,Hierarchical-Collective
0.52,0.5,0.25,0.58,Hierarchical-Individual
0.85,0.0,0.25,0.84,Distributed-Individual
0.52,1.0,0.25,0.58,Hierarchical-Individual
0.85,0.5,0.25,0.84,Distributed-Individual
0.96,1.0,0.2727,0.94,Distributed-Collective
0.53,0.5,0.2727,0.66,Distributed-Individual
0.96,1.0,0.2727,0.94,Distributed-Collective
0.53,0.5,0.2727,0.66,Distributed-Individual
0.77,1.0,0.6818,0.96,Distributed-Collective
0.61,0.5,0.6818,0.62,Hierarchical-Individual
0.77,1.0,0.6818,0.96,Distributed-Collective
0.61,0.5,0.6818,0.62,Hierarchical-Individual
0.96,1.0,0.2955,0.85,Hierarchical-Individual
0.7,0.5,0.2955,0.81,Hierarchical-Individual
0.96,1.0,0.2955,0.85,Hierarchical-Individual
0.7,0.5,0.2955,0.81,Hierarchical-Individual
0.56,0.0,0.3636,0.75,Distributed-Collective
0.56,0.5,0.3636,0.75,Distributed-Collective
0.56,0.5,0.3636,0.75,Distributed-Collective
1.0,1.0,0.5,0.78,Distributed-Individual
0.88,0.5,0.5,0.79,Distributed-Individual
0.96,1.0,0.5,0.78,Distributed-Individual
0.91,1.0,0.5,0.54,Distributed-Collective
0.52,1.0,0.5,0.76,Hierarchical-Collective
0.92,0.5,0.5,0.95,Distributed-Individual
1.0,0.5,0.5,0.78,Distributed-Individual
0.88,0.0,0.5,0.79,Distributed-Individual
0.96,0.5,0.5,0.78,Distributed-Individual
0.91,0.5,0.5,0.54,Distributed-Collective
0.52,0.5,0.5,0.76,Hierarchical-Collective
0.92,0.0,0.5,0.95,Distributed-Individual
0.45,0.5,0.2045,0.74,Hierarchical-Collective
0.81,0.5,0.1591,0.82,Hierarchical-Collective
0.86,0.5,0.5,0.95,Hierarchical-Individual
0.86,1.0,0.5,0.95,Hierarchical-Individual
0.78,0.0,0.6818,0.51,Hierarchical-Collective
0.9,0.0,0.6818,0.57,Hierarchical-Collective
0.78,0.5,0.6818,0.51,Hierarchical-Collective
0.9,0.5,0.6818,0.57,Hierarchical-Collective
0.96,0.5,0.6818,0.72,Distributed-Collective
0.46,0.0,0.6818,0.56,Distributed-Collective
0.5,0.5,0.6818,0.8,Distributed-Collective
0.95,0.0,0.6818,0.91,Hierarchical-Collective
0.82,0.5,0.6818,0.75,Distributed-Collective
0.76,0.5,0.6818,0.61,Hierarchical-Collective
0.92,1.0,0.7045,0.61,Distributed-Individual
0.72,1.0,0.7045,0.72,Hierarchical-Collective
0.68,0.5,0.2273,0.77,Hierarchical-Collective
0.68,0.5,0.2273,0.77,Hierarchical-Collective
0.56,0.5,0.5682,0.84,Distributed-Individual
0.98,1.0,0.5682,0.76,Distributed-Individual
0.56,0.0,0.5682,0.84,Distributed-Individual
0.98,0.5,0.5682,0.76,Distributed-Individual
0.56,0.5,0.5682,0.84,Distributed-Individual
0.98,1.0,0.5682,0.76,Distributed-Individual
0.66,0.5,0.1364,0.57,Distributed-Collective
0.69,0.0,0.1364,0.96,Distributed-Individual
0.78,0.5,0.1364,0.58,Distributed-Individual
0.92,0.5,0.4091,0.76,Hierarchical-Collective
0.78,1.0,0.2727,0.5,Distributed-Individual
0.42,1.0,0.2727,0.7,Distributed-Collective
0.78,1.0,0.2727,0.5,Distributed-Individual
0.42,1.0,0.2727,0.7,Distributed-Collective
0.94,0.5,0.75,0.53,Hierarchical-Individual
0.94,1.0,0.75,0.53,Hierarchical-Individual
0.62,0.5,0.7045,0.99,Hierarchical-Collective
0.74,1.0,0.7273,0.84,Hierarchical-Collective
0.47,0.5,0.7273,0.64,Hierarchical-Individual
0.59,0.0,0.5227,0.62,Hierarchical-Individual
0.51,0.0,0.5227,0.72,Hierarchical-Individual
0.94,0.0,0.5227,0.62,Distributed-Individual
0.75,0.0,0.5227,0.61,Hierarchical-Individual
0.81,0.0,0.5227,0.96,Distributed-Individual
0.59,0.5,0.5227,0.62,Hierarchical-Individual
0.51,0.5,0.5227,0.72,Hierarchical-Individual
0.94,0.5,0.5227,0.62,Distributed-Individual
0.75,0.5,0.5227,0.61,Hierarchical-Individual
0.81,0.5,0.5227,0.96,Distributed-Individual
0.59,0.5,0.5227,0.62,Hierarchical-Individual
0.51,0.5,0.5227,0.72,Hierarchical-Individual
0.94,0.5,0.5227,0.62,Distributed-Individual
0.75,0.5,0.5227,0.61,Hierarchical-Individual
0.81,0.5,0.5227,0.96,Distributed-Individual
0.59,0.0,0.5227,0.62,Hierarchical-Individual
0.51,0.0,0.5227,0.72,Hierarchical-Individual
0.94,0.0,0.5227,0.62,Distributed-Individual
0.75,0.0,0.5227,0.61,Hierarchical-Individual
0.81,0.0,0.5227,0.96,Distributed-Individual
0.64,0.5,0.6364,0.87,Hierarchical-Individual
0.46,0.0,0.6364,0.64,Hierarchical-Individual
0.95,0.0,0.6364,0.72,Hierarchical-Individual
0.62,0.5,0.6364,0.53,Hierarchical-Individual
0.86,0.0,0.6364,0.9,Distributed-Individual
0.72,0.5,0.6364,1.0,Hierarchical-Individual
0.58,1.0,0.6818,0.62,Hierarchical-Individual
0.58,1.0,0.8864,0.77,Distributed-Collective
0.94,1.0,0.8864,0.69,Distributed-Individual
0.83,1.0,0.8864,0.97,Hierarchical-Individual
0.7,0.0,0.1818,0.72,Distributed-Collective
0.71,0.5,0.1818,0.62,Hierarchical-Collective
0.67,0.0,0.1818,0.65,Distributed-Collective
0.91,0.0,0.1818,0.95,Hierarchical-Individual
0.52,0.5,0.1818,0.96,Hierarchical-Individual
0.7,0.0,0.1818,0.72,Distributed-Collective
0.71,0.5,0.1818,0.62,Hierarchical-Collective
0.67,0.0,0.1818,0.65,Distributed-Collective
0.91,0.0,0.1818,0.95,Hierarchical-Individual
0.52,0.5,0.1818,0.96,Hierarchical-Individual
1.0,0.5,0.7273,0.61,Hierarchical-Individual
0.93,0.0,0.7273,0.65,Distributed-Collective
0.83,0.5,0.7273,0.65,Hierarchical-Individual
0.5,1.0,0.1818,0.54,Hierarchical-Individual
0.92,1.0,0.1818,0.72,Hierarchical-Collective
0.99,1.0,0.4545,0.55,Distributed-Collective
0.97,0.5,0.4545,0.78,Distributed-Individual
0.99,0.5,0.4545,0.55,Distributed-Collective
0.97,0.0,0.4545,0.78,Distributed-Individual
0.99,0.5,0.4545,0.55,Distributed-Collective
0.97,0.0,0.4545,0.78,Distributed-Individual
0.99,0.5,0.4545,0.55,Distributed-Collective
0.97,0.0,0.4545,0.78,Distributed-Individual
0.78,1.0,0.5455,0.71,Distributed-Collective
0.78,1.0,0.5455,0.71,Distributed-Collective
0.59,0.5,0.4545,0.97,Hierarchical-Individual
0.75,0.5,0.4545,0.52,Hierarchical-Individual
0.41,0.5,0.2045,0.59,Distributed-Collective
0.44,0.5,0.2045,0.5,Hierarchical-Individual
0.41,0.5,0.2045,0.59,Distributed-Collective
0.44,0.5,0.2045,0.5,Hierarchical-Individual
0.82,0.5,0.6818,0.58,Distributed-Collective
0.79,0.5,0.6818,0.73,Distributed-Individual
0.79,0.5,0.6818,0.89,Hierarchical-Individual
0.82,1.0,0.6818,0.58,Distributed-Collective
0.79,1.0,0.6818,0.73,Distributed-Individual
0.79,1.0,0.6818,0.89,Hierarchical-Individual
0.82,1.0,0.6818,0.58,Distributed-Collective
0.79,1.0,0.6818,0.73,Distributed-Individual
0.79,1.0,0.6818,0.89,Hierarchical-Individual
0.7,1.0,0.2273,0.51,Distributed-Individual
0.7,0.5,0.2273,0.51,Distributed-Individual
0.7,1.0,0.2273,0.51,Distributed-Individual
0.71,0.5,0.5909,1.0,Distributed-Collective
0.76,0.5,0.5909,0.69,Hierarchical-Individual
0.41,0.0,0.5909,0.53,Hierarchical-Individual
0.67,0.0,0.5909,0.72,Hierarchical-Individual
0.71,1.0,0.5909,1.0,Distributed-Collective
0.76,1.0,0.5909,0.69,Hierarchical-Individual
0.41,0.5,0.5909,0.53,Hierarchical-Individual
0.67,0.5,0.5909,0.72,Hierarchical-Individual
0.68,0.5,0.8409,0.9,Hierarchical-Individual
0.58,0.0,0.5909,0.65,Distributed-Collective
0.45,0.5,0.5909,0.72,Distributed-Individual
0.58,0.5,0.5909,0.65,Distributed-Collective
0.45,1.0,0.5909,0.72,Distributed-Individual
0.77,0.0,0.3182,0.61,Hierarchical-Collective
0.77,0.5,0.3182,0.6,Distributed-Individual
0.91,1.0,0.25,0.53,Hierarchical-Collective
0.4,1.0,0.25,0.52,Hierarchical-Individual
0.83,0.5,0.25,0.68,Distributed-Collective
0.63,0.0,0.1818,0.51,Distributed-Individual
0.7,0.0,0.1818,0.71,Distributed-Collective
0.78,0.0,0.3636,0.62,Distributed-Individual
0.52,0.5,0.3636,0.9,Distributed-Individual
0.78,0.5,0.3636,0.62,Distributed-Individual
0.52,1.0,0.3636,0.9,Distributed-Individual
0.58,0.5,0.6136,0.5,Distributed-Collective
0.86,1.0,0.6136,0.8,Distributed-Collective
0.43,1.0,0.25,0.69,Distributed-Individual
0.43,1.0,0.25,0.69,Distributed-Individual
0.55,0.5,0.3182,0.99,Distributed-Collective
0.69,0.5,0.3182,0.52,Hierarchical-Individual
0.82,1.0,0.3409,0.62,Distributed-Collective
0.58,1.0,0.3409,0.73,Hierarchical-Individual
0.73,1.0,0.3409,0.83,Hierarchical-Individual
0.46,0.5,0.3409,0.74,Distributed-Collective
0.82,1.0,0.3409,0.62,Distributed-Collective
0.58,1.0,0.3409,0.73,Hierarchical-Individual
0.73,1.0,0.3409,0.83,Hierarchical-Individual
0.46,0.5,0.3409,0.74,Distributed-Collective
0.49,0.5,0.7045,0.79,Distributed-Collective
0.63,1.0,0.7045,0.64,Hierarchical-Collective
0.63,1.0,0.6818,0.55,Distributed-Individual
0.97,0.5,0.6818,0.94,Hierarchical-Collective
0.75,0.5,0.6818,0.66,Distributed-Collective
0.63,1.0,0.6818,0.55,Distributed-Individual
0.97,0.5,0.6818,0.94,Hierarchical-Collective
0.75,0.5,0.6818,0.66,Distributed-Collective
0.58,0.5,0.25,0.96,Hierarchical-Collective
0.85,1.0,0.25,0.61,Distributed-Collective
0.54,1.0,0.25,0.7,Hierarchical-Individual
0.54,0.5,0.3864,0.85,Hierarchical-Collective
0.73,0.5,0.3864,0.74,Distributed-Individual
0.89,0.0,0.3864,0.95,Distributed-Individual
0.82,0.5,0.3864,0.97,Hierarchical-Individual
1.0,0.5,0.7045,0.53,Distributed-Collective
0.63,0.5,0.3636,0.62,Hierarchical-Collective
0.57,0.0,0.7727,0.76,Distributed-Individual
0.86,0.5,0.7727,0.7,Distributed-Collective
0.62,0.5,0.7727,0.64,Hierarchical-Individual
0.48,0.5,0.7727,0.51,Hierarchical-Collective
0.43,0.5,0.6364,0.59,Distributed-Collective
0.72,1.0,0.6364,0.67,Hierarchical-Collective
0.96,0.5,0.6364,0.78,Hierarchical-Collective
0.69,0.5,0.1136,0.6,Hierarchical-Individual
0.47,1.0,0.1136,0.66,Hierarchical-Individual
0.89,1.0,0.1364,0.79,Hierarchical-Individual
0.84,1.0,0.1364,0.85,Hierarchical-Collective
0.86,0.5,0.25,0.84,Hierarchical-Individual
0.84,0.0,0.25,0.87,Hierarchical-Collective
0.96,1.0,0.2955,0.68,Distributed-Collective
0.55,0.5,0.2955,0.59,Hierarchical-Collective
0.96,0.5,0.2955,0.93,Distributed-Collective
0.84,1.0,0.2955,0.64,Distributed-Individual
0.42,0.5,0.2955,0.73,Distributed-Individual
0.52,1.0,0.2955,0.66,Hierarchical-Collective
0.96,0.5,0.2955,0.68,Distributed-Collective
0.55,0.0,0.2955,0.59,Hierarchical-Collective
0.96,0.0,0.2955,0.93,Distributed-Collective
0.84,0.5,0.2955,0.64,Distributed-Individual
0.42,0.0,0.2955,0.73,Distributed-Individual
0.52,0.5,0.2955,0.66,Hierarchical-Collective
0.96,0.5,0.2955,0.68,Distributed-Collective
0.55,0.0,0.2955,0.59,Hierarchical-Collective
0.96,0.0,0.2955,0.93,Distributed-Collective
0.84,0.5,0.2955,0.64,Distributed-Individual
0.42,0.0,0.2955,0.73,Distributed-Individual
0.52,0.5,0.2955,0.66,Hierarchical-Collective
0.74,1.0,0.2045,0.74,Hierarchical-Collective
0.99,0.5,0.2045,0.92,Hierarchical-Collective
0.6,1.0,0.5682,0.58,Hierarchical-Collective
0.6,0.5,0.5682,0.58,Hierarchical-Collective
0.6,0.5,0.5682,0.58,Hierarchical-Collective
0.99,0.5,0.7045,0.97,Distributed-Collective
0.97,0.0,0.7045,0.91,Distributed-Collective
1.0,0.0,0.2045,0.69,Distributed-Individual
0.93,1.0,0.75,0.57,Hierarchical-Individual
0.79,0.5,0.75,0.98,Hierarchical-Individual
0.6,0.5,0.75,0.57,Hierarchical-Individual
0.58,0.5,0.75,0.6,Hierarchical-Individual
0.63,0.5,0.75,0.86,Hierarchical-Collective
0.9,0.5,0.1818,0.68,Hierarchical-Individual
0.52,1.0,0.1818,0.96,Hierarchical-Individual
0.62,0.0,0.1818,0.97,Distributed-Collective
0.5,0.5,0.1818,0.88,Distributed-Collective
0.79,1.0,0.75,0.7,Distributed-Individual
0.84,0.5,0.3182,0.6,Hierarchical-Collective
0.53,0.0,0.3182,0.54,Distributed-Individual
0.84,1.0,0.3182,0.6,Hierarchical-Collective
0.53,0.5,0.3182,0.54,Distributed-Individual
0.53,0.5,0.2727,0.7,Distributed-Individual
0.87,0.5,0.2727,0.86,Distributed-Collective
0.53,0.5,0.2727,0.7,Distributed-Individual
0.87,0.5,0.2727,0.86,Distributed-Collective
0.73,0.5,0.2273,0.54,Distributed-Individual
0.64,0.5,0.2273,0.97,Hierarchical-Individual
0.7,0.5,0.2273,0.9,Distributed-Individual
0.58,1.0,0.2273,0.95,Hierarchical-Individual
0.95,0.0,0.5909,0.79,Distributed-Collective
0.94,0.0,0.5909,0.87,Distributed-Individual
0.8,0.0,0.5909,0.82,Hierarchical-Individual
0.62,0.5,0.5909,0.83,Hierarchical-Individual
0.97,1.0,0.5909,0.74,Distributed-Collective
0.65,1.0,0.5909,0.66,Hierarchical-Individual
0.52,0.5,0.5909,0.93,Hierarchical-Collective
0.62,0.5,0.5909,0.83,Hierarchical-Individual
0.97,1.0,0.5909,0.74,Distributed-Collective
0.65,1.0,0.5909,0.66,Hierarchical-Individual
0.52,0.5,0.5909,0.93,Hierarchical-Collective
0.56,0.5,0.1818,0.54,Distributed-Individual
0.64,0.5,0.5909,0.91,Hierarchical-Individual
0.69,1.0,0.5909,0.84,Hierarchical-Collective
0.74,1.0,0.5909,0.77,Hierarchical-Collective
0.64,0.0,0.5909,0.91,Hierarchical-Individual
0.69,0.5,0.5909,0.84,Hierarchical-Collective
0.74,0.5,0.5909,0.77,Hierarchical-Collective
0.64,0.5,0.5909,0.91,Hierarchical-Individual
0.69,1.0,0.5909,0.84,Hierarchical-Collective
0.74,1.0,0.5909,0.77,Hierarchical-Collective
0.64,0.0,0.5909,0.91,Hierarchical-Individual
0.69,0.5,0.5909,0.84,Hierarchical-Collective
0.74,0.5,0.5909,0.77,Hierarchical-Collective
0.55,1.0,0.7273,1.0,Hierarchical-Collective
0.72,0.5,0.7273,0.76,Hierarchical-Individual
0.52,1.0,0.25,0.73,Hierarchical-Individual
0.59,1.0,0.25,0.81,Distributed-Individual
0.88,1.0,0.25,0.8,Distributed-Individual
0.76,0.0,0.1818,0.64,Hierarchical-Collective
0.74,0.5,0.1818,0.82,Distributed-Individual
0.94,0.0,0.1818,0.6,Distributed-Collective
0.57,0.0,0.1818,0.99,Hierarchical-Individual
0.76,0.5,0.4773,0.58,Hierarchical-Individual
0.88,0.0,0.4773,0.63,Distributed-Individual
0.57,0.5,0.4773,0.9,Distributed-Individual
0.99,0.5,0.4773,0.53,Hierarchical-Individual
0.85,0.5,0.4773,0.95,Distributed-Individual
0.76,0.0,0.4773,0.86,Hierarchical-Collective
0.49,0.0,0.2273,0.73,Hierarchical-Individual
0.54,0.0,0.2273,0.6,Distributed-Collective
0.66,0.0,0.2273,0.96,Hierarchical-Collective
0.85,0.5,0.2273,0.56,Hierarchical-Individual
0.49,0.0,0.2273,0.73,Hierarchical-Individual
0.54,0.0,0.2273,0.6,Distributed-Collective
0.66,0.0,0.2273,0.96,Hierarchical-Collective
0.85,0.5,0.2273,0.56,Hierarchical-Individual
0.63,0.5,0.1364,0.61,Hierarchical-Individual
0.93,1.0,0.1364,0.86,Hierarchical-Collective
0.9,0.5,0.1364,0.59,Hierarchical-Collective
0.61,1.0,0.1364,0.74,Distributed-Collective
0.84,0.0,0.3864,0.6,Distributed-Collective
0.73,0.5,0.3864,0.78,Distributed-Collective
0.89,0.5,0.3864,0.7,Distributed-Individual
0.84,0.5,0.3864,0.6,Distributed-Collective
0.73,1.0,0.3864,0.78,Distributed-Collective
0.89,1.0,0.3864,0.7,Distributed-Individual
0.95,0.5,0.3182,0.65,Distributed-Collective
0.99,1.0,0.3182,0.5,Hierarchical-Individual
0.41,0.5,0.3182,0.73,Distributed-Individual
0.6,0.5,0.3182,0.88,Distributed-Collective
0.95,0.0,0.3182,0.65,Distributed-Collective
0.99,0.5,0.3182,0.5,Hierarchical-Individual
0.41,0.0,0.3182,0.73,Distributed-Individual
0.6,0.0,0.3182,0.88,Distributed-Collective
0.88,0.5,0.3409,0.86,Hierarchical-Collective
0.44,0.5,0.3409,0.68,Distributed-Individual
0.88,1.0,0.3409,0.86,Hierarchical-Collective
0.44,1.0,0.3409,0.68,Distributed-Individual
0.43,0.5,0.1136,0.53,Hierarchical-Collective
0.62,0.5,0.2045,0.94,Hierarchical-Individual
0.43,0.5,0.1818,0.63,Distributed-Individual
0.67,0.5,0.1818,0.78,Hierarchical-Collective
0.73,0.0,0.2955,0.67,Distributed-Collective
0.48,0.5,0.2955,0.92,Hierarchical-Collective
0.47,0.5,0.2955,0.86,Distributed-Collective
0.84,0.5,0.2955,0.91,Distributed-Individual
0.43,0.5,0.2955,0.98,Hierarchical-Collective
0.4,0.5,0.2955,0.55,Hierarchical-Individual
0.92,0.0,0.2955,0.66,Distributed-Collective
0.82,0.0,0.2955,0.87,Distributed-Collective
0.4,0.5,0.5682,0.72,Hierarchical-Collective
0.66,0.5,0.5682,0.6,Hierarchical-Collective
0.4,0.0,0.5682,0.72,Hierarchical-Collective
0.66,0.0,0.5682,0.6,Hierarchical-Collective
0.4,0.5,0.5682,0.72,Hierarchical-Collective
0.66,0.5,0.5682,0.6,Hierarchical-Collective
0.4,0.0,0.5682,0.72,Hierarchical-Collective
0.66,0.0,0.5682,0.6,Hierarchical-Collective
0.73,0.5,0.2727,0.72,Hierarchical-Collective
0.49,0.5,0.2727,0.57,Distributed-Collective
0.73,0.0,0.2727,0.72,Hierarchical-Collective
0.49,0.0,0.2727,0.57,Distributed-Collective
0.68,0.5,0.2955,0.75,Distributed-Individual
0.88,0.0,0.2955,0.97,Distributed-Collective
0.68,1.0,0.2955,0.75,Distributed-Individual
0.88,0.5,0.2955,0.97,Distributed-Collective
0.41,0.5,0.1591,0.58,Distributed-Collective
0.92,0.5,0.1591,0.8,Hierarchical-Collective
0.97,1.0,0.1591,0.63,Distributed-Collective
0.78,0.5,0.2273,0.95,Distributed-Individual
0.54,1.0,0.2273,0.73,Distributed-Individual
0.62,0.5,0.2273,0.61,Distributed-Individual
0.6,0.5,0.2273,0.67,Distributed-Individual
0.68,1.0,0.2273,0.99,Distributed-Collective
0.78,0.0,0.2273,0.95,Distributed-Individual
0.54,0.5,0.2273,0.73,Distributed-Individual
0.62,0.0,0.2273,0.61,Distributed-Individual
0.6,0.0,0.2273,0.67,Distributed-Individual
0.68,0.5,0.2273,0.99,Distributed-Collective
0.92,0.5,0.6364,0.88,Hierarchical-Collective
0.95,0.0,0.6364,0.89,Hierarchical-Collective
0.93,0.5,0.6364,0.79,Hierarchical-Individual
0.79,0.5,0.3864,0.67,Hierarchical-Collective
0.87,0.0,0.3864,0.88,Distributed-Collective
0.83,0.5,0.3864,0.99,Hierarchical-Individual
0.99,0.5,0.3864,0.96,Distributed-Collective
0.79,0.5,0.3864,0.67,Hierarchical-Collective
0.87,0.0,0.3864,0.88,Distributed-Collective
0.83,0.5,0.3864,0.99,Hierarchical-Individual
0.99,0.5,0.3864,0.96,Distributed-Collective
0.79,0.5,0.3182,0.97,Distributed-Collective
0.79,0.5,0.3182,0.97,Distributed-Collective
0.87,0.5,0.1591,0.79,Hierarchical-Individual
0.41,0.5,0.1591,1.0,Hierarchical-Collective
0.79,1.0,0.6364,0.74,Hierarchical-Collective
0.73,0.5,0.6364,0.57,Distributed-Individual
0.98,0.5,0.6364,0.92,Distributed-Individual
0.56,1.0,0.6364,0.63,Distributed-Individual
0.56,1.0,0.6364,0.63,Distributed-Individual
0.56,1.0,0.6364,0.63,Distributed-Individual
0.5,0.5,0.3409,0.88,Hierarchical-Individual
0.57,0.0,0.3409,0.79,Hierarchical-Individual
0.5,0.5,0.3409,0.88,Hierarchical-Individual
0.57,0.0,0.3409,0.79,Hierarchical-Individual
0.47,0.5,0.1818,0.67,Hierarchical-Individual
0.74,0.5,0.6591,0.68,Hierarchical-Individual
0.56,0.0,0.4091,0.78,Hierarchical-Individual
0.56,0.5,0.4091,0.68,Hierarchical-Collective
0.93,0.0,0.4091,0.5,Distributed-Collective
0.7,0.5,0.4091,0.7,Hierarchical-Collective
0.56,0.0,0.4091,0.78,Hierarchical-Individual
0.56,0.5,0.4091,0.68,Hierarchical-Collective
0.93,0.0,0.4091,0.5,Distributed-Collective
0.7,0.5,0.4091,0.7,Hierarchical-Collective
0.56,0.0,0.4091,0.78,Hierarchical-Individual
0.56,0.5,0.4091,0.68,Hierarchical-Collective
0.93,0.0,0.4091,0.5,Distributed-Collective
0.7,0.5,0.4091,0.7,Hierarchical-Collective
0.9,0.5,0.25,0.66,Hierarchical-Collective
0.9,1.0,0.25,0.66,Hierarchical-Collective
0.48,0.0,0.1818,0.68,Distributed-Individual
0.6,0.0,0.1818,0.76,Hierarchical-Collective
0.48,0.5,0.1818,0.68,Distributed-Individual
0.6,0.5,0.1818,0.76,Hierarchical-Collective
0.99,1.0,0.5455,0.63,Distributed-Individual
0.42,0.5,0.5455,0.57,Distributed-Individual
0.82,1.0,0.5455,0.76,Distributed-Individual
1.0,1.0,0.5455,0.62,Distributed-Individual
0.99,0.5,0.5455,0.63,Distributed-Individual
0.42,0.0,0.5455,0.57,Distributed-Individual
0.82,0.5,0.5455,0.76,Distributed-Individual
1.0,0.5,0.5455,0.62,Distributed-Individual
0.99,1.0,0.5455,0.63,Distributed-Individual
0.42,0.5,0.5455,0.57,Distributed-Individual
0.82,1.0,0.5455,0.76,Distributed-Individual
1.0,1.0,0.5455,0.62,Distributed-Individual
0.99,1.0,0.5455,0.63,Distributed-Individual
0.42,0.5,0.5455,0.57,Distributed-Individual
0.82,1.0,0.5455,0.76,Distributed-Individual
1.0,1.0,0.5455,0.62,Distributed-Individual
0.99,1.0,0.5455,0.63,Distributed-Individual
0.42,0.5,0.5455,0.57,Distributed-Individual
0.82,1.0,0.5455,0.76,Distributed-Individual
1.0,1.0,0.5455,0.62,Distributed-Individual
0.55,0.5,0.2273,0.83,Hierarchical-Individual
0.99,0.5,0.6364,0.98,Hierarchical-Collective
0.54,0.5,0.6364,0.89,Hierarchical-Individual
0.42,0.5,0.6364,0.57,Distributed-Collective
0.99,1.0,0.6364,0.98,Hierarchical-Collective
0.54,1.0,0.6364,0.89,Hierarchical-Individual
0.42,1.0,0.6364,0.57,Distributed-Collective
0.67,0.5,0.25,0.73,Hierarchical-Collective
0.48,0.5,0.25,0.57,Hierarchical-Collective
0.76,0.5,0.25,0.67,Hierarchical-Collective
0.67,0.0,0.25,0.73,Hierarchical-Collective
0.48,0.0,0.25,0.57,Hierarchical-Collective
0.76,0.0,0.25,0.67,Hierarchical-Collective
0.85,0.5,0.6364,0.85,Distributed-Collective
0.56,0.5,0.6364,0.62,Distributed-Individual
0.82,0.5,0.6364,0.53,Hierarchical-Collective
0.85,0.5,0.6364,0.85,Distributed-Collective
0.56,0.5,0.6364,0.62,Distributed-Individual
0.82,0.5,0.6364,0.53,Hierarchical-Collective
0.85,1.0,0.6364,0.85,Distributed-Collective
0.56,1.0,0.6364,0.62,Distributed-Individual
0.82,1.0,0.6364,0.53,Hierarchical-Collective
0.52,1.0,0.7727,0.58,Hierarchical-Individual
0.7,1.0,0.2955,0.63,Hierarchical-Individual
0.57,1.0,0.2955,0.87,Distributed-Individual
0.9,1.0,0.2955,0.97,Hierarchical-Collective
0.7,0.5,0.2955,0.63,Hierarchical-Individual
0.57,0.5,0.2955,0.87,Distributed-Individual
0.9,0.5,0.2955,0.97,Hierarchical-Collective
0.72,1.0,0.5682,0.62,Hierarchical-Individual
0.54,1.0,0.5682,0.78,Distributed-Individual
0.83,0.5,0.5682,0.61,Hierarchical-Individual
0.72,1.0,0.5682,0.62,Hierarchical-Individual
0.54,1.0,0.5682,0.78,Distributed-Individual
0.83,0.5,0.5682,0.61,Hierarchical-Individual
0.72,1.0,0.5682,0.62,Hierarchical-Individual
0.54,1.0,0.5682,0.78,Distributed-Individual
0.83,0.5,0.5682,0.61,Hierarchical-Individual
0.72,1.0,0.5682,0.62,Hierarchical-Individual
0.54,1.0,0.5682,0.78,Distributed-Individual
0.83,0.5,0.5682,0.61,Hierarchical-Individual
0.55,0.5,0.1364,0.91,Hierarchical-Individual
0.87,0.5,0.1364,0.55,Distributed-Individual
0.95,1.0,0.8409,0.82,Distributed-Individual
0.76,0.5,0.1591,0.79,Hierarchical-Individual
0.82,1.0,0.1591,0.76,Hierarchical-Individual
0.47,1.0,0.1818,0.75,Distributed-Collective
0.66,0.5,0.1818,0.62,Hierarchical-Collective
0.48,0.5,0.1818,0.56,Distributed-Individual
0.74,1.0,0.1818,0.86,Hierarchical-Individual
0.97,0.5,0.1818,0.74,Hierarchical-Collective
0.95,0.0,0.7727,0.78,Hierarchical-Collective
0.66,0.5,0.7727,0.92,Hierarchical-Collective
0.78,1.0,0.2273,0.52,Distributed-Collective
0.7,1.0,0.8636,0.68,Hierarchical-Collective
0.7,0.5,0.2955,0.97,Distributed-Individual
0.73,1.0,0.2955,0.75,Distributed-Collective
0.63,0.5,0.2955,0.82,Distributed-Collective
0.76,0.5,0.4091,0.56,Distributed-Individual
0.83,0.0,0.4091,0.86,Distributed-Individual
0.9,0.5,0.4091,0.86,Distributed-Individual
0.58,0.5,0.2727,0.67,Hierarchical-Collective
0.99,1.0,0.2727,0.8,Hierarchical-Collective
0.4,1.0,0.2727,0.74,Hierarchical-Collective
0.58,0.5,0.2727,0.67,Hierarchical-Collective
0.99,1.0,0.2727,0.8,Hierarchical-Collective
0.4,1.0,0.2727,0.74,Hierarchical-Collective
0.58,0.0,0.2727,0.67,Hierarchical-Collective
0.99,0.5,0.2727,0.8,Hierarchical-Collective
0.4,0.5,0.2727,0.74,Hierarchical-Collective
0.58,0.5,0.2727,0.67,Hierarchical-Collective
0.99,1.0,0.2727,0.8,Hierarchical-Collective
0.4,1.0,0.2727,0.74,Hierarchical-Collective
0.56,1.0,0.5909,0.53,Hierarchical-Individual
0.52,1.0,0.5909,0.86,Hierarchical-Collective
0.56,0.5,0.5909,0.53,Hierarchical-Individual
0.52,0.5,0.5909,0.86,Hierarchical-Collective
0.83,1.0,0.5,0.8,Hierarchical-Individual
0.51,1.0,0.5,1.0,Distributed-Individual
0.93,1.0,0.1591,0.51,Distributed-Collective
0.68,1.0,0.1591,0.89,Distributed-Collective
0.55,0.5,0.6591,0.66,Distributed-Individual
0.55,0.5,0.6591,0.66,Distributed-Individual
0.59,1.0,0.25,0.77,Hierarchical-Collective
0.95,0.5,0.25,0.85,Distributed-Individual
0.68,1.0,0.1591,0.55,Hierarchical-Individual
0.87,0.5,0.1591,0.64,Distributed-Collective
0.71,0.5,0.6818,0.9,Distributed-Collective
0.77,0.5,0.6818,0.85,Hierarchical-Individual
0.91,1.0,0.6818,0.56,Hierarchical-Collective
0.88,1.0,0.6818,0.54,Distributed-Individual
0.45,0.0,0.7727,0.9,Hierarchical-Individual
0.85,0.5,0.7727,0.67,Distributed-Collective
0.45,0.0,0.7727,0.9,Hierarchical-Individual
0.85,0.5,0.7727,0.67,Distributed-Collective
0.8,0.5,0.1591,0.58,Hierarchical-Individual
0.47,0.5,0.1591,0.59,Distributed-Individual
0.71,0.5,0.1591,0.74,Hierarchical-Individual
0.51,0.5,0.1591,0.78,Distributed-Collective
0.45,0.5,0.1591,0.6,Distributed-Collective
0.92,0.0,0.1591,0.62,Hierarchical-Individual
0.83,0.5,0.7727,0.6,Hierarchical-Collective
0.72,0.5,0.7727,0.63,Hierarchical-Individual
0.62,0.0,0.7727,0.61,Distributed-Collective
0.46,0.5,0.7727,0.71,Hierarchical-Individual
0.85,1.0,0.2955,0.98,Hierarchical-Individual
0.78,0.5,0.2955,0.6,Hierarchical-Collective
0.8,0.5,0.7727,0.81,Distributed-Individual
0.68,0.5,0.7727,0.92,Hierarchical-Individual
1.0,0.5,0.4091,0.93,Hierarchical-Individual
0.9,0.0,0.4091,0.54,Distributed-Individual
0.76,0.0,0.4091,0.76,Distributed-Collective
1.0,0.5,0.4091,0.93,Hierarchical-Individual
0.9,0.0,0.4091,0.54,Distributed-Individual
0.76,0.0,0.4091,0.76,Distributed-Collective
1.0,0.5,0.4091,0.93,Hierarchical-Individual
0.9,0.0,0.4091,0.54,Distributed-Individual
0.76,0.0,0.4091,0.76,Distributed-Collective
1.0,1.0,0.4091,0.93,Hierarchical-Individual
0.9,0.5,0.4091,0.54,Distributed-Individual
0.76,0.5,0.4091,0.76,Distributed-Collective
0.49,1.0,0.25,0.63,Hierarchical-Collective
0.45,0.5,0.2045,0.99,Hierarchical-Individual
0.65,0.5,0.4091,0.62,Hierarchical-Individual
0.94,0.5,0.4091,0.66,Distributed-Collective
0.89,0.0,0.7955,1.0,Hierarchical-Collective
0.55,1.0,0.7727,0.52,Distributed-Collective
0.94,1.0,0.7727,0.96,Hierarchical-Collective
0.86,0.5,0.7727,0.57,Hierarchical-Collective
0.67,1.0,0.7727,0.76,Distributed-Collective
0.41,0.5,0.1818,0.72,Distributed-Collective
0.71,0.5,0.1818,0.75,Distributed-Individual
1.0,0.5,0.1818,0.66,Distributed-Individual
0.87,0.5,0.7045,0.81,Hierarchical-Individual
0.93,0.0,0.1818,0.85,Hierarchical-Individual
0.87,0.0,0.1818,0.96,Hierarchical-Individual
0.73,0.5,0.1818,0.5,Distributed-Collective
0.53,0.5,0.1818,0.57,Hierarchical-Collective
0.71,0.5,0.3182,0.88,Hierarchical-Individual
0.94,0.5,0.3182,0.88,Hierarchical-Collective
0.72,0.0,0.3182,0.95,Hierarchical-Collective
0.71,1.0,0.3182,0.88,Hierarchical-Individual
0.94,1.0,0.3182,0.88,Hierarchical-Collective
0.72,0.5,0.3182,0.95,Hierarchical-Collective
1.0,1.0,0.2045,0.86,Hierarchical-Individual
0.54,0.5,0.3409,0.86,Distributed-Collective
0.82,0.0,0.3409,0.81,Hierarchical-Collective
0.99,0.0,0.3409,0.84,Distributed-Collective
0.88,0.5,0.3409,0.66,Hierarchical-Individual
0.89,1.0,0.7727,0.6,Hierarchical-Individual
0.73,1.0,0.7727,0.63,Hierarchical-Collective
0.7,0.5,0.7045,0.6,Hierarchical-Individual
0.66,0.5,0.7045,0.54,Hierarchical-Collective
0.7,0.5,0.7045,0.6,Hierarchical-Individual
0.66,0.5,0.7045,0.54,Hierarchical-Collective
0.93,0.5,0.8636,0.51,Distributed-Collective
0.83,0.5,0.8636,0.93,Hierarchical-Collective
0.94,0.5,0.8636,0.85,Hierarchical-Individual
0.93,0.5,0.8636,0.68,Distributed-Collective
0.75,0.5,0.7045,0.59,Distributed-Individual
0.45,0.0,0.7045,0.51,Distributed-Collective
0.91,0.5,0.5682,0.81,Distributed-Individual
0.45,0.0,0.5682,0.72,Hierarchical-Individual
0.91,0.5,0.25,0.56,Hierarchical-Individual
0.92,1.0,0.25,0.8,Hierarchical-Collective
0.87,0.5,0.25,1.0,Hierarchical-Collective
0.4,1.0,0.25,0.65,Hierarchical-Collective
0.82,1.0,0.25,0.59,Hierarchical-Individual
0.49,1.0,0.25,0.71,Distributed-Individual
0.75,0.5,0.25,0.66,Hierarchical-Collective
0.91,0.5,0.25,0.56,Hierarchical-Individual
0.92,1.0,0.25,0.8,Hierarchical-Collective
0.87,0.5,0.25,1.0,Hierarchical-Collective
0.4,1.0,0.25,0.65,Hierarchical-Collective
0.82,1.0,0.25,0.59,Hierarchical-Individual
0.49,1.0,0.25,0.71,Distributed-Individual
0.75,0.5,0.25,0.66,Hierarchical-Collective
0.91,0.0,0.25,0.56,Hierarchical-Individual
0.92,0.5,0.25,0.8,Hierarchical-Collective
0.87,0.0,0.25,1.0,Hierarchical-Collective
0.4,0.5,0.25,0.65,Hierarchical-Collective
0.82,0.5,0.25,0.59,Hierarchical-Individual
0.49,0.5,0.25,0.71,Distributed-Individual
0.75,0.0,0.25,0.66,Hierarchical-Collective
0.4,0.0,0.3409,0.94,Hierarchical-Collective
0.68,0.0,0.3409,0.7,Hierarchical-Collective
0.81,0.5,0.3409,0.72,Hierarchical-Individual
0.57,0.5,0.3409,0.75,Distributed-Individual
0.4,0.0,0.3409,0.94,Hierarchical-Collective
0.68,0.0,0.3409,0.7,Hierarchical-Collective
0.81,0.5,0.3409,0.72,Hierarchical-Individual
0.57,0.5,0.3409,0.75,Distributed-Individual
0.73,0.5,0.6136,0.54,Distributed-Collective
0.84,0.5,0.8182,0.56,Hierarchical-Individual
0.98,0.5,0.2727,0.9,Distributed-Individual
0.61,1.0,0.2727,0.66,Distributed-Individual
0.98,0.5,0.2727,0.9,Distributed-Individual
0.61,1.0,0.2727,0.66,Distributed-Individual
0.68,0.5,0.6364,0.69,Hierarchical-Collective
0.4,0.5,0.6364,0.72,Distributed-Individual
0.56,0.5,0.6364,0.87,Hierarchical-Collective
0.68,1.0,0.6364,0.69,Hierarchical-Collective
0.4,1.0,0.6364,0.72,Distributed-Individual
0.56,1.0,0.6364,0.87,Hierarchical-Collective
0.47,1.0,0.5682,0.98,Distributed-Individual
0.47,0.5,0.5682,0.98,Distributed-Individual
0.52,0.5,0.2273,0.9,Distributed-Individual
0.46,0.5,0.2273,0.91,Distributed-Individual
0.52,1.0,0.2273,0.9,Distributed-Individual
0.46,1.0,0.2273,0.91,Distributed-Individual
0.57,0.5,0.1591,0.98,Distributed-Individual
0.73,0.5,0.1591,0.94,Hierarchical-Collective
0.85,0.5,0.2273,0.98,Distributed-Individual
0.87,0.5,0.2045,0.84,Hierarchical-Individual
0.48,0.5,0.2045,0.72,Distributed-Individual
0.9,0.5,0.2955,0.85,Distributed-Collective
0.75,0.5,0.2955,0.54,Hierarchical-Individual
0.66,0.5,0.2955,0.86,Distributed-Collective
0.77,0.5,0.2955,0.55,Hierarchical-Collective
0.9,0.0,0.2955,0.85,Distributed-Collective
0.75,0.0,0.2955,0.54,Hierarchical-Individual
0.66,0.0,0.2955,0.86,Distributed-Collective
0.77,0.0,0.2955,0.55,Hierarchical-Collective
0.74,0.5,0.7955,0.92,Hierarchical-Collective
0.55,0.5,0.7955,0.68,Distributed-Individual
0.61,0.5,0.6818,0.58,Hierarchical-Collective
0.85,1.0,0.1591,0.64,Hierarchical-Individual
0.64,0.5,0.1591,0.65,Distributed-Collective
0.73,1.0,0.2045,0.95,Hierarchical-Individual
0.82,1.0,0.2045,0.7,Distributed-Individual
0.73,1.0,0.2045,0.95,Hierarchical-Individual
0.82,1.0,0.2045,0.7,Distributed-Individual
0.92,1.0,0.5682,0.88,Distributed-Collective
0.45,1.0,0.5682,0.89,Distributed-Individual
0.92,0.5,0.5682,0.88,Distributed-Collective
0.45,0.5,0.5682,0.89,Distributed-Individual
0.45,0.0,0.6818,0.96,Hierarchical-Individual
0.45,0.0,0.6818,0.96,Hierarchical-Individual
0.44,0.5,0.2955,0.95,Hierarchical-Collective
0.57,1.0,0.2955,0.93,Distributed-Collective
0.94,0.5,0.6364,0.97,Hierarchical-Individual
0.73,0.5,0.5455,0.76,Hierarchical-Individual
1.0,0.5,0.5455,0.51,Distributed-Collective
0.73,0.5,0.5455,0.76,Hierarchical-Individual
1.0,0.5,0.5455,0.51,Distributed-Collective
0.45,0.5,0.7273,0.81,Hierarchical-Individual
0.94,0.5,0.1364,0.81,Hierarchical-Individual
0.65,1.0,0.5909,0.73,Hierarchical-Individual
0.89,0.5,0.5909,0.93,Hierarchical-Collective
0.89,0.5,0.5909,0.82,Hierarchical-Collective
0.93,0.5,0.5909,0.83,Distributed-Individual
0.74,0.5,0.5909,0.6,Distributed-Collective
0.41,1.0,0.7273,0.58,Hierarchical-Collective
0.41,1.0,0.7273,0.95,Distributed-Collective
0.99,1.0,0.7273,0.65,Distributed-Individual
0.54,0.5,0.7273,0.5,Distributed-Collective
0.42,1.0,0.2727,0.64,Hierarchical-Collective
0.42,1.0,0.2727,0.64,Hierarchical-Collective
0.8,0.0,0.1591,0.99,Hierarchical-Collective
0.83,0.5,0.1591,0.9,Distributed-Individual
0.53,1.0,0.5455,0.62,Hierarchical-Individual
0.62,0.5,0.5455,0.99,Hierarchical-Collective
0.48,0.5,0.5455,0.77,Distributed-Individual
0.92,0.5,0.25,0.78,Distributed-Individual
0.92,0.5,0.25,0.78,Distributed-Individual
0.66,1.0,0.7955,0.58,Distributed-Collective
0.53,1.0,0.2727,0.59,Distributed-Collective
0.98,0.5,0.2727,0.61,Hierarchical-Collective
0.96,0.5,0.2727,0.58,Distributed-Collective
0.54,0.5,0.2727,0.92,Distributed-Collective
0.86,1.0,0.2727,0.52,Hierarchical-Collective
0.67,1.0,0.2727,0.67,Hierarchical-Individual
0.43,0.5,0.2727,0.5,Hierarchical-Collective
0.43,0.5,0.2727,0.95,Hierarchical-Individual
0.53,0.5,0.2727,0.59,Distributed-Collective
0.98,0.0,0.2727,0.61,Hierarchical-Collective
0.96,0.0,0.2727,0.58,Distributed-Collective
0.54,0.0,0.2727,0.92,Distributed-Collective
0.86,0.5,0.2727,0.52,Hierarchical-Collective
0.67,0.5,0.2727,0.67,Hierarchical-Individual
0.43,0.0,0.2727,0.5,Hierarchical-Collective
0.43,0.0,0.2727,0.95,Hierarchical-Individual
0.63,0.5,0.6136,0.59,Distributed-Individual
0.98,0.5,0.6136,0.86,Hierarchical-Collective
0.63,0.5,0.6136,0.59,Distributed-Individual
0.98,0.5,0.6136,0.86,Hierarchical-Collective
0.88,1.0,0.2273,0.82,Distributed-Individual
1.0,1.0,0.2273,0.67,Hierarchical-Individual
0.88,1.0,0.2273,0.82,Distributed-Individual
1.0,1.0,0.2273,0.67,Hierarchical-Individual
0.46,1.0,0.1136,0.84,Distributed-Collective
0.71,1.0,0.2273,0.89,Distributed-Collective
0.79,0.5,0.6591,0.81,Hierarchical-Collective
0.59,0.5,0.6591,0.68,Hierarchical-Individual
0.82,0.0,0.6364,0.9,Distributed-Collective
0.62,0.5,0.7955,1.0,Distributed-Individual
0.51,0.5,0.7955,0.67,Hierarchical-Individual
0.4,1.0,0.7955,0.72,Distributed-Collective
0.94,1.0,0.7955,0.56,Hierarchical-Individual
0.94,1.0,0.7955,0.62,Hierarchical-Individual
0.45,1.0,0.7955,0.77,Distributed-Individual
0.83,1.0,0.1591,0.8,Distributed-Collective
0.49,1.0,0.1591,0.55,Distributed-Collective
0.99,0.5,0.2045,0.5,Distributed-Individual
0.55,1.0,0.7273,0.98,Hierarchical-Collective
0.97,0.5,0.7273,0.6,Distributed-Individual
0.8,0.5,0.7273,0.57,Hierarchical-Individual
0.62,1.0,0.7273,0.86,Distributed-Individual
0.79,1.0,0.1136,0.54,Distributed-Individual
0.96,1.0,0.1136,0.73,Hierarchical-Collective
0.6,1.0,0.1136,0.94,Hierarchical-Collective
0.4,0.5,0.8864,0.79,Distributed-Individual
1.0,0.5,0.8864,0.64,Hierarchical-Individual
0.68,0.5,0.3636,0.99,Distributed-Individual
0.8,0.5,0.3636,0.94,Hierarchical-Individual
0.71,1.0,0.1364,0.95,Hierarchical-Collective
0.41,1.0,0.1364,0.54,Distributed-Collective
0.66,1.0,0.1364,0.64,Hierarchical-Individual
0.63,1.0,0.8182,0.79,Hierarchical-Individual
0.79,0.5,0.8182,0.69,Hierarchical-Collective
0.61,0.5,0.1136,0.63,Hierarchical-Collective
0.74,0.0,0.1136,0.59,Distributed-Individual
0.56,0.5,0.1136,0.62,Distributed-Individual
0.81,0.5,0.1136,0.87,Distributed-Collective
0.95,0.5,0.2273,0.71,Distributed-Individual
0.57,0.0,0.2273,0.73,Hierarchical-Collective
0.54,0.5,0.2955,0.61,Distributed-Individual
0.83,0.5,0.2045,0.95,Distributed-Individual
0.75,1.0,0.2045,0.77,Distributed-Collective
0.65,0.5,0.2045,1.0,Distributed-Collective
0.43,0.5,0.6591,0.77,Hierarchical-Individual
0.9,0.0,0.6591,0.5,Distributed-Collective
0.9,0.5,0.6591,0.64,Hierarchical-Individual
0.98,1.0,0.25,0.69,Distributed-Individual
0.98,1.0,0.25,0.69,Distributed-Individual
0.86,0.5,0.8636,0.74,Hierarchical-Individual
0.56,0.0,0.8636,0.75,Hierarchical-Collective
0.8,0.0,0.8636,0.51,Hierarchical-Collective
0.77,0.5,0.8636,0.86,Distributed-Collective
0.72,1.0,0.2045,0.84,Hierarchical-Individual
0.78,0.5,0.1364,1.0,Distributed-Individual
0.66,1.0,0.1364,0.8,Hierarchical-Individual
0.42,1.0,0.6818,0.84,Hierarchical-Collective
0.44,1.0,0.1364,0.67,Distributed-Individual
0.79,1.0,0.1364,0.7,Hierarchical-Individual
0.43,0.5,0.1364,0.64,Distributed-Individual
0.44,0.0,0.1136,0.71,Hierarchical-Collective
0.9,0.0,0.1136,0.55,Distributed-Individual
0.6,0.5,0.1136,0.52,Distributed-Individual
0.82,0.5,0.2045,0.86,Distributed-Individual
0.77,0.5,0.2045,0.54,Distributed-Individual
0.52,1.0,0.2045,0.62,Distributed-Collective
0.55,0.0,0.1364,0.77,Distributed-Individual
0.95,0.5,0.1364,0.92,Hierarchical-Individual
1.0,0.5,0.1364,0.84,Distributed-Collective
0.62,0.0,0.6818,0.88,Distributed-Individual
0.44,0.0,0.6818,0.88,Hierarchical-Collective
0.93,0.5,0.6818,0.56,Distributed-Collective
0.62,0.5,0.6818,0.88,Distributed-Individual
0.44,0.5,0.6818,0.88,Hierarchical-Collective
0.93,1.0,0.6818,0.56,Distributed-Collective
0.94,0.5,0.6136,0.9,Distributed-Collective
0.77,0.5,0.6136,0.63,Hierarchical-Individual
0.94,0.0,0.6136,0.9,Distributed-Collective
0.77,0.0,0.6136,0.63,Hierarchical-Individual
0.94,0.5,0.6136,0.9,Distributed-Collective
0.77,0.5,0.6136,0.63,Hierarchical-Individual
0.94,0.0,0.6136,0.9,Distributed-Collective
0.77,0.0,0.6136,0.63,Hierarchical-Individual
0.8,0.0,0.75,0.91,Distributed-Collective
0.55,0.5,0.75,0.95,Hierarchical-Collective
0.9,0.5,0.75,0.68,Hierarchical-Collective
0.55,0.5,0.75,0.8,Distributed-Individual
0.86,1.0,0.6136,0.78,Distributed-Individual
0.67,1.0,0.6136,0.61,Distributed-Collective
0.94,0.0,0.75,0.6,Distributed-Individual
0.77,0.0,0.75,0.95,Distributed-Collective
0.98,0.0,0.75,0.67,Hierarchical-Individual
0.94,0.0,0.75,0.6,Distributed-Individual
0.77,0.0,0.75,0.95,Distributed-Collective
0.98,0.0,0.75,0.67,Hierarchical-Individual
0.93,1.0,0.1591,0.67,Hierarchical-Individual
0.52,1.0,0.1591,0.7,Distributed-Collective
0.41,1.0,0.7273,0.53,Distributed-Collective
0.47,1.0,0.6818,0.79,Hierarchical-Individual
0.99,1.0,0.6818,0.68,Hierarchical-Collective
0.8,0.5,0.6818,0.78,Hierarchical-Individual
0.47,0.5,0.6818,0.78,Hierarchical-Collective
0.79,1.0,0.6818,0.56,Distributed-Individual
0.45,0.5,0.3409,0.66,Hierarchical-Collective
0.79,1.0,0.3409,0.94,Hierarchical-Individual
0.45,0.5,0.3409,0.66,Hierarchical-Collective
0.79,1.0,0.3409,0.94,Hierarchical-Individual
0.76,0.5,0.6136,0.81,Hierarchical-Individual
0.91,0.5,0.2955,0.89,Distributed-Collective
0.54,0.0,0.2955,0.7,Distributed-Collective
0.4,1.0,0.75,0.75,Hierarchical-Collective
0.92,1.0,0.2727,0.58,Hierarchical-Collective
0.6,0.5,0.2727,0.77,Distributed-Collective
0.92,1.0,0.2727,0.69,Distributed-Collective
0.95,0.5,0.8182,0.54,Hierarchical-Collective
0.78,1.0,0.8182,0.71,Hierarchical-Collective
0.74,0.5,0.8182,0.63,Hierarchical-Individual
0.78,1.0,0.8182,0.71,Distributed-Individual
0.63,0.5,0.7727,0.68,Hierarchical-Collective
0.85,0.5,0.5,0.57,Distributed-Individual
0.81,0.5,0.6136,0.71,Distributed-Individual
0.4,0.0,0.6136,0.58,Hierarchical-Collective
0.82,0.0,0.6591,0.69,Distributed-Individual
0.55,0.0,0.6591,0.88,Hierarchical-Collective
0.52,0.5,0.6591,0.9,Hierarchical-Individual
0.48,0.5,0.25,0.87,Distributed-Individual
0.52,1.0,0.25,0.81,Hierarchical-Collective
0.5,0.5,0.25,0.62,Distributed-Individual
0.52,0.5,0.25,0.84,Distributed-Collective
0.45,0.5,0.7045,0.98,Hierarchical-Collective
0.71,0.5,0.3409,0.96,Hierarchical-Collective
0.67,1.0,0.3409,0.5,Hierarchical-Individual
0.42,1.0,0.3409,0.53,Hierarchical-Individual
0.78,1.0,0.3409,0.8,Hierarchical-Collective
0.71,0.5,0.3409,0.96,Hierarchical-Collective
0.67,1.0,0.3409,0.5,Hierarchical-Individual
0.42,1.0,0.3409,0.53,Hierarchical-Individual
0.78,1.0,0.3409,0.8,Hierarchical-Collective
0.79,1.0,0.3864,0.95,Hierarchical-Individual
0.77,1.0,0.3864,0.73,Hierarchical-Collective
0.59,1.0,0.3864,0.74,Hierarchical-Collective
0.79,0.5,0.3864,0.95,Hierarchical-Individual
0.77,0.5,0.3864,0.73,Hierarchical-Collective
0.59,0.5,0.3864,0.74,Hierarchical-Collective
0.83,1.0,0.25,0.5,Hierarchical-Individual
0.55,1.0,0.25,0.91,Distributed-Individual
0.83,1.0,0.25,0.5,Hierarchical-Individual
0.55,1.0,0.25,0.91,Distributed-Individual
0.62,1.0,0.7045,0.65,Hierarchical-Collective
0.45,0.0,0.2727,0.5,Distributed-Collective
0.99,0.0,0.2727,0.77,Hierarchical-Collective
0.77,0.5,0.2727,0.95,Distributed-Individual
0.89,0.0,0.2727,0.55,Distributed-Individual
0.67,1.0,0.7273,0.82,Hierarchical-Collective
0.45,1.0,0.7273,0.97,Hierarchical-Individual
0.43,0.5,0.7727,0.82,Hierarchical-Individual
0.83,0.0,0.6591,0.6,Distributed-Individual
0.56,0.0,0.6591,0.53,Hierarchical-Collective
0.89,0.5,0.6591,0.55,Distributed-Individual
0.71,0.5,0.6591,0.59,Distributed-Collective
0.75,0.5,0.2273,0.96,Hierarchical-Collective
0.52,0.5,0.2273,0.78,Distributed-Individual
0.68,0.5,0.2273,0.85,Distributed-Individual
0.85,1.0,0.4545,0.85,Hierarchical-Individual
0.56,1.0,0.6364,0.76,Hierarchical-Individual
0.61,1.0,0.1136,0.86,Hierarchical-Individual
0.79,1.0,0.1136,0.66,Distributed-Collective
0.97,1.0,0.1136,0.76,Distributed-Individual
0.78,0.5,0.1136,0.92,Distributed-Collective
0.82,0.5,0.1136,0.8,Hierarchical-Individual
0.75,1.0,0.6364,0.94,Hierarchical-Individual
0.94,1.0,0.6364,0.89,Hierarchical-Individual
0.46,1.0,0.6364,0.68,Hierarchical-Collective
0.54,0.5,0.6364,0.5,Hierarchical-Collective
0.75,1.0,0.6364,0.94,Hierarchical-Individual
0.94,1.0,0.6364,0.89,Hierarchical-Individual
0.46,1.0,0.6364,0.68,Hierarchical-Collective
0.54,0.5,0.6364,0.5,Hierarchical-Collective
0.65,0.5,0.2273,0.58,Distributed-Collective
0.9,0.5,0.2273,0.66,Distributed-Individual
0.78,1.0,0.8182,0.54,Hierarchical-Individual
0.44,1.0,0.1591,0.74,Hierarchical-Collective
0.59,1.0,0.7727,0.68,Hierarchical-Collective
0.66,1.0,0.6364,0.91,Hierarchical-Collective
0.71,1.0,0.6364,0.54,Hierarchical-Collective
0.46,0.5,0.8409,0.61,Hierarchical-Individual
0.55,0.0,0.8409,0.76,Distributed-Individual
0.4,0.5,0.8409,0.97,Hierarchical-Individual
0.46,0.0,0.1818,0.68,Distributed-Individual
0.77,0.5,0.1818,0.89,Hierarchical-Collective
0.54,0.5,0.1818,0.53,Distributed-Individual
0.5,0.5,0.1818,0.76,Distributed-Individual
0.5,1.0,0.1818,0.91,Distributed-Individual
0.57,1.0,0.1818,0.53,Hierarchical-Individual
0.73,0.5,0.1818,0.68,Hierarchical-Collective
0.8,1.0,0.1364,0.55,Distributed-Collective
0.42,1.0,0.7273,0.52,Hierarchical-Collective
0.94,0.5,0.7273,0.65,Hierarchical-Collective
0.95,0.5,0.7273,0.84,Distributed-Collective
0.81,1.0,0.6364,0.71,Hierarchical-Collective
0.94,0.5,0.6364,0.58,Hierarchical-Individual
0.51,1.0,0.1818,0.84,Hierarchical-Collective
0.96,1.0,0.1818,0.63,Hierarchical-Individual
0.85,0.5,0.1818,0.6,Hierarchical-Individual
0.99,0.5,0.6364,0.84,Distributed-Individual
0.63,0.0,0.6364,0.54,Hierarchical-Individual
0.72,1.0,0.6591,0.69,Hierarchical-Collective
0.45,1.0,0.6591,0.93,Hierarchical-Individual
0.88,0.5,0.2045,0.85,Hierarchical-Collective
0.7,1.0,0.1364,0.93,Distributed-Individual
0.62,0.5,0.1364,0.77,Hierarchical-Collective
0.7,1.0,0.2955,0.65,Distributed-Individual
0.44,1.0,0.2955,1.0,Distributed-Individual
0.54,1.0,0.1364,0.96,Distributed-Collective
0.48,0.5,0.5909,0.53,Hierarchical-Individual
0.83,0.5,0.7955,0.93,Distributed-Collective
0.83,1.0,0.6591,0.68,Hierarchical-Individual
0.47,0.5,0.6591,0.6,Hierarchical-Collective
0.85,1.0,0.2727,0.59,Hierarchical-Individual
0.65,1.0,0.75,0.7,Distributed-Collective
0.99,0.5,0.75,0.52,Hierarchical-Collective
0.41,1.0,0.75,0.99,Distributed-Collective
0.47,0.5,0.75,0.77,Hierarchical-Individual
0.9,1.0,0.75,0.77,Hierarchical-Collective
0.4,1.0,0.6818,0.67,Hierarchical-Individual
0.71,1.0,0.6818,1.0,Hierarchical-Collective
0.55,1.0,0.6818,0.72,Distributed-Collective
0.56,0.5,0.5,0.8,Distributed-Collective
0.62,0.0,0.5,0.5,Hierarchical-Collective
0.77,1.0,0.2273,0.66,Hierarchical-Collective
