hi_score,hc_score,di_score,dc_score,target_quadrant
15,19,8,5,Hierarchical-Collective
17,13,19,5,Distributed-Collective
20,11,20,8,Distributed-Individual
7,19,8,8,Hierarchical-Collective
9,13,19,8,Distributed-Collective
12,11,20,17,Distributed-Individual
7,19,5,8,Hierarchical-Collective
9,13,15,8,Distributed-Collective
12,11,16,17,Distributed-Individual
7,19,8,12,Hierarchical-Collective
9,13,19,12,Distributed-Collective
12,11,20,21,Distributed-Individual
15,19,8,5,Hierarchical-Collective
17,13,19,5,Distributed-Collective
20,11,20,8,Distributed-Individual
15,19,12,5,Hierarchical-Collective
17,13,23,5,Distributed-Collective
20,11,25,12,Distributed-Individual
8,14,14,21,Hierarchical-Individual
11,22,5,21,Hierarchical-Individual
12,22,6,21,Distributed-Individual
8,14,14,21,Hierarchical-Individual
11,22,5,21,Hierarchical-Individual
12,22,6,21,Distributed-Individual
17,14,10,17,Hierarchical-Individual
20,22,5,17,Hierarchical-Individual
21,22,5,17,Distributed-Individual
17,14,10,12,Hierarchical-Individual
20,22,5,12,Hierarchical-Individual
21,22,5,12,Distributed-Individual
8,14,14,25,Hierarchical-Individual
11,22,5,25,Hierarchical-Individual
12,22,6,25,Distributed-Individual
17,14,10,8,Hierarchical-Individual
20,22,5,8,Hierarchical-Individual
21,22,5,8,Distributed-Individual
10,22,11,21,Hierarchical-Individual
9,21,6,21,Hierarchical-Collective
11,15,13,21,Hierarchical-Individual
10,22,7,17,Hierarchical-Individual
9,21,5,17,Hierarchical-Collective
11,15,9,17,Hierarchical-Individual
7,21,9,21,Distributed-Collective
11,15,14,21,Hierarchical-Collective
15,21,13,12,Distributed-Collective
20,15,18,12,Hierarchical-Collective
7,21,13,21,Distributed-Collective
11,15,18,21,Hierarchical-Collective
7,21,9,21,Distributed-Collective
11,15,14,21,Hierarchical-Collective
15,21,9,17,Distributed-Collective
20,15,14,17,Hierarchical-Collective
9,20,5,17,Hierarchical-Collective
10,13,14,17,Hierarchical-Collective
9,20,8,21,Hierarchical-Collective
10,13,18,21,Hierarchical-Collective
10,14,24,21,Hierarchical-Collective
10,14,15,21,Hierarchical-Collective
19,22,10,8,Distributed-Collective
19,22,5,5,Distributed-Collective
19,22,5,5,Distributed-Collective
11,22,5,12,Distributed-Collective
19,22,5,8,Distributed-Collective
11,22,5,8,Distributed-Collective
11,22,10,12,Distributed-Collective
9,14,15,12,Hierarchical-Collective
12,25,6,12,Distributed-Individual
9,14,15,12,Hierarchical-Collective
12,25,6,12,Distributed-Individual
18,14,10,5,Hierarchical-Collective
20,25,5,5,Distributed-Individual
18,14,19,5,Hierarchical-Collective
20,25,10,5,Distributed-Individual
9,14,19,8,Hierarchical-Collective
12,25,10,8,Distributed-Individual
18,21,14,5,Distributed-Individual
17,20,13,12,Distributed-Collective
19,21,11,12,Hierarchical-Individual
19,12,22,12,Hierarchical-Individual
18,21,8,12,Distributed-Individual
18,21,10,5,Distributed-Individual
17,20,9,12,Distributed-Collective
19,21,7,12,Hierarchical-Individual
19,12,18,12,Hierarchical-Individual
18,21,5,12,Distributed-Individual
18,21,14,5,Distributed-Individual
17,20,13,12,Distributed-Collective
19,21,11,12,Hierarchical-Individual
19,12,22,12,Hierarchical-Individual
18,21,8,12,Distributed-Individual
10,13,20,17,Distributed-Individual
10,22,17,17,Hierarchical-Collective
19,13,16,12,Distributed-Individual
18,22,12,12,Hierarchical-Collective
19,13,20,17,Distributed-Individual
18,22,17,17,Hierarchical-Collective
10,13,20,21,Distributed-Individual
10,22,17,21,Hierarchical-Collective
19,13,20,12,Distributed-Individual
18,22,17,12,Hierarchical-Collective
10,13,20,17,Distributed-Individual
10,22,17,17,Hierarchical-Collective
10,13,12,21,Distributed-Individual
10,22,8,21,Hierarchical-Collective
10,13,16,21,Distributed-Individual
10,22,12,21,Hierarchical-Collective
19,13,12,17,Distributed-Individual
18,22,8,17,Hierarchical-Collective
10,13,16,17,Distributed-Individual
10,22,12,17,Hierarchical-Collective
11,12,13,8,Hierarchical-Collective
12,22,7,17,Hierarchical-Individual
11,12,13,8,Hierarchical-Collective
12,22,7,17,Hierarchical-Individual
11,12,13,17,Hierarchical-Collective
12,22,7,25,Hierarchical-Individual
19,12,9,5,Hierarchical-Collective
20,22,5,8,Hierarchical-Individual
11,12,9,8,Hierarchical-Collective
12,22,5,17,Hierarchical-Individual
11,12,17,17,Hierarchical-Collective
12,22,11,25,Hierarchical-Individual
19,12,17,5,Hierarchical-Collective
20,22,11,12,Hierarchical-Individual
5,11,20,21,Distributed-Collective
6,13,18,21,Distributed-Collective
8,12,19,21,Hierarchical-Collective
8,14,24,21,Distributed-Collective
15,20,5,12,Distributed-Collective
17,21,6,12,Hierarchical-Collective
16,21,12,12,Distributed-Collective
7,20,5,21,Distributed-Collective
9,21,6,21,Hierarchical-Collective
7,21,12,21,Distributed-Collective
15,20,5,17,Distributed-Collective
17,21,6,17,Hierarchical-Collective
16,21,12,17,Distributed-Collective
7,20,8,21,Distributed-Collective
9,21,10,21,Hierarchical-Collective
7,21,16,21,Distributed-Collective
7,20,5,25,Distributed-Collective
9,21,5,25,Hierarchical-Collective
7,21,8,25,Distributed-Collective
8,20,5,21,Distributed-Collective
16,20,5,8,Distributed-Collective
8,20,9,25,Distributed-Collective
8,20,5,17,Distributed-Collective
8,20,9,21,Distributed-Collective
8,11,13,8,Hierarchical-Collective
10,22,7,17,Hierarchical-Collective
9,20,10,17,Distributed-Individual
16,11,18,5,Hierarchical-Collective
19,22,11,12,Hierarchical-Collective
17,20,14,12,Distributed-Individual
16,11,9,8,Hierarchical-Collective
19,22,5,17,Hierarchical-Collective
17,20,5,17,Distributed-Individual
16,11,13,5,Hierarchical-Collective
19,22,7,12,Hierarchical-Collective
17,20,10,12,Distributed-Individual
8,11,13,12,Hierarchical-Collective
10,22,7,21,Hierarchical-Collective
9,20,10,21,Distributed-Individual
16,11,13,5,Hierarchical-Collective
19,22,7,12,Hierarchical-Collective
17,20,10,12,Distributed-Individual
8,20,15,21,Hierarchical-Individual
6,19,17,21,Hierarchical-Collective
8,20,15,21,Hierarchical-Individual
6,19,17,21,Hierarchical-Collective
21,20,5,17,Hierarchical-Individual
13,20,9,21,Hierarchical-Individual
17,24,14,12,Distributed-Collective
17,24,10,12,Distributed-Collective
17,24,14,8,Distributed-Collective
8,24,14,17,Distributed-Collective
17,24,5,12,Distributed-Collective
8,24,10,17,Distributed-Collective
8,24,10,21,Distributed-Collective
17,24,10,12,Distributed-Collective
17,24,5,17,Distributed-Collective
8,24,14,21,Distributed-Collective
17,24,14,8,Distributed-Collective
17,24,10,12,Distributed-Collective
20,22,10,8,Distributed-Collective
18,20,17,5,Distributed-Individual
18,13,22,5,Hierarchical-Individual
12,22,5,17,Distributed-Collective
9,20,12,8,Distributed-Individual
9,13,18,8,Hierarchical-Individual
12,22,10,21,Distributed-Collective
9,20,17,12,Distributed-Individual
9,13,22,12,Hierarchical-Individual
12,22,5,25,Distributed-Collective
9,20,12,17,Distributed-Individual
9,13,18,17,Hierarchical-Individual
12,22,5,25,Distributed-Collective
9,20,8,17,Distributed-Individual
9,13,14,17,Hierarchical-Individual
8,20,6,17,Hierarchical-Collective
8,12,19,25,Hierarchical-Individual
10,12,18,25,Hierarchical-Individual
10,22,5,25,Hierarchical-Collective
9,23,8,25,Distributed-Collective
8,20,10,12,Hierarchical-Collective
8,12,23,21,Hierarchical-Individual
10,12,22,21,Hierarchical-Individual
10,22,10,21,Hierarchical-Collective
9,23,12,21,Distributed-Collective
9,13,22,12,Hierarchical-Collective
8,12,23,21,Distributed-Individual
9,13,22,12,Hierarchical-Collective
8,12,23,21,Distributed-Individual
9,13,13,12,Hierarchical-Collective
8,12,15,21,Distributed-Individual
18,13,18,5,Hierarchical-Collective
16,12,19,12,Distributed-Individual
18,13,18,5,Hierarchical-Collective
16,12,19,12,Distributed-Individual
8,19,5,17,Hierarchical-Collective
16,19,5,8,Hierarchical-Collective
16,19,8,5,Hierarchical-Collective
16,21,7,5,Hierarchical-Individual
17,14,18,5,Distributed-Collective
19,24,10,5,Hierarchical-Individual
18,21,5,12,Distributed-Individual
15,23,9,12,Distributed-Individual
16,15,20,5,Hierarchical-Collective
8,21,7,12,Hierarchical-Individual
9,14,18,12,Distributed-Collective
11,24,10,12,Hierarchical-Individual
10,21,5,21,Distributed-Individual
6,23,9,21,Distributed-Individual
8,15,20,12,Hierarchical-Collective
10,15,21,21,Hierarchical-Collective
10,15,17,25,Hierarchical-Collective
10,15,17,25,Hierarchical-Collective
10,15,17,25,Hierarchical-Collective
10,15,13,21,Hierarchical-Collective
16,23,5,5,Distributed-Individual
16,23,5,8,Distributed-Individual
7,23,8,12,Distributed-Individual
16,23,5,5,Distributed-Individual
7,23,8,17,Distributed-Individual
18,10,18,8,Distributed-Individual
17,10,21,8,Hierarchical-Collective
18,10,14,12,Distributed-Individual
17,10,17,12,Hierarchical-Collective
18,10,18,12,Distributed-Individual
17,10,21,12,Hierarchical-Collective
9,10,18,21,Distributed-Individual
8,10,21,21,Hierarchical-Collective
9,10,14,17,Distributed-Individual
8,10,17,17,Hierarchical-Collective
9,10,18,21,Distributed-Individual
8,10,21,21,Hierarchical-Collective
9,10,14,25,Distributed-Individual
8,10,17,25,Hierarchical-Collective
9,10,14,21,Distributed-Individual
8,10,17,21,Hierarchical-Collective
17,20,9,5,Distributed-Individual
16,15,12,12,Distributed-Individual
9,20,13,8,Distributed-Individual
8,15,17,17,Distributed-Individual
9,20,9,12,Distributed-Individual
8,15,12,21,Distributed-Individual
9,20,9,12,Distributed-Individual
8,15,12,21,Distributed-Individual
9,20,9,17,Distributed-Individual
8,15,12,25,Distributed-Individual
9,20,9,12,Distributed-Individual
8,15,12,21,Distributed-Individual
9,20,9,8,Distributed-Individual
8,15,12,17,Distributed-Individual
17,20,9,5,Distributed-Individual
16,15,12,8,Distributed-Individual
12,10,17,21,Hierarchical-Collective
10,21,5,21,Distributed-Collective
12,13,16,12,Distributed-Collective
10,21,10,21,Distributed-Collective
12,13,20,12,Distributed-Collective
19,21,10,8,Distributed-Collective
20,13,20,5,Distributed-Collective
10,21,5,25,Distributed-Collective
12,13,16,17,Distributed-Collective
15,12,15,12,Hierarchical-Individual
7,12,11,17,Hierarchical-Individual
17,19,5,5,Distributed-Collective
18,22,9,12,Distributed-Collective
9,19,8,17,Distributed-Collective
9,22,13,25,Distributed-Collective
9,19,5,12,Distributed-Collective
9,22,5,21,Distributed-Collective
9,19,5,12,Distributed-Collective
9,22,9,21,Distributed-Collective
9,19,5,12,Distributed-Collective
9,22,5,21,Distributed-Collective
9,19,8,8,Distributed-Collective
9,22,13,17,Distributed-Collective
8,18,5,17,Distributed-Collective
10,22,5,8,Distributed-Individual
8,18,9,17,Distributed-Collective
10,22,9,8,Distributed-Individual
18,25,8,5,Hierarchical-Collective
14,24,6,8,Distributed-Individual
17,22,7,5,Distributed-Collective
10,25,12,12,Hierarchical-Collective
6,24,10,21,Distributed-Individual
9,22,11,12,Distributed-Collective
11,19,10,12,Distributed-Individual
6,19,12,21,Hierarchical-Collective
8,11,15,21,Distributed-Individual
11,19,6,17,Distributed-Individual
6,19,8,25,Hierarchical-Collective
8,11,10,25,Distributed-Individual
19,19,10,8,Distributed-Individual
14,19,12,17,Hierarchical-Collective
17,11,15,17,Distributed-Individual
11,19,6,17,Distributed-Individual
6,19,8,25,Hierarchical-Collective
8,11,10,25,Distributed-Individual
19,19,10,5,Distributed-Individual
14,19,12,8,Hierarchical-Collective
17,11,15,8,Distributed-Individual
12,13,12,17,Hierarchical-Individual
12,13,8,25,Hierarchical-Individual
20,13,12,17,Hierarchical-Individual
20,13,17,8,Hierarchical-Individual
12,13,12,21,Hierarchical-Individual
20,13,12,12,Hierarchical-Individual
12,13,17,25,Hierarchical-Individual
20,13,17,12,Hierarchical-Individual
18,20,10,8,Hierarchical-Collective
18,20,10,12,Hierarchical-Collective
10,20,10,25,Hierarchical-Collective
10,20,10,17,Hierarchical-Collective
10,20,14,17,Hierarchical-Collective
10,20,10,21,Hierarchical-Collective
10,20,10,21,Hierarchical-Collective
10,20,5,17,Hierarchical-Collective
9,14,17,17,Hierarchical-Individual
17,14,13,8,Hierarchical-Individual
17,14,17,12,Hierarchical-Individual
9,14,21,17,Hierarchical-Individual
9,14,13,17,Hierarchical-Individual
11,23,8,21,Hierarchical-Individual
8,21,15,21,Distributed-Individual
11,23,5,25,Hierarchical-Individual
8,21,11,25,Distributed-Individual
11,23,8,17,Hierarchical-Individual
8,21,15,17,Distributed-Individual
11,23,5,21,Hierarchical-Individual
8,21,11,21,Distributed-Individual
19,23,5,8,Hierarchical-Individual
16,21,11,8,Distributed-Individual
11,23,5,17,Hierarchical-Individual
8,21,11,17,Distributed-Individual
11,23,5,21,Hierarchical-Individual
8,21,11,21,Distributed-Individual
9,15,17,17,Hierarchical-Individual
6,24,7,17,Hierarchical-Collective
9,13,18,8,Hierarchical-Individual
9,15,21,25,Hierarchical-Individual
6,24,11,25,Hierarchical-Collective
9,13,22,17,Hierarchical-Individual
10,22,7,21,Hierarchical-Collective
10,13,21,21,Hierarchical-Individual
10,19,12,21,Hierarchical-Collective
10,22,11,25,Hierarchical-Collective
10,13,25,25,Hierarchical-Individual
10,19,17,25,Hierarchical-Collective
10,22,11,25,Hierarchical-Collective
10,13,25,25,Hierarchical-Individual
10,19,17,25,Hierarchical-Collective
8,22,10,12,Distributed-Individual
10,14,16,21,Distributed-Collective
10,20,12,12,Distributed-Individual
16,22,14,5,Distributed-Individual
19,14,20,12,Distributed-Collective
19,20,17,5,Distributed-Individual
16,22,14,5,Distributed-Individual
19,14,20,12,Distributed-Collective
19,20,17,5,Distributed-Individual
16,22,10,5,Distributed-Individual
19,14,16,12,Distributed-Collective
19,20,12,5,Distributed-Individual
8,22,10,8,Distributed-Individual
10,14,16,17,Distributed-Collective
10,20,12,8,Distributed-Individual
13,11,17,21,Hierarchical-Collective
13,11,21,25,Hierarchical-Collective
13,11,25,21,Hierarchical-Collective
8,12,16,17,Hierarchical-Individual
9,22,7,17,Distributed-Collective
11,16,16,17,Distributed-Individual
12,23,7,17,Distributed-Collective
16,12,12,12,Hierarchical-Individual
17,22,5,12,Distributed-Collective
20,16,12,12,Distributed-Individual
20,23,5,12,Distributed-Collective
8,12,16,25,Hierarchical-Individual
9,22,7,25,Distributed-Collective
11,16,16,25,Distributed-Individual
12,23,7,25,Distributed-Collective
8,12,16,21,Hierarchical-Individual
9,22,7,21,Distributed-Collective
11,16,16,21,Distributed-Individual
12,23,7,21,Distributed-Collective
16,12,16,8,Hierarchical-Individual
17,22,7,8,Distributed-Collective
20,16,16,8,Distributed-Individual
20,23,7,8,Distributed-Collective
8,12,16,21,Hierarchical-Individual
9,22,7,21,Distributed-Collective
11,16,16,21,Distributed-Individual
12,23,7,21,Distributed-Collective
16,12,16,17,Hierarchical-Individual
17,22,7,17,Distributed-Collective
20,16,16,17,Distributed-Individual
20,23,7,17,Distributed-Collective
8,12,16,21,Hierarchical-Individual
9,22,7,21,Distributed-Collective
11,16,16,21,Distributed-Individual
12,23,7,21,Distributed-Collective
16,20,6,12,Distributed-Collective
15,20,5,12,Hierarchical-Collective
16,11,19,12,Distributed-Individual
16,20,6,8,Distributed-Collective
15,20,5,8,Hierarchical-Collective
16,11,19,8,Distributed-Individual
8,20,10,21,Distributed-Collective
7,20,10,21,Hierarchical-Collective
7,11,23,21,Distributed-Individual
16,20,5,12,Distributed-Collective
15,20,5,12,Hierarchical-Collective
16,11,15,12,Distributed-Individual
8,12,20,17,Hierarchical-Individual
17,12,20,17,Hierarchical-Individual
17,12,20,8,Hierarchical-Individual
8,12,20,21,Hierarchical-Individual
8,12,24,21,Hierarchical-Individual
8,12,16,21,Hierarchical-Individual
8,12,20,17,Hierarchical-Individual
19,13,21,5,Hierarchical-Individual
20,10,21,5,Distributed-Collective
19,13,25,5,Hierarchical-Individual
20,10,25,5,Distributed-Collective
11,13,25,8,Hierarchical-Individual
12,10,25,8,Distributed-Collective
11,13,25,17,Hierarchical-Individual
12,10,25,17,Distributed-Collective
11,13,21,17,Hierarchical-Individual
12,10,21,17,Distributed-Collective
11,13,25,17,Hierarchical-Individual
12,10,25,17,Distributed-Collective
11,13,17,12,Hierarchical-Individual
12,10,17,12,Distributed-Collective
19,13,25,5,Hierarchical-Individual
20,10,25,5,Distributed-Collective
11,13,25,17,Hierarchical-Individual
12,10,25,17,Distributed-Collective
11,23,8,21,Distributed-Individual
11,24,10,21,Hierarchical-Collective
11,12,19,21,Distributed-Individual
19,23,12,12,Distributed-Individual
20,24,15,12,Hierarchical-Collective
19,12,23,12,Distributed-Individual
11,23,8,17,Distributed-Individual
11,24,10,17,Hierarchical-Collective
11,12,19,17,Distributed-Individual
11,23,8,25,Distributed-Individual
11,24,10,25,Hierarchical-Collective
11,12,19,25,Distributed-Individual
19,23,8,17,Distributed-Individual
20,24,10,17,Hierarchical-Collective
19,12,19,17,Distributed-Individual
19,23,5,8,Distributed-Individual
20,24,6,8,Hierarchical-Collective
19,12,15,8,Distributed-Individual
18,23,5,5,Hierarchical-Individual
17,13,14,12,Distributed-Individual
18,13,15,12,Distributed-Collective
18,21,5,5,Hierarchical-Collective
18,23,14,8,Hierarchical-Individual
17,13,22,17,Distributed-Individual
18,13,23,17,Distributed-Collective
18,21,12,8,Hierarchical-Collective
18,23,10,8,Hierarchical-Individual
17,13,18,17,Distributed-Individual
18,13,19,17,Distributed-Collective
18,21,8,8,Hierarchical-Collective
12,22,8,8,Distributed-Individual
9,12,23,17,Hierarchical-Individual
10,22,8,17,Hierarchical-Individual
20,22,8,5,Distributed-Individual
17,12,23,12,Hierarchical-Individual
19,22,8,12,Hierarchical-Individual
12,22,5,12,Distributed-Individual
9,12,19,21,Hierarchical-Individual
10,22,5,21,Hierarchical-Individual
20,22,5,5,Distributed-Individual
17,12,19,12,Hierarchical-Individual
19,22,5,12,Hierarchical-Individual
12,22,5,12,Distributed-Individual
9,12,15,21,Hierarchical-Individual
10,22,5,21,Hierarchical-Individual
10,24,10,21,Distributed-Collective
9,12,20,21,Distributed-Individual
9,20,10,21,Hierarchical-Collective
18,24,5,8,Distributed-Collective
17,12,12,8,Distributed-Individual
18,20,5,8,Hierarchical-Collective
18,24,10,12,Distributed-Collective
17,12,20,12,Distributed-Individual
18,20,10,12,Hierarchical-Collective
10,24,6,21,Distributed-Collective
9,12,16,21,Distributed-Individual
9,20,6,21,Hierarchical-Collective
19,11,19,8,Distributed-Individual
17,21,12,8,Hierarchical-Collective
11,11,10,21,Distributed-Individual
8,21,5,21,Hierarchical-Collective
19,11,15,12,Distributed-Individual
17,21,8,12,Hierarchical-Collective
11,11,19,21,Distributed-Individual
8,21,12,21,Hierarchical-Collective
19,11,19,8,Distributed-Individual
17,21,12,8,Hierarchical-Collective
11,11,10,17,Distributed-Individual
8,21,5,17,Hierarchical-Collective
16,20,5,12,Hierarchical-Individual
8,20,13,21,Hierarchical-Individual
8,20,9,17,Hierarchical-Individual
16,20,9,8,Hierarchical-Individual
8,20,9,25,Hierarchical-Individual
16,20,5,12,Hierarchical-Individual
16,20,9,17,Hierarchical-Individual
11,24,5,12,Hierarchical-Individual
12,12,16,12,Distributed-Collective
12,23,7,21,Distributed-Collective
11,24,6,8,Hierarchical-Individual
12,12,20,8,Distributed-Collective
12,23,11,17,Distributed-Collective
11,24,6,8,Hierarchical-Individual
12,12,20,8,Distributed-Collective
12,23,11,17,Distributed-Collective
19,24,6,5,Hierarchical-Individual
21,12,20,5,Distributed-Collective
21,23,11,8,Distributed-Collective
15,13,14,12,Hierarchical-Individual
19,14,20,12,Hierarchical-Collective
7,13,14,21,Hierarchical-Individual
11,14,20,21,Hierarchical-Collective
7,13,14,25,Hierarchical-Individual
11,14,20,25,Hierarchical-Collective
7,13,18,21,Hierarchical-Individual
11,14,24,21,Hierarchical-Collective
7,13,18,17,Hierarchical-Individual
11,14,24,17,Hierarchical-Collective
7,13,10,21,Hierarchical-Individual
11,14,16,21,Hierarchical-Collective
7,13,14,17,Hierarchical-Individual
11,14,20,17,Hierarchical-Collective
7,13,14,21,Hierarchical-Individual
11,14,20,21,Hierarchical-Collective
7,19,11,17,Hierarchical-Individual
7,19,15,21,Hierarchical-Individual
7,19,7,21,Hierarchical-Individual
7,19,15,17,Hierarchical-Individual
16,19,11,8,Hierarchical-Individual
16,19,11,12,Hierarchical-Individual
7,19,11,17,Hierarchical-Individual
16,19,7,12,Hierarchical-Individual
7,19,11,21,Hierarchical-Individual
10,23,14,25,Distributed-Individual
6,22,11,17,Distributed-Individual
10,23,10,21,Distributed-Individual
6,22,7,12,Distributed-Individual
7,23,9,17,Distributed-Collective
6,12,23,17,Distributed-Collective
7,20,8,17,Distributed-Collective
8,23,15,25,Distributed-Individual
7,23,9,17,Distributed-Collective
6,12,23,17,Distributed-Collective
7,20,8,17,Distributed-Collective
8,23,15,25,Distributed-Individual
7,23,5,12,Distributed-Collective
6,12,19,12,Distributed-Collective
7,20,5,12,Distributed-Collective
8,23,11,21,Distributed-Individual
7,23,5,8,Distributed-Collective
6,12,15,8,Distributed-Collective
7,20,5,8,Distributed-Collective
8,23,7,17,Distributed-Individual
13,12,20,21,Distributed-Collective
13,19,14,21,Distributed-Collective
9,13,19,21,Hierarchical-Collective
13,12,15,21,Distributed-Collective
13,19,10,21,Distributed-Collective
9,13,15,21,Hierarchical-Collective
22,12,15,8,Distributed-Collective
21,19,10,8,Distributed-Collective
17,13,15,8,Hierarchical-Collective
8,23,8,12,Distributed-Collective
8,23,5,12,Distributed-Collective
8,23,8,17,Distributed-Collective
17,23,12,5,Distributed-Collective
17,23,12,5,Distributed-Collective
17,23,8,5,Distributed-Collective
8,23,8,8,Distributed-Collective
17,23,8,5,Distributed-Collective
12,20,16,25,Hierarchical-Collective
20,20,12,8,Hierarchical-Collective
20,20,12,12,Hierarchical-Collective
12,20,12,21,Hierarchical-Collective
12,20,8,21,Hierarchical-Collective
20,20,16,12,Hierarchical-Collective
12,20,8,21,Hierarchical-Collective
19,12,25,5,Distributed-Individual
18,21,15,8,Hierarchical-Individual
10,12,17,12,Distributed-Individual
10,21,7,21,Hierarchical-Individual
10,12,17,12,Distributed-Individual
10,21,7,21,Hierarchical-Individual
19,12,21,5,Distributed-Individual
18,21,11,8,Hierarchical-Individual
10,12,21,12,Distributed-Individual
10,21,11,21,Hierarchical-Individual
10,12,21,8,Distributed-Individual
10,21,11,17,Hierarchical-Individual
19,12,17,5,Distributed-Individual
18,21,7,12,Hierarchical-Individual
19,12,21,8,Distributed-Individual
18,21,11,17,Hierarchical-Individual
17,20,12,5,Distributed-Individual
9,20,8,12,Distributed-Individual
9,20,12,8,Distributed-Individual
9,20,12,8,Distributed-Individual
9,20,12,12,Distributed-Individual
9,20,17,12,Distributed-Individual
9,20,17,8,Distributed-Individual
10,24,5,12,Distributed-Individual
13,22,5,12,Distributed-Collective
12,20,8,12,Hierarchical-Collective
10,24,10,8,Distributed-Individual
13,22,9,8,Distributed-Collective
12,20,17,8,Hierarchical-Collective
19,24,10,8,Distributed-Individual
21,22,9,8,Distributed-Collective
21,20,17,8,Hierarchical-Collective
19,24,6,5,Distributed-Individual
21,22,5,5,Distributed-Collective
21,20,12,5,Hierarchical-Collective
11,12,18,21,Hierarchical-Collective
11,12,18,21,Hierarchical-Collective
19,12,18,17,Hierarchical-Collective
11,12,18,21,Hierarchical-Collective
19,12,18,12,Hierarchical-Collective
19,24,12,12,Hierarchical-Collective
21,22,8,12,Hierarchical-Collective
10,24,12,17,Hierarchical-Collective
13,22,8,17,Hierarchical-Collective
19,20,12,12,Hierarchical-Individual
20,20,7,5,Hierarchical-Individual
11,20,12,17,Hierarchical-Individual
11,20,7,8,Hierarchical-Individual
19,20,12,12,Hierarchical-Individual
20,20,7,5,Hierarchical-Individual
19,20,12,8,Hierarchical-Individual
20,20,7,5,Hierarchical-Individual
19,20,8,12,Hierarchical-Individual
20,20,5,5,Hierarchical-Individual
8,21,12,12,Distributed-Collective
8,23,5,21,Hierarchical-Individual
8,21,8,12,Distributed-Collective
8,23,5,21,Hierarchical-Individual
8,21,17,8,Distributed-Collective
8,23,9,17,Hierarchical-Individual
16,21,12,8,Distributed-Collective
16,23,5,17,Hierarchical-Individual
8,21,8,12,Distributed-Collective
8,23,5,21,Hierarchical-Individual
8,21,8,8,Distributed-Collective
8,23,5,17,Hierarchical-Individual
16,21,12,5,Distributed-Collective
16,23,5,8,Hierarchical-Individual
8,21,8,12,Distributed-Collective
8,23,5,21,Hierarchical-Individual
8,21,12,12,Distributed-Collective
8,23,5,21,Hierarchical-Individual
11,20,5,21,Hierarchical-Collective
10,15,10,21,Hierarchical-Individual
11,20,5,25,Hierarchical-Collective
10,15,10,25,Hierarchical-Individual
11,20,5,17,Hierarchical-Collective
10,15,14,17,Hierarchical-Individual
11,20,5,21,Hierarchical-Collective
10,15,14,21,Hierarchical-Individual
8,19,8,12,Distributed-Collective
9,13,17,12,Distributed-Collective
12,12,17,17,Hierarchical-Individual
11,11,18,17,Distributed-Individual
12,12,13,17,Hierarchical-Individual
11,11,13,17,Distributed-Individual
12,12,13,12,Hierarchical-Individual
11,11,13,12,Distributed-Individual
12,12,13,12,Hierarchical-Individual
11,11,13,12,Distributed-Individual
12,12,13,12,Hierarchical-Individual
11,11,13,12,Distributed-Individual
12,12,13,12,Hierarchical-Individual
11,11,13,12,Distributed-Individual
12,12,13,8,Hierarchical-Individual
11,11,13,8,Distributed-Individual
20,12,9,5,Hierarchical-Individual
19,11,9,5,Distributed-Individual
11,12,22,17,Distributed-Individual
20,12,18,12,Distributed-Individual
11,12,18,25,Distributed-Individual
11,12,18,21,Distributed-Individual
9,10,16,17,Distributed-Individual
9,20,12,25,Hierarchical-Collective
9,10,20,12,Distributed-Individual
9,20,16,21,Hierarchical-Collective
9,10,16,12,Distributed-Individual
9,20,12,21,Hierarchical-Collective
9,10,16,12,Distributed-Individual
9,20,12,21,Hierarchical-Collective
17,10,16,5,Distributed-Individual
17,20,12,12,Hierarchical-Collective
17,10,16,5,Distributed-Individual
17,20,12,12,Hierarchical-Collective
17,10,16,5,Distributed-Individual
17,20,12,12,Hierarchical-Collective
9,10,16,17,Distributed-Individual
9,20,12,25,Hierarchical-Collective
9,10,12,12,Distributed-Individual
9,20,8,21,Hierarchical-Collective
17,13,18,5,Hierarchical-Individual
15,23,7,5,Distributed-Individual
16,23,11,12,Hierarchical-Collective
8,13,13,8,Hierarchical-Individual
6,23,5,8,Distributed-Individual
7,23,7,17,Hierarchical-Collective
8,13,18,8,Hierarchical-Individual
6,23,7,8,Distributed-Individual
7,23,11,17,Hierarchical-Collective
17,13,18,5,Hierarchical-Individual
15,23,7,5,Distributed-Individual
16,23,11,12,Hierarchical-Collective
8,13,22,12,Hierarchical-Individual
6,23,11,12,Distributed-Individual
7,23,15,21,Hierarchical-Collective
9,15,20,8,Hierarchical-Individual
10,21,15,17,Distributed-Individual
7,21,15,17,Distributed-Individual
8,20,15,8,Hierarchical-Collective
9,15,15,12,Hierarchical-Individual
10,21,10,21,Distributed-Individual
7,21,11,21,Distributed-Individual
8,20,10,12,Hierarchical-Collective
17,15,11,5,Hierarchical-Individual
18,21,6,12,Distributed-Individual
15,21,7,12,Distributed-Individual
17,20,6,5,Hierarchical-Collective
9,15,20,12,Hierarchical-Individual
10,21,15,21,Distributed-Individual
7,21,15,21,Distributed-Individual
8,20,15,12,Hierarchical-Collective
12,12,24,21,Distributed-Collective
9,20,15,21,Distributed-Collective
8,18,9,21,Hierarchical-Individual
12,12,20,21,Distributed-Collective
9,20,10,21,Distributed-Collective
8,18,5,21,Hierarchical-Individual
12,12,20,21,Distributed-Collective
9,20,10,21,Distributed-Collective
8,18,5,21,Hierarchical-Individual
20,12,16,17,Distributed-Collective
18,20,6,17,Distributed-Collective
17,18,5,17,Hierarchical-Individual
20,15,22,17,Hierarchical-Individual
19,12,17,17,Distributed-Individual
18,23,17,17,Distributed-Collective
20,15,13,8,Hierarchical-Individual
19,12,8,8,Distributed-Individual
18,23,8,8,Distributed-Collective
11,15,18,17,Hierarchical-Individual
11,12,12,17,Distributed-Individual
9,23,12,17,Distributed-Collective
20,15,18,12,Hierarchical-Individual
19,12,12,12,Distributed-Individual
18,23,12,12,Distributed-Collective
11,15,18,21,Hierarchical-Individual
11,12,12,21,Distributed-Individual
9,23,12,21,Distributed-Collective
11,15,22,21,Hierarchical-Individual
11,12,17,21,Distributed-Individual
9,23,17,21,Distributed-Collective
11,15,22,21,Hierarchical-Individual
11,12,17,21,Distributed-Individual
9,23,17,21,Distributed-Collective
20,15,22,12,Hierarchical-Individual
19,12,17,12,Distributed-Individual
18,23,17,12,Distributed-Collective
12,14,9,8,Distributed-Collective
11,16,9,17,Hierarchical-Individual
8,21,8,8,Hierarchical-Collective
20,14,13,8,Distributed-Collective
20,16,13,17,Hierarchical-Individual
17,21,12,8,Hierarchical-Collective
12,14,18,12,Distributed-Collective
11,16,17,21,Hierarchical-Individual
8,21,16,12,Hierarchical-Collective
12,14,18,8,Distributed-Collective
11,16,17,17,Hierarchical-Individual
8,21,16,8,Hierarchical-Collective
9,12,16,12,Hierarchical-Individual
13,22,6,12,Distributed-Individual
9,20,8,21,Distributed-Individual
9,12,24,12,Hierarchical-Individual
13,22,14,12,Distributed-Individual
9,20,17,21,Distributed-Individual
10,23,7,17,Distributed-Collective
11,22,12,17,Hierarchical-Collective
11,14,14,17,Distributed-Collective
8,21,6,8,Hierarchical-Individual
10,23,7,17,Distributed-Collective
11,22,12,17,Hierarchical-Collective
11,14,14,17,Distributed-Collective
8,21,6,8,Hierarchical-Individual
10,23,5,21,Distributed-Collective
11,22,8,21,Hierarchical-Collective
11,14,10,21,Distributed-Collective
8,21,5,12,Hierarchical-Individual
10,23,5,25,Distributed-Collective
11,22,8,25,Hierarchical-Collective
11,14,10,25,Distributed-Collective
8,21,5,17,Hierarchical-Individual
9,22,6,21,Distributed-Collective
11,24,8,21,Distributed-Individual
7,14,12,12,Hierarchical-Individual
8,23,8,12,Distributed-Collective
10,13,20,12,Distributed-Collective
9,22,10,17,Distributed-Collective
11,24,12,17,Distributed-Individual
7,14,17,8,Hierarchical-Individual
8,23,12,8,Distributed-Collective
10,13,25,8,Distributed-Collective
9,22,5,17,Distributed-Collective
11,24,5,17,Distributed-Individual
7,14,8,8,Hierarchical-Individual
8,23,5,8,Distributed-Collective
10,13,16,8,Distributed-Collective
9,22,5,21,Distributed-Collective
11,24,5,21,Distributed-Individual
7,14,8,12,Hierarchical-Individual
8,23,5,12,Distributed-Collective
10,13,16,12,Distributed-Collective
9,22,6,21,Distributed-Collective
11,24,8,21,Distributed-Individual
7,14,12,12,Hierarchical-Individual
8,23,8,12,Distributed-Collective
10,13,20,12,Distributed-Collective
14,21,5,12,Distributed-Collective
14,12,20,12,Distributed-Collective
14,21,5,12,Distributed-Collective
14,12,16,12,Distributed-Collective
14,21,9,12,Distributed-Collective
14,12,24,12,Distributed-Collective
14,21,5,12,Distributed-Collective
14,12,20,12,Distributed-Collective
6,21,5,17,Distributed-Collective
6,12,16,17,Distributed-Collective
21,19,7,8,Hierarchical-Collective
20,21,10,8,Hierarchical-Individual
19,21,12,8,Hierarchical-Collective
17,18,10,5,Distributed-Individual
12,19,11,21,Hierarchical-Collective
12,21,14,21,Hierarchical-Individual
10,21,17,21,Hierarchical-Collective
8,18,15,12,Distributed-Individual
12,19,7,21,Hierarchical-Collective
12,21,10,21,Hierarchical-Individual
10,21,12,21,Hierarchical-Collective
8,18,10,12,Distributed-Individual
21,19,11,8,Hierarchical-Collective
20,21,14,8,Hierarchical-Individual
19,21,17,8,Hierarchical-Collective
17,18,15,5,Distributed-Individual
12,19,7,25,Hierarchical-Collective
12,21,10,25,Hierarchical-Individual
10,21,12,25,Hierarchical-Collective
8,18,10,17,Distributed-Individual
21,19,7,12,Hierarchical-Collective
20,21,10,12,Hierarchical-Individual
19,21,12,12,Hierarchical-Collective
17,18,10,5,Distributed-Individual
12,19,7,21,Hierarchical-Collective
12,21,10,21,Hierarchical-Individual
10,21,12,21,Hierarchical-Collective
8,18,10,12,Distributed-Individual
11,22,10,17,Hierarchical-Collective
9,21,6,17,Distributed-Collective
12,11,15,17,Hierarchical-Individual
11,22,14,25,Hierarchical-Collective
9,21,10,25,Distributed-Collective
12,11,19,25,Hierarchical-Individual
19,22,10,8,Hierarchical-Collective
17,21,6,8,Distributed-Collective
20,11,15,8,Hierarchical-Individual
11,22,6,17,Hierarchical-Collective
9,21,5,17,Distributed-Collective
12,11,10,17,Hierarchical-Individual
19,22,6,12,Hierarchical-Collective
17,21,5,12,Distributed-Collective
20,11,10,12,Hierarchical-Individual
19,20,8,8,Hierarchical-Individual
19,20,8,8,Hierarchical-Individual
10,20,8,17,Hierarchical-Individual
19,20,12,5,Hierarchical-Individual
10,20,5,12,Hierarchical-Individual
19,20,5,5,Hierarchical-Individual
10,20,8,8,Hierarchical-Individual
19,20,5,8,Hierarchical-Individual
18,13,17,17,Distributed-Individual
19,15,21,8,Hierarchical-Collective
18,13,17,8,Distributed-Individual
19,15,21,5,Hierarchical-Collective
10,13,13,21,Distributed-Individual
10,15,17,12,Hierarchical-Collective
18,13,17,12,Distributed-Individual
19,15,21,5,Hierarchical-Collective
18,13,17,8,Distributed-Individual
19,15,21,5,Hierarchical-Collective
10,13,13,25,Distributed-Individual
10,15,17,17,Hierarchical-Collective
9,21,10,12,Hierarchical-Individual
9,21,10,8,Hierarchical-Individual
9,21,15,12,Hierarchical-Individual
9,21,10,12,Hierarchical-Individual
17,21,6,8,Hierarchical-Individual
9,21,15,12,Hierarchical-Individual
17,21,15,5,Hierarchical-Individual
20,24,5,8,Hierarchical-Collective
11,24,5,8,Hierarchical-Collective
20,24,5,5,Hierarchical-Collective
11,24,5,8,Hierarchical-Collective
11,22,5,8,Distributed-Individual
10,24,5,17,Hierarchical-Collective
11,24,5,8,Distributed-Collective
11,22,9,12,Distributed-Individual
10,24,9,21,Hierarchical-Collective
11,24,11,12,Distributed-Collective
11,22,5,17,Distributed-Individual
10,24,5,25,Hierarchical-Collective
11,24,7,17,Distributed-Collective
19,22,5,5,Distributed-Individual
19,24,5,8,Hierarchical-Collective
19,24,7,5,Distributed-Collective
11,22,9,12,Distributed-Individual
10,24,9,21,Hierarchical-Collective
11,24,11,12,Distributed-Collective
22,14,15,12,Hierarchical-Individual
8,12,23,25,Hierarchical-Collective
8,12,19,25,Hierarchical-Collective
16,12,19,12,Hierarchical-Collective
12,20,12,17,Hierarchical-Individual
21,20,12,5,Hierarchical-Individual
21,20,12,5,Hierarchical-Individual
12,20,12,12,Hierarchical-Individual
8,11,18,12,Hierarchical-Collective
8,11,18,8,Hierarchical-Collective
8,11,18,17,Hierarchical-Collective
8,11,22,8,Hierarchical-Collective
16,11,18,5,Hierarchical-Collective
16,11,18,5,Hierarchical-Collective
8,11,14,17,Hierarchical-Collective
16,11,22,8,Hierarchical-Collective
8,11,14,12,Hierarchical-Collective
8,11,22,12,Hierarchical-Collective
9,13,18,21,Distributed-Individual
9,20,10,12,Hierarchical-Collective
7,21,8,12,Hierarchical-Collective
9,13,14,17,Distributed-Individual
9,20,6,8,Hierarchical-Collective
7,21,5,8,Hierarchical-Collective
16,19,10,5,Hierarchical-Collective
8,19,14,8,Hierarchical-Collective
16,19,5,5,Hierarchical-Collective
8,19,10,17,Hierarchical-Collective
8,19,5,12,Hierarchical-Collective
8,19,5,8,Hierarchical-Collective
16,19,10,5,Hierarchical-Collective
8,19,10,12,Hierarchical-Collective
8,19,10,12,Hierarchical-Collective
9,21,15,25,Hierarchical-Collective
11,13,19,25,Distributed-Collective
17,21,10,12,Hierarchical-Collective
19,13,15,12,Distributed-Collective
17,21,6,17,Hierarchical-Collective
19,13,10,17,Distributed-Collective
17,21,10,17,Hierarchical-Collective
19,13,15,17,Distributed-Collective
9,21,10,17,Hierarchical-Collective
11,13,15,17,Distributed-Collective
9,21,10,21,Hierarchical-Collective
11,13,15,21,Distributed-Collective
9,21,15,25,Hierarchical-Collective
11,13,19,25,Distributed-Collective
9,21,6,25,Hierarchical-Collective
11,13,10,25,Distributed-Collective
17,21,10,17,Hierarchical-Collective
19,13,15,17,Distributed-Collective
17,21,10,12,Hierarchical-Collective
19,13,15,12,Distributed-Collective
9,21,10,17,Hierarchical-Collective
11,13,15,17,Distributed-Collective
9,21,15,21,Hierarchical-Collective
11,13,19,21,Distributed-Collective
9,21,15,25,Hierarchical-Collective
11,13,19,25,Distributed-Collective
12,15,18,17,Hierarchical-Collective
20,22,9,12,Hierarchical-Individual
12,22,13,21,Hierarchical-Individual
20,22,13,8,Hierarchical-Individual
20,22,5,12,Hierarchical-Individual
20,22,9,8,Hierarchical-Individual
20,22,9,12,Hierarchical-Individual
10,21,14,12,Hierarchical-Individual
12,13,20,21,Hierarchical-Collective
19,21,10,5,Hierarchical-Individual
20,13,16,8,Hierarchical-Collective
10,21,10,12,Hierarchical-Individual
12,13,16,21,Hierarchical-Collective
10,21,14,12,Hierarchical-Individual
12,13,20,21,Hierarchical-Collective
16,21,12,8,Distributed-Collective
19,12,17,17,Distributed-Collective
16,21,8,8,Distributed-Collective
19,12,13,17,Distributed-Collective
8,21,8,8,Distributed-Collective
10,12,13,17,Distributed-Collective
8,21,8,12,Distributed-Collective
10,12,13,21,Distributed-Collective
16,12,20,5,Distributed-Collective
16,21,10,12,Distributed-Individual
17,12,18,12,Hierarchical-Collective
18,14,12,12,Hierarchical-Collective
18,14,18,12,Hierarchical-Individual
17,15,17,12,Hierarchical-Collective
16,12,20,5,Distributed-Collective
16,21,10,12,Distributed-Individual
17,12,18,12,Hierarchical-Collective
18,14,12,12,Hierarchical-Collective
18,14,18,12,Hierarchical-Individual
17,15,17,12,Hierarchical-Collective
8,12,20,12,Distributed-Collective
7,21,10,21,Distributed-Individual
9,12,18,21,Hierarchical-Collective
10,14,12,21,Hierarchical-Collective
9,14,18,21,Hierarchical-Individual
8,15,17,21,Hierarchical-Collective
16,12,20,5,Distributed-Collective
16,21,10,8,Distributed-Individual
17,12,18,8,Hierarchical-Collective
18,14,12,8,Hierarchical-Collective
18,14,18,8,Hierarchical-Individual
17,15,17,8,Hierarchical-Collective
9,21,10,12,Hierarchical-Collective
10,23,9,21,Hierarchical-Collective
11,21,13,21,Distributed-Collective
17,21,10,5,Hierarchical-Collective
19,23,9,12,Hierarchical-Collective
19,21,13,12,Distributed-Collective
17,21,5,5,Hierarchical-Collective
19,23,5,12,Hierarchical-Collective
19,21,9,12,Distributed-Collective
9,12,22,17,Hierarchical-Individual
11,22,15,17,Hierarchical-Collective
9,12,18,21,Hierarchical-Individual
11,22,10,21,Hierarchical-Collective
9,12,22,21,Hierarchical-Individual
11,22,15,21,Hierarchical-Collective
9,12,22,21,Hierarchical-Individual
11,22,15,21,Hierarchical-Collective
18,12,18,17,Hierarchical-Individual
19,22,10,17,Hierarchical-Collective
18,19,7,17,Distributed-Collective
17,10,16,17,Distributed-Collective
21,19,10,17,Hierarchical-Individual
21,22,10,17,Distributed-Collective
18,19,11,12,Distributed-Collective
17,10,20,12,Distributed-Collective
21,19,14,12,Hierarchical-Individual
21,22,15,12,Distributed-Collective
18,19,7,12,Distributed-Collective
17,10,16,12,Distributed-Collective
21,19,10,12,Hierarchical-Individual
21,22,10,12,Distributed-Collective
7,21,5,21,Hierarchical-Individual
7,21,10,21,Hierarchical-Individual
7,21,5,21,Hierarchical-Individual
7,21,10,21,Hierarchical-Individual
16,21,5,12,Hierarchical-Individual
16,21,5,12,Hierarchical-Individual
7,21,5,25,Hierarchical-Individual
16,21,10,12,Hierarchical-Individual
7,21,5,17,Hierarchical-Individual
16,21,10,17,Hierarchical-Individual
11,20,11,25,Distributed-Collective
10,15,20,25,Distributed-Collective
13,14,19,25,Hierarchical-Individual
13,14,22,25,Distributed-Individual
9,14,21,25,Distributed-Collective
13,23,10,17,Hierarchical-Collective
11,20,11,25,Distributed-Collective
10,15,20,25,Distributed-Collective
13,14,19,25,Hierarchical-Individual
13,14,22,25,Distributed-Individual
9,14,21,25,Distributed-Collective
13,23,10,17,Hierarchical-Collective
11,20,5,25,Distributed-Collective
10,15,11,25,Distributed-Collective
13,14,10,25,Hierarchical-Individual
13,14,14,25,Distributed-Individual
9,14,13,25,Distributed-Collective
13,23,5,17,Hierarchical-Collective
15,15,20,8,Hierarchical-Individual
19,21,10,8,Distributed-Collective
17,23,9,8,Hierarchical-Collective
15,15,20,12,Hierarchical-Individual
19,21,10,12,Distributed-Collective
17,23,9,12,Hierarchical-Collective
7,15,20,25,Hierarchical-Individual
10,21,10,25,Distributed-Collective
9,23,9,25,Hierarchical-Collective
7,15,20,21,Hierarchical-Individual
10,21,10,21,Distributed-Collective
9,23,9,21,Hierarchical-Collective
15,15,20,8,Hierarchical-Individual
19,21,10,8,Distributed-Collective
17,23,9,8,Hierarchical-Collective
9,19,16,21,Distributed-Collective
9,19,12,25,Distributed-Collective
9,19,8,21,Distributed-Collective
9,19,12,17,Distributed-Collective
17,13,21,12,Hierarchical-Individual
16,23,11,12,Hierarchical-Collective
16,14,21,12,Distributed-Collective
19,14,15,5,Distributed-Collective
9,13,21,17,Hierarchical-Individual
8,23,11,17,Hierarchical-Collective
8,14,21,17,Distributed-Collective
10,14,15,8,Distributed-Collective
11,14,15,21,Hierarchical-Individual
20,14,11,12,Hierarchical-Individual
20,14,15,8,Hierarchical-Individual
20,14,15,12,Hierarchical-Individual
11,14,15,21,Hierarchical-Individual
11,14,11,21,Hierarchical-Individual
20,14,19,12,Hierarchical-Individual
8,14,15,17,Hierarchical-Individual
10,13,15,17,Hierarchical-Individual
7,21,8,17,Distributed-Individual
8,14,15,21,Hierarchical-Individual
10,13,15,21,Hierarchical-Individual
7,21,8,21,Distributed-Individual
17,21,12,8,Hierarchical-Individual
18,19,10,8,Hierarchical-Individual
17,21,12,8,Hierarchical-Individual
18,19,10,8,Hierarchical-Individual
9,21,8,21,Hierarchical-Individual
10,19,6,21,Hierarchical-Individual
17,21,8,8,Hierarchical-Individual
18,19,6,8,Hierarchical-Individual
17,21,12,8,Hierarchical-Individual
18,19,10,8,Hierarchical-Individual
18,19,5,5,Distributed-Individual
18,20,5,5,Hierarchical-Individual
9,19,10,8,Distributed-Individual
10,20,5,8,Hierarchical-Individual
9,19,10,12,Distributed-Individual
10,20,5,12,Hierarchical-Individual
9,19,10,8,Distributed-Individual
10,20,5,8,Hierarchical-Individual
8,11,16,21,Hierarchical-Individual
10,22,5,12,Distributed-Individual
8,11,20,21,Hierarchical-Individual
10,22,8,12,Distributed-Individual
8,11,16,21,Hierarchical-Individual
10,22,5,12,Distributed-Individual
17,11,16,8,Hierarchical-Individual
18,22,5,5,Distributed-Individual
17,11,20,8,Hierarchical-Individual
18,22,8,5,Distributed-Individual
8,11,20,21,Hierarchical-Individual
10,22,8,12,Distributed-Individual
17,11,12,12,Hierarchical-Individual
18,22,5,5,Distributed-Individual
15,14,20,12,Hierarchical-Individual
7,14,24,17,Hierarchical-Individual
15,14,20,8,Hierarchical-Individual
15,14,20,8,Hierarchical-Individual
15,14,20,12,Hierarchical-Individual
15,14,20,12,Hierarchical-Individual
15,14,24,12,Hierarchical-Individual
13,21,13,17,Distributed-Individual
11,21,10,8,Hierarchical-Individual
12,21,15,8,Distributed-Collective
18,14,22,8,Hierarchical-Collective
18,14,22,12,Hierarchical-Collective
10,14,22,25,Hierarchical-Collective
10,14,22,17,Hierarchical-Collective
10,14,18,21,Hierarchical-Collective
10,14,18,25,Hierarchical-Collective
18,14,18,12,Hierarchical-Collective
10,14,14,17,Hierarchical-Collective
18,14,22,17,Hierarchical-Collective
18,14,22,12,Hierarchical-Collective
9,15,14,21,Distributed-Collective
12,13,17,21,Hierarchical-Individual
10,15,19,21,Hierarchical-Individual
10,21,11,21,Distributed-Individual
18,15,14,12,Distributed-Collective
20,13,17,12,Hierarchical-Individual
19,15,19,12,Hierarchical-Individual
18,21,11,12,Distributed-Individual
18,15,14,12,Distributed-Collective
20,13,17,12,Hierarchical-Individual
19,15,19,12,Hierarchical-Individual
18,21,11,12,Distributed-Individual
19,12,11,8,Distributed-Collective
17,21,8,8,Hierarchical-Collective
20,23,5,17,Distributed-Individual
11,12,11,8,Distributed-Collective
9,21,8,8,Hierarchical-Collective
12,23,5,17,Distributed-Individual
19,12,19,5,Distributed-Collective
17,21,16,5,Hierarchical-Collective
20,23,10,8,Distributed-Individual
19,12,15,5,Distributed-Collective
17,21,12,5,Hierarchical-Collective
20,23,6,12,Distributed-Individual
19,12,11,5,Distributed-Collective
17,21,8,5,Hierarchical-Collective
20,23,5,8,Distributed-Individual
11,12,15,12,Distributed-Collective
9,21,12,12,Hierarchical-Collective
12,23,6,21,Distributed-Individual
11,12,15,12,Distributed-Collective
9,21,12,12,Hierarchical-Collective
12,23,6,21,Distributed-Individual
11,12,19,8,Distributed-Collective
9,21,16,8,Hierarchical-Collective
12,23,10,17,Distributed-Individual
19,12,15,8,Distributed-Collective
17,21,12,8,Hierarchical-Collective
20,23,6,17,Distributed-Individual
15,15,12,12,Distributed-Collective
16,22,12,5,Hierarchical-Individual
14,24,12,12,Hierarchical-Collective
16,22,5,12,Distributed-Individual
19,21,7,12,Distributed-Collective
15,15,12,8,Distributed-Collective
16,22,12,5,Hierarchical-Individual
14,24,12,8,Hierarchical-Collective
16,22,5,8,Distributed-Individual
19,21,7,8,Distributed-Collective
7,15,17,25,Distributed-Collective
8,22,16,17,Hierarchical-Individual
6,24,16,25,Hierarchical-Collective
8,22,9,25,Distributed-Individual
11,21,11,25,Distributed-Collective
18,23,10,8,Distributed-Individual
18,21,12,8,Hierarchical-Collective
9,23,15,12,Distributed-Individual
9,21,16,12,Hierarchical-Collective
9,23,15,8,Distributed-Individual
9,21,16,8,Hierarchical-Collective
18,23,6,5,Distributed-Individual
18,21,8,5,Hierarchical-Collective
9,23,10,12,Distributed-Individual
9,21,12,12,Hierarchical-Collective
9,23,10,12,Distributed-Individual
9,21,12,12,Hierarchical-Collective
9,23,10,8,Distributed-Individual
9,21,12,8,Hierarchical-Collective
9,23,15,12,Distributed-Individual
9,21,16,12,Hierarchical-Collective
21,9,19,17,Distributed-Collective
21,9,15,17,Distributed-Collective
16,13,12,12,Distributed-Collective
18,21,5,12,Hierarchical-Collective
16,24,8,12,Distributed-Individual
20,23,6,12,Distributed-Individual
20,24,6,12,Hierarchical-Collective
16,24,8,12,Distributed-Individual
20,23,6,12,Distributed-Individual
20,24,6,12,Hierarchical-Collective
16,24,12,12,Distributed-Individual
20,23,10,12,Distributed-Individual
20,24,10,12,Hierarchical-Collective
8,24,8,25,Distributed-Individual
12,23,6,25,Distributed-Individual
12,24,6,25,Hierarchical-Collective
8,24,8,25,Distributed-Individual
12,23,6,25,Distributed-Individual
12,24,6,25,Hierarchical-Collective
8,24,8,25,Distributed-Individual
12,23,6,25,Distributed-Individual
12,24,6,25,Hierarchical-Collective
8,24,12,21,Distributed-Individual
12,23,10,21,Distributed-Individual
12,24,10,21,Hierarchical-Collective
16,24,8,8,Distributed-Individual
20,23,6,8,Distributed-Individual
20,24,6,8,Hierarchical-Collective
8,24,12,17,Distributed-Individual
12,23,10,17,Distributed-Individual
12,24,10,17,Hierarchical-Collective
8,24,12,17,Distributed-Individual
12,23,10,17,Distributed-Individual
12,24,10,17,Hierarchical-Collective
18,23,10,5,Hierarchical-Individual
20,15,18,5,Hierarchical-Collective
10,23,10,8,Hierarchical-Individual
11,15,18,8,Hierarchical-Collective
10,23,10,17,Hierarchical-Individual
11,15,18,17,Hierarchical-Collective
18,23,10,5,Hierarchical-Individual
20,15,18,5,Hierarchical-Collective
18,23,14,5,Hierarchical-Individual
20,15,22,5,Hierarchical-Collective
17,13,17,8,Hierarchical-Individual
18,13,18,17,Hierarchical-Individual
18,11,17,17,Distributed-Collective
17,13,9,5,Hierarchical-Individual
18,13,10,12,Hierarchical-Individual
18,11,8,12,Distributed-Collective
8,13,13,8,Hierarchical-Individual
10,13,14,17,Hierarchical-Individual
9,11,12,17,Distributed-Collective
8,13,13,12,Hierarchical-Individual
10,13,14,21,Hierarchical-Individual
9,11,12,21,Distributed-Collective
8,13,13,8,Hierarchical-Individual
10,13,14,17,Hierarchical-Individual
9,11,12,17,Distributed-Collective
8,13,13,12,Hierarchical-Individual
10,13,14,21,Hierarchical-Individual
9,11,12,21,Distributed-Collective
8,13,17,12,Hierarchical-Individual
10,13,18,21,Hierarchical-Individual
9,11,17,21,Distributed-Collective
8,13,13,12,Hierarchical-Individual
10,13,14,21,Hierarchical-Individual
9,11,12,21,Distributed-Collective
17,13,13,8,Hierarchical-Individual
18,13,14,17,Hierarchical-Individual
18,11,12,17,Distributed-Collective
9,23,8,17,Distributed-Individual
9,20,16,17,Distributed-Collective
12,23,11,17,Hierarchical-Collective
8,19,15,17,Distributed-Individual
18,23,5,12,Distributed-Individual
17,20,12,12,Distributed-Collective
21,23,7,12,Hierarchical-Collective
16,19,11,12,Distributed-Individual
9,23,5,21,Distributed-Individual
9,20,12,21,Distributed-Collective
12,23,7,21,Hierarchical-Collective
8,19,11,21,Distributed-Individual
9,23,5,21,Distributed-Individual
9,20,12,21,Distributed-Collective
12,23,7,21,Hierarchical-Collective
8,19,11,21,Distributed-Individual
9,23,5,17,Distributed-Individual
9,20,8,17,Distributed-Collective
12,23,5,17,Hierarchical-Collective
8,19,7,17,Distributed-Individual
8,22,11,21,Distributed-Collective
8,22,12,21,Hierarchical-Individual
10,13,20,21,Distributed-Individual
12,24,11,12,Hierarchical-Collective
10,24,12,12,Distributed-Individual
8,22,5,21,Distributed-Collective
8,22,5,21,Hierarchical-Individual
10,13,11,21,Distributed-Individual
12,24,5,12,Hierarchical-Collective
10,24,5,12,Distributed-Individual
17,22,5,12,Distributed-Collective
16,22,5,12,Hierarchical-Individual
18,13,11,12,Distributed-Individual
20,24,5,5,Hierarchical-Collective
18,24,5,5,Distributed-Individual
8,13,24,21,Hierarchical-Individual
10,21,17,21,Distributed-Collective
11,12,18,21,Hierarchical-Collective
8,13,20,17,Hierarchical-Individual
10,21,12,17,Distributed-Collective
11,12,13,17,Hierarchical-Collective
16,13,24,12,Hierarchical-Individual
18,21,17,12,Distributed-Collective
20,12,18,12,Hierarchical-Collective
8,13,24,21,Hierarchical-Individual
10,21,17,21,Distributed-Collective
11,12,18,21,Hierarchical-Collective
8,13,24,21,Hierarchical-Individual
10,21,17,21,Distributed-Collective
11,12,18,21,Hierarchical-Collective
8,13,16,21,Hierarchical-Individual
10,21,8,21,Distributed-Collective
11,12,9,21,Hierarchical-Collective
16,13,20,8,Hierarchical-Individual
18,21,12,8,Distributed-Collective
20,12,13,8,Hierarchical-Collective
18,16,19,8,Distributed-Collective
16,20,15,8,Hierarchical-Collective
19,22,9,5,Distributed-Collective
20,23,16,8,Hierarchical-Collective
16,20,11,5,Distributed-Collective
9,16,19,21,Distributed-Collective
8,20,15,21,Hierarchical-Collective
11,22,9,12,Distributed-Collective
11,23,16,21,Hierarchical-Collective
8,20,11,12,Distributed-Collective
9,16,19,21,Distributed-Collective
8,20,15,21,Hierarchical-Collective
11,22,9,12,Distributed-Collective
11,23,16,21,Hierarchical-Collective
8,20,11,12,Distributed-Collective
9,16,19,21,Distributed-Collective
8,20,15,21,Hierarchical-Collective
11,22,9,12,Distributed-Collective
11,23,16,21,Hierarchical-Collective
8,20,11,12,Distributed-Collective
9,22,15,17,Distributed-Individual
8,22,10,17,Distributed-Individual
8,15,21,8,Distributed-Individual
9,22,11,25,Distributed-Individual
8,22,5,25,Distributed-Individual
8,15,17,17,Distributed-Individual
9,22,15,21,Distributed-Individual
8,22,10,21,Distributed-Individual
8,15,21,12,Distributed-Individual
9,22,11,25,Distributed-Individual
8,22,5,25,Distributed-Individual
8,15,17,17,Distributed-Individual
9,22,15,21,Distributed-Individual
8,22,10,21,Distributed-Individual
8,15,21,12,Distributed-Individual
10,14,14,21,Distributed-Collective
18,14,10,12,Distributed-Collective
8,19,5,21,Distributed-Collective
16,19,5,12,Distributed-Collective
16,19,5,8,Distributed-Collective
8,19,5,21,Distributed-Collective
16,19,8,8,Distributed-Collective
7,19,8,12,Hierarchical-Individual
7,19,12,12,Hierarchical-Individual
21,12,19,5,Hierarchical-Individual
20,20,8,8,Distributed-Individual
21,12,15,8,Hierarchical-Individual
20,20,5,17,Distributed-Individual
13,12,11,12,Hierarchical-Individual
11,20,5,21,Distributed-Individual
13,12,11,12,Hierarchical-Individual
11,20,5,21,Distributed-Individual
18,22,11,8,Hierarchical-Individual
16,22,12,8,Distributed-Individual
19,12,23,8,Hierarchical-Individual
9,12,15,25,Distributed-Collective
10,19,11,25,Distributed-Collective
8,13,15,25,Distributed-Individual
9,12,19,25,Distributed-Collective
10,19,15,25,Distributed-Collective
8,13,19,25,Distributed-Individual
9,12,15,17,Distributed-Collective
10,19,11,17,Distributed-Collective
8,13,15,17,Distributed-Individual
17,12,10,12,Distributed-Collective
18,19,7,12,Distributed-Collective
17,13,11,12,Distributed-Individual
9,23,5,21,Distributed-Individual
7,23,7,21,Distributed-Collective
10,24,5,21,Hierarchical-Individual
7,24,5,21,Distributed-Collective
9,23,5,21,Distributed-Individual
7,23,7,21,Distributed-Collective
10,24,5,21,Hierarchical-Individual
7,24,5,21,Distributed-Collective
18,23,5,17,Distributed-Individual
16,23,5,17,Distributed-Collective
18,24,5,17,Hierarchical-Individual
15,24,5,17,Distributed-Collective
18,23,8,12,Distributed-Individual
16,23,11,12,Distributed-Collective
18,24,9,12,Hierarchical-Individual
15,24,10,12,Distributed-Collective
9,23,5,21,Distributed-Individual
7,23,7,21,Distributed-Collective
10,24,5,21,Hierarchical-Individual
7,24,5,21,Distributed-Collective
9,23,5,25,Distributed-Individual
7,23,7,25,Distributed-Collective
10,24,5,25,Hierarchical-Individual
7,24,5,25,Distributed-Collective
21,14,18,8,Distributed-Collective
16,18,11,8,Distributed-Individual
12,14,10,21,Distributed-Collective
8,18,5,21,Distributed-Individual
12,14,14,17,Distributed-Collective
8,18,7,17,Distributed-Individual
19,21,10,8,Distributed-Collective
19,20,9,8,Distributed-Collective
11,21,10,17,Distributed-Collective
11,20,9,17,Distributed-Collective
11,21,10,21,Distributed-Collective
11,20,9,21,Distributed-Collective
19,21,10,12,Distributed-Collective
19,20,9,12,Distributed-Collective
19,21,15,12,Distributed-Collective
19,20,13,12,Distributed-Collective
19,21,10,12,Distributed-Collective
19,20,9,12,Distributed-Collective
9,14,13,8,Hierarchical-Collective
10,19,8,17,Hierarchical-Individual
9,14,13,17,Hierarchical-Collective
10,19,8,25,Hierarchical-Individual
9,14,13,8,Hierarchical-Collective
10,19,8,17,Hierarchical-Individual
9,14,13,8,Hierarchical-Collective
10,19,8,17,Hierarchical-Individual
9,14,13,12,Hierarchical-Collective
10,19,8,21,Hierarchical-Individual
9,14,13,8,Hierarchical-Collective
10,19,8,17,Hierarchical-Individual
9,14,18,12,Hierarchical-Collective
10,19,12,21,Hierarchical-Individual
9,21,13,21,Distributed-Collective
9,23,17,12,Distributed-Collective
13,20,15,21,Hierarchical-Collective
9,21,9,21,Distributed-Collective
9,23,12,12,Distributed-Collective
13,20,11,21,Hierarchical-Collective
9,21,9,21,Distributed-Collective
9,23,12,12,Distributed-Collective
13,20,11,21,Hierarchical-Collective
9,21,9,25,Distributed-Collective
9,23,12,17,Distributed-Collective
13,20,11,25,Hierarchical-Collective
17,21,9,8,Distributed-Collective
17,23,12,5,Distributed-Collective
21,20,11,8,Hierarchical-Collective
9,21,5,17,Distributed-Collective
9,23,8,8,Distributed-Collective
13,20,7,17,Hierarchical-Collective
17,21,5,17,Distributed-Collective
17,23,8,8,Distributed-Collective
21,20,7,17,Hierarchical-Collective
11,24,7,21,Distributed-Collective
19,24,11,8,Distributed-Collective
19,24,11,8,Distributed-Collective
11,12,14,21,Hierarchical-Collective
12,23,8,21,Hierarchical-Individual
19,12,14,17,Hierarchical-Collective
20,23,8,17,Hierarchical-Individual
19,12,18,8,Hierarchical-Collective
20,23,12,8,Hierarchical-Individual
19,12,14,12,Hierarchical-Collective
20,23,8,12,Hierarchical-Individual
17,12,17,12,Hierarchical-Individual
16,21,5,12,Distributed-Individual
9,12,17,21,Hierarchical-Individual
8,21,5,21,Distributed-Individual
17,12,17,12,Hierarchical-Individual
16,21,5,12,Distributed-Individual
9,12,25,25,Hierarchical-Individual
8,21,13,25,Distributed-Individual
17,12,21,17,Hierarchical-Individual
16,21,9,17,Distributed-Individual
17,12,17,17,Hierarchical-Individual
16,21,5,17,Distributed-Individual
19,13,18,12,Hierarchical-Collective
16,20,8,12,Distributed-Collective
19,13,18,12,Hierarchical-Collective
16,20,8,12,Distributed-Collective
10,13,18,17,Hierarchical-Collective
8,20,8,17,Distributed-Collective
11,19,7,25,Distributed-Individual
10,12,20,25,Distributed-Individual
20,19,7,12,Distributed-Individual
18,12,20,12,Distributed-Individual
11,19,7,17,Distributed-Individual
10,12,20,17,Distributed-Individual
11,19,7,21,Distributed-Individual
10,12,20,21,Distributed-Individual
11,19,11,17,Distributed-Individual
10,12,24,17,Distributed-Individual
11,19,11,25,Distributed-Individual
10,12,24,25,Distributed-Individual
11,19,7,17,Distributed-Individual
10,12,20,17,Distributed-Individual
11,19,7,21,Distributed-Individual
10,12,20,21,Distributed-Individual
11,19,7,17,Distributed-Individual
10,12,20,17,Distributed-Individual
11,19,7,25,Distributed-Individual
10,12,20,25,Distributed-Individual
11,19,5,21,Distributed-Individual
10,12,15,21,Distributed-Individual
17,16,16,8,Hierarchical-Individual
17,16,16,5,Hierarchical-Individual
9,16,20,17,Hierarchical-Individual
9,16,20,17,Hierarchical-Individual
9,16,16,12,Hierarchical-Individual
17,16,12,8,Hierarchical-Individual
17,16,20,5,Hierarchical-Individual
18,20,5,12,Distributed-Collective
19,22,5,12,Distributed-Individual
18,22,8,12,Distributed-Collective
18,20,5,8,Distributed-Collective
19,22,5,8,Distributed-Individual
18,22,8,8,Distributed-Collective
20,22,10,5,Distributed-Individual
20,22,5,5,Distributed-Individual
20,22,5,5,Distributed-Individual
11,22,10,17,Distributed-Individual
20,22,5,5,Distributed-Individual
20,15,15,12,Hierarchical-Collective
20,15,15,12,Hierarchical-Collective
11,15,15,25,Hierarchical-Collective
20,15,15,12,Hierarchical-Collective
11,15,19,21,Hierarchical-Collective
11,15,15,17,Hierarchical-Collective
11,15,15,21,Hierarchical-Collective
11,15,10,17,Hierarchical-Collective
20,15,15,8,Hierarchical-Collective
20,15,10,12,Hierarchical-Collective
19,13,18,5,Hierarchical-Collective
17,14,12,12,Hierarchical-Collective
19,13,18,8,Hierarchical-Collective
17,14,12,17,Hierarchical-Collective
11,13,18,17,Hierarchical-Collective
9,14,12,25,Hierarchical-Collective
19,13,18,5,Hierarchical-Collective
17,14,12,12,Hierarchical-Collective
10,15,15,17,Hierarchical-Individual
11,23,5,8,Hierarchical-Collective
9,14,16,17,Hierarchical-Collective
19,15,20,12,Hierarchical-Individual
20,23,10,5,Hierarchical-Collective
17,14,20,12,Hierarchical-Collective
19,15,20,8,Hierarchical-Individual
20,23,10,5,Hierarchical-Collective
17,14,20,8,Hierarchical-Collective
10,15,15,25,Hierarchical-Individual
11,23,5,17,Hierarchical-Collective
9,14,16,25,Hierarchical-Collective
10,15,15,25,Hierarchical-Individual
11,23,5,17,Hierarchical-Collective
9,14,16,25,Hierarchical-Collective
10,15,20,21,Hierarchical-Individual
11,23,10,12,Hierarchical-Collective
9,14,20,21,Hierarchical-Collective
10,15,11,17,Hierarchical-Individual
11,23,5,8,Hierarchical-Collective
9,14,12,17,Hierarchical-Collective
19,15,15,12,Hierarchical-Individual
20,23,5,5,Hierarchical-Collective
17,14,16,12,Hierarchical-Collective
10,22,11,17,Hierarchical-Individual
19,22,7,12,Hierarchical-Individual
10,22,15,21,Hierarchical-Individual
17,19,8,8,Distributed-Collective
17,19,5,5,Distributed-Collective
9,19,8,17,Distributed-Collective
9,19,8,8,Distributed-Collective
9,19,5,12,Distributed-Collective
9,19,12,12,Distributed-Collective
9,19,8,12,Distributed-Collective
12,14,20,21,Distributed-Individual
11,19,5,21,Distributed-Individual
18,21,15,5,Distributed-Individual
21,22,10,8,Distributed-Collective
16,15,18,8,Hierarchical-Collective
20,19,15,8,Distributed-Collective
18,21,15,5,Distributed-Individual
21,22,10,8,Distributed-Collective
16,15,18,8,Hierarchical-Collective
20,19,15,8,Distributed-Collective
9,21,11,12,Distributed-Individual
13,22,6,21,Distributed-Collective
8,15,14,21,Hierarchical-Collective
12,19,11,21,Distributed-Collective
9,21,7,12,Distributed-Individual
13,22,5,21,Distributed-Collective
8,15,10,21,Hierarchical-Collective
12,19,7,21,Distributed-Collective
9,21,7,8,Distributed-Individual
13,22,5,17,Distributed-Collective
8,15,10,17,Hierarchical-Collective
12,19,7,17,Distributed-Collective
9,21,7,8,Distributed-Individual
13,22,5,17,Distributed-Collective
8,15,10,17,Hierarchical-Collective
12,19,7,17,Distributed-Collective
18,21,11,8,Distributed-Individual
21,22,6,17,Distributed-Collective
16,15,14,17,Hierarchical-Collective
20,19,11,17,Distributed-Collective
18,21,11,5,Distributed-Individual
21,22,6,8,Distributed-Collective
16,15,14,8,Hierarchical-Collective
20,19,11,8,Distributed-Collective
15,20,16,12,Hierarchical-Collective
19,19,17,5,Hierarchical-Collective
8,13,13,8,Distributed-Individual
6,19,12,8,Hierarchical-Individual
10,20,12,17,Distributed-Collective
8,20,5,8,Distributed-Collective
8,20,5,12,Distributed-Collective
8,20,5,12,Distributed-Collective
8,20,5,8,Distributed-Collective
8,22,7,21,Distributed-Individual
7,22,12,21,Hierarchical-Individual
8,13,15,21,Distributed-Collective
11,23,5,21,Hierarchical-Collective
17,22,7,12,Distributed-Individual
16,22,12,12,Hierarchical-Individual
17,13,15,12,Distributed-Collective
19,23,5,12,Hierarchical-Collective
8,22,5,25,Distributed-Individual
7,22,8,25,Hierarchical-Individual
8,13,10,25,Distributed-Collective
11,23,5,25,Hierarchical-Collective
8,22,11,21,Distributed-Individual
7,22,17,21,Hierarchical-Individual
8,13,19,21,Distributed-Collective
11,23,10,21,Hierarchical-Collective
17,22,11,12,Distributed-Individual
16,22,17,12,Hierarchical-Individual
17,13,19,12,Distributed-Collective
19,23,10,12,Hierarchical-Collective
17,22,7,12,Distributed-Individual
16,22,12,12,Hierarchical-Individual
17,13,15,12,Distributed-Collective
19,23,5,12,Hierarchical-Collective
10,20,5,21,Distributed-Collective
12,22,8,21,Hierarchical-Collective
12,18,5,21,Distributed-Individual
10,20,5,17,Distributed-Collective
12,22,8,17,Hierarchical-Collective
12,18,5,17,Distributed-Individual
18,20,8,8,Distributed-Collective
20,22,12,8,Hierarchical-Collective
20,18,6,8,Distributed-Individual
18,20,5,8,Distributed-Collective
20,22,8,8,Hierarchical-Collective
20,18,5,8,Distributed-Individual
10,20,8,25,Distributed-Collective
12,22,12,25,Hierarchical-Collective
12,18,6,25,Distributed-Individual
18,20,8,12,Distributed-Collective
20,22,12,12,Hierarchical-Collective
20,18,6,12,Distributed-Individual
12,13,18,25,Distributed-Individual
20,13,18,12,Distributed-Individual
20,13,18,12,Distributed-Individual
12,13,14,21,Distributed-Individual
20,13,14,17,Distributed-Individual
20,13,10,12,Distributed-Individual
20,13,18,12,Distributed-Individual
20,13,10,12,Distributed-Individual
20,13,10,12,Distributed-Individual
12,13,18,21,Distributed-Individual
20,13,10,12,Distributed-Individual
20,13,14,17,Distributed-Individual
9,21,6,21,Distributed-Individual
12,12,16,12,Hierarchical-Individual
9,19,6,21,Distributed-Individual
17,21,5,12,Distributed-Individual
20,12,12,5,Hierarchical-Individual
17,19,5,12,Distributed-Individual
9,21,5,21,Distributed-Individual
12,12,12,12,Hierarchical-Individual
9,19,5,21,Distributed-Individual
17,21,10,17,Distributed-Individual
20,12,20,8,Hierarchical-Individual
17,19,10,17,Distributed-Individual
17,21,6,8,Distributed-Individual
20,12,16,5,Hierarchical-Individual
17,19,6,8,Distributed-Individual
8,22,8,17,Distributed-Individual
6,20,14,17,Hierarchical-Individual
17,22,5,8,Distributed-Individual
15,20,5,8,Hierarchical-Individual
6,11,25,21,Distributed-Collective
9,11,23,21,Distributed-Individual
5,12,21,21,Hierarchical-Individual
9,19,16,21,Hierarchical-Collective
8,20,17,21,Hierarchical-Collective
10,12,19,21,Hierarchical-Collective
6,11,25,21,Distributed-Collective
9,11,23,21,Distributed-Individual
5,12,21,21,Hierarchical-Individual
9,19,16,21,Hierarchical-Collective
8,20,17,21,Hierarchical-Collective
10,12,19,21,Hierarchical-Collective
6,11,21,25,Distributed-Collective
9,11,19,25,Distributed-Individual
5,12,17,25,Hierarchical-Individual
9,19,12,25,Hierarchical-Collective
8,20,12,25,Hierarchical-Collective
10,12,15,25,Hierarchical-Collective
8,20,8,12,Hierarchical-Individual
8,20,8,8,Hierarchical-Individual
8,20,8,12,Hierarchical-Individual
8,20,5,8,Hierarchical-Individual
8,20,8,8,Hierarchical-Individual
8,20,8,12,Hierarchical-Individual
18,21,8,8,Distributed-Individual
19,12,19,8,Distributed-Individual
17,22,8,5,Distributed-Collective
17,22,11,8,Hierarchical-Individual
18,21,8,17,Distributed-Individual
19,12,19,17,Distributed-Individual
17,22,8,8,Distributed-Collective
17,22,11,17,Hierarchical-Individual
18,21,8,12,Distributed-Individual
19,12,19,12,Distributed-Individual
17,22,8,5,Distributed-Collective
17,22,11,12,Hierarchical-Individual
18,21,12,12,Distributed-Individual
19,12,23,12,Distributed-Individual
17,22,12,5,Distributed-Collective
17,22,15,12,Hierarchical-Individual
21,22,5,17,Hierarchical-Collective
17,21,12,8,Distributed-Individual
20,24,9,17,Distributed-Collective
18,16,19,17,Distributed-Individual
19,24,8,17,Distributed-Collective
21,22,5,8,Hierarchical-Collective
17,21,8,5,Distributed-Individual
20,24,5,8,Distributed-Collective
18,16,15,8,Distributed-Individual
19,24,5,8,Distributed-Collective
21,22,5,12,Hierarchical-Collective
17,21,12,5,Distributed-Individual
20,24,9,12,Distributed-Collective
18,16,19,12,Distributed-Individual
19,24,8,12,Distributed-Collective
12,22,5,25,Hierarchical-Collective
9,21,12,17,Distributed-Individual
12,24,9,25,Distributed-Collective
10,16,19,25,Distributed-Individual
10,24,8,25,Distributed-Collective
21,22,9,12,Hierarchical-Collective
17,21,17,5,Distributed-Individual
20,24,13,12,Distributed-Collective
18,16,23,12,Distributed-Individual
19,24,12,12,Distributed-Collective
21,22,5,8,Hierarchical-Collective
17,21,8,5,Distributed-Individual
20,24,5,8,Distributed-Collective
18,16,15,8,Distributed-Individual
19,24,5,8,Distributed-Collective
21,22,5,12,Hierarchical-Collective
17,21,12,5,Distributed-Individual
20,24,9,12,Distributed-Collective
18,16,19,12,Distributed-Individual
19,24,8,12,Distributed-Collective
21,22,5,8,Hierarchical-Collective
17,21,8,5,Distributed-Individual
20,24,5,8,Distributed-Collective
18,16,15,8,Distributed-Individual
19,24,5,8,Distributed-Collective
12,22,9,17,Hierarchical-Collective
9,21,17,8,Distributed-Individual
12,24,13,17,Distributed-Collective
10,16,23,17,Distributed-Individual
10,24,12,17,Distributed-Collective
12,22,9,21,Hierarchical-Collective
9,21,17,12,Distributed-Individual
12,24,13,21,Distributed-Collective
10,16,23,21,Distributed-Individual
10,24,12,21,Distributed-Collective
12,22,5,21,Hierarchical-Collective
9,21,12,12,Distributed-Individual
12,24,9,21,Distributed-Collective
10,16,19,21,Distributed-Individual
10,24,8,21,Distributed-Collective
21,22,5,17,Hierarchical-Collective
17,21,12,8,Distributed-Individual
20,24,9,17,Distributed-Collective
18,16,19,17,Distributed-Individual
19,24,8,17,Distributed-Collective
8,19,7,8,Distributed-Individual
8,12,11,8,Hierarchical-Individual
8,22,5,17,Distributed-Collective
7,19,5,8,Hierarchical-Individual
8,19,7,8,Distributed-Individual
8,12,11,8,Hierarchical-Individual
8,22,5,17,Distributed-Collective
7,19,5,8,Hierarchical-Individual
8,19,11,8,Distributed-Individual
8,12,15,8,Hierarchical-Individual
8,22,9,17,Distributed-Collective
7,19,9,8,Hierarchical-Individual
8,19,7,17,Distributed-Individual
8,12,11,17,Hierarchical-Individual
8,22,5,25,Distributed-Collective
7,19,5,17,Hierarchical-Individual
11,20,12,8,Distributed-Collective
9,22,12,17,Distributed-Individual
10,21,9,17,Distributed-Individual
19,20,8,5,Distributed-Collective
17,22,8,8,Distributed-Individual
19,21,5,8,Distributed-Individual
11,20,5,12,Distributed-Collective
9,22,5,21,Distributed-Individual
10,21,5,21,Distributed-Individual
11,20,8,8,Distributed-Collective
9,22,8,17,Distributed-Individual
10,21,5,17,Distributed-Individual
11,20,8,17,Distributed-Collective
9,22,8,25,Distributed-Individual
10,21,5,25,Distributed-Individual
11,20,12,12,Distributed-Collective
9,22,12,21,Distributed-Individual
10,21,9,21,Distributed-Individual
11,20,5,8,Distributed-Collective
9,22,5,17,Distributed-Individual
10,21,5,17,Distributed-Individual
11,20,5,8,Distributed-Collective
9,22,5,17,Distributed-Individual
10,21,5,17,Distributed-Individual
11,20,8,12,Distributed-Collective
9,22,8,21,Distributed-Individual
10,21,5,21,Distributed-Individual
11,20,5,17,Distributed-Collective
9,22,5,25,Distributed-Individual
10,21,5,25,Distributed-Individual
11,20,8,8,Distributed-Collective
9,22,8,17,Distributed-Individual
10,21,5,17,Distributed-Individual
11,20,8,17,Distributed-Collective
9,22,8,25,Distributed-Individual
10,21,5,25,Distributed-Individual
12,14,21,12,Hierarchical-Individual
12,14,21,12,Hierarchical-Individual
12,14,17,17,Hierarchical-Individual
8,21,5,17,Hierarchical-Individual
11,22,9,25,Hierarchical-Collective
8,21,5,8,Hierarchical-Individual
11,22,9,17,Hierarchical-Collective
8,21,5,12,Hierarchical-Individual
11,22,9,21,Hierarchical-Collective
8,21,9,8,Hierarchical-Individual
11,22,13,17,Hierarchical-Collective
8,21,9,12,Hierarchical-Individual
11,22,13,21,Hierarchical-Collective
17,21,5,5,Hierarchical-Individual
19,22,9,12,Hierarchical-Collective
8,15,13,21,Distributed-Collective
16,15,17,8,Distributed-Collective
8,15,13,25,Distributed-Collective
9,23,10,17,Distributed-Collective
12,24,9,25,Distributed-Collective
9,23,10,12,Distributed-Collective
12,24,9,21,Distributed-Collective
17,23,5,8,Distributed-Collective
20,24,5,17,Distributed-Collective
10,21,9,12,Hierarchical-Collective
9,13,19,21,Hierarchical-Collective
10,10,19,21,Distributed-Collective
10,15,11,12,Distributed-Individual
8,13,8,12,Distributed-Individual
8,21,5,21,Hierarchical-Individual
18,15,20,5,Distributed-Individual
16,13,17,5,Distributed-Individual
17,21,10,8,Hierarchical-Individual
10,15,20,8,Distributed-Individual
8,13,17,8,Distributed-Individual
8,21,10,17,Hierarchical-Individual
10,15,20,12,Distributed-Individual
8,13,17,12,Distributed-Individual
8,21,10,21,Hierarchical-Individual
10,15,11,8,Distributed-Individual
8,13,8,8,Distributed-Individual
8,21,5,17,Hierarchical-Individual
10,15,11,12,Distributed-Individual
8,13,8,12,Distributed-Individual
8,21,5,21,Hierarchical-Individual
14,20,5,12,Distributed-Collective
17,21,6,12,Hierarchical-Collective
15,12,14,12,Hierarchical-Individual
14,20,5,8,Distributed-Collective
17,21,6,8,Hierarchical-Collective
15,12,14,8,Hierarchical-Individual
6,20,5,21,Distributed-Collective
9,21,6,21,Hierarchical-Collective
7,12,14,21,Hierarchical-Individual
6,20,5,21,Distributed-Collective
9,21,6,21,Hierarchical-Collective
7,12,14,21,Hierarchical-Individual
6,20,5,25,Distributed-Collective
9,21,5,25,Hierarchical-Collective
7,12,10,25,Hierarchical-Individual
14,20,9,8,Distributed-Collective
17,21,10,8,Hierarchical-Collective
15,12,18,8,Hierarchical-Individual
9,20,5,21,Distributed-Individual
9,23,6,21,Hierarchical-Collective
9,22,7,21,Hierarchical-Individual
17,20,5,12,Distributed-Individual
17,23,5,12,Hierarchical-Collective
17,22,5,12,Hierarchical-Individual
17,20,5,8,Distributed-Individual
17,23,6,8,Hierarchical-Collective
17,22,7,8,Hierarchical-Individual
17,20,5,8,Distributed-Individual
17,23,6,8,Hierarchical-Collective
17,22,7,8,Hierarchical-Individual
17,20,5,12,Distributed-Individual
17,23,6,12,Hierarchical-Collective
17,22,7,12,Hierarchical-Individual
17,20,5,17,Distributed-Individual
17,23,6,17,Hierarchical-Collective
17,22,7,17,Hierarchical-Individual
17,20,10,8,Distributed-Individual
17,23,10,8,Hierarchical-Collective
17,22,11,8,Hierarchical-Individual
11,20,10,17,Hierarchical-Collective
9,20,14,8,Hierarchical-Collective
10,20,9,17,Distributed-Collective
20,20,5,8,Hierarchical-Collective
17,20,6,5,Hierarchical-Collective
18,20,5,8,Distributed-Collective
20,20,5,8,Hierarchical-Collective
17,20,6,5,Hierarchical-Collective
18,20,5,8,Distributed-Collective
20,20,6,12,Hierarchical-Collective
17,20,10,5,Hierarchical-Collective
18,20,5,12,Distributed-Collective
11,20,10,21,Hierarchical-Collective
9,20,14,12,Hierarchical-Collective
10,20,9,21,Distributed-Collective
11,20,10,17,Hierarchical-Collective
9,20,14,8,Hierarchical-Collective
10,20,9,17,Distributed-Collective
11,20,6,21,Hierarchical-Collective
9,20,10,12,Hierarchical-Collective
10,20,5,21,Distributed-Collective
13,20,5,12,Distributed-Collective
10,11,21,8,Distributed-Collective
11,14,17,8,Distributed-Collective
12,11,23,17,Hierarchical-Individual
9,20,16,17,Hierarchical-Collective
10,11,21,12,Distributed-Collective
11,14,17,12,Distributed-Collective
12,11,23,21,Hierarchical-Individual
9,20,16,21,Hierarchical-Collective
10,11,17,12,Distributed-Collective
11,14,12,12,Distributed-Collective
12,11,19,21,Hierarchical-Individual
9,20,12,21,Hierarchical-Collective
11,12,25,21,Distributed-Collective
11,22,15,12,Hierarchical-Individual
13,24,17,21,Hierarchical-Collective
19,12,20,12,Distributed-Collective
20,22,11,5,Hierarchical-Individual
22,24,12,12,Hierarchical-Collective
20,24,14,8,Hierarchical-Collective
19,14,25,8,Distributed-Individual
12,24,10,8,Hierarchical-Collective
11,14,21,8,Distributed-Individual
12,24,5,8,Hierarchical-Collective
11,14,17,8,Distributed-Individual
12,24,5,8,Hierarchical-Collective
11,14,17,8,Distributed-Individual
20,10,10,5,Hierarchical-Collective
10,21,10,12,Hierarchical-Collective
10,21,10,8,Hierarchical-Collective
10,21,15,8,Hierarchical-Collective
10,21,15,17,Hierarchical-Collective
19,21,10,5,Hierarchical-Collective
19,21,15,8,Hierarchical-Collective
10,21,6,17,Hierarchical-Collective
19,21,10,5,Hierarchical-Collective
10,23,12,17,Hierarchical-Collective
12,19,12,17,Hierarchical-Collective
10,23,17,12,Hierarchical-Collective
12,19,17,12,Hierarchical-Collective
19,23,17,8,Hierarchical-Collective
20,19,17,8,Hierarchical-Collective
10,23,17,12,Hierarchical-Collective
12,19,17,12,Hierarchical-Collective
10,23,8,12,Hierarchical-Collective
12,19,8,12,Hierarchical-Collective
8,12,19,21,Hierarchical-Individual
10,15,21,21,Hierarchical-Collective
11,20,13,21,Hierarchical-Collective
16,12,15,12,Hierarchical-Individual
18,15,17,12,Hierarchical-Collective
19,20,9,12,Hierarchical-Collective
8,12,11,25,Hierarchical-Individual
10,15,12,25,Hierarchical-Collective
11,20,5,25,Hierarchical-Collective
8,12,15,21,Hierarchical-Individual
10,15,17,21,Hierarchical-Collective
11,20,9,21,Hierarchical-Collective
16,12,15,12,Hierarchical-Individual
18,15,17,12,Hierarchical-Collective
19,20,9,12,Hierarchical-Collective
18,19,5,17,Distributed-Collective
20,10,11,17,Hierarchical-Individual
18,19,8,8,Distributed-Collective
20,10,15,8,Hierarchical-Individual
10,19,5,17,Distributed-Collective
11,10,11,17,Hierarchical-Individual
10,19,8,17,Distributed-Collective
11,10,15,17,Hierarchical-Individual
18,19,5,12,Distributed-Collective
20,10,11,12,Hierarchical-Individual
18,19,8,12,Distributed-Collective
20,10,15,12,Hierarchical-Individual
10,19,12,21,Distributed-Collective
11,10,19,21,Hierarchical-Individual
8,22,5,17,Distributed-Individual
8,22,5,17,Distributed-Individual
8,22,5,17,Distributed-Individual
8,22,5,17,Distributed-Individual
17,22,5,12,Distributed-Individual
8,22,5,21,Distributed-Individual
17,22,5,17,Distributed-Individual
17,22,5,17,Distributed-Individual
16,10,24,8,Distributed-Collective
16,19,12,17,Distributed-Individual
15,19,14,8,Hierarchical-Collective
14,19,9,8,Hierarchical-Individual
16,10,15,5,Distributed-Collective
16,19,5,8,Distributed-Individual
15,19,5,5,Hierarchical-Collective
14,19,5,5,Hierarchical-Individual
11,12,13,21,Distributed-Individual
20,12,13,12,Distributed-Individual
9,14,18,17,Distributed-Collective
12,16,17,17,Distributed-Collective
9,14,14,17,Distributed-Collective
12,16,13,17,Distributed-Collective
17,14,18,12,Distributed-Collective
20,16,17,12,Distributed-Collective
17,14,18,12,Distributed-Collective
20,16,17,12,Distributed-Collective
18,24,5,5,Distributed-Collective
10,24,7,17,Distributed-Collective
10,24,5,8,Distributed-Collective
10,24,7,8,Distributed-Collective
10,24,11,12,Distributed-Collective
18,24,7,5,Distributed-Collective
18,24,11,5,Distributed-Collective
10,24,11,12,Distributed-Collective
7,10,18,21,Hierarchical-Collective
16,10,22,8,Hierarchical-Collective
17,20,7,8,Distributed-Collective
16,12,19,8,Distributed-Individual
18,13,20,5,Hierarchical-Individual
17,20,5,17,Distributed-Collective
16,12,15,17,Distributed-Individual
18,13,16,8,Hierarchical-Individual
9,20,5,21,Distributed-Collective
7,12,15,21,Distributed-Individual
10,13,16,12,Hierarchical-Individual
17,20,11,12,Distributed-Collective
16,12,23,12,Distributed-Individual
18,13,24,5,Hierarchical-Individual
9,20,11,21,Distributed-Collective
7,12,23,21,Distributed-Individual
10,13,24,12,Hierarchical-Individual
17,20,11,17,Distributed-Collective
16,12,23,17,Distributed-Individual
18,13,24,8,Hierarchical-Individual
9,20,7,17,Distributed-Collective
7,12,19,17,Distributed-Individual
10,13,20,8,Hierarchical-Individual
9,20,11,25,Distributed-Collective
7,12,23,25,Distributed-Individual
10,13,24,17,Hierarchical-Individual
10,20,5,25,Distributed-Individual
10,20,5,25,Distributed-Collective
18,20,13,12,Distributed-Individual
18,20,12,12,Distributed-Collective
18,20,13,12,Distributed-Individual
18,20,12,12,Distributed-Collective
10,20,9,17,Distributed-Individual
10,20,8,17,Distributed-Collective
18,20,9,12,Distributed-Individual
18,20,8,12,Distributed-Collective
9,15,15,25,Distributed-Collective
9,15,15,17,Hierarchical-Collective
9,15,23,21,Distributed-Collective
9,15,23,12,Hierarchical-Collective
9,15,23,25,Distributed-Collective
9,15,23,17,Hierarchical-Collective
20,12,12,8,Hierarchical-Individual
17,22,6,8,Distributed-Individual
21,12,15,5,Distributed-Collective
20,12,17,12,Hierarchical-Individual
17,22,10,12,Distributed-Individual
21,12,19,5,Distributed-Collective
11,12,12,21,Hierarchical-Individual
9,22,6,21,Distributed-Individual
12,12,15,12,Distributed-Collective
11,12,12,21,Hierarchical-Individual
9,22,6,21,Distributed-Individual
12,12,15,12,Distributed-Collective
20,12,8,12,Hierarchical-Individual
17,22,5,12,Distributed-Individual
21,12,11,5,Distributed-Collective
11,12,17,25,Hierarchical-Individual
9,22,10,25,Distributed-Individual
12,12,19,17,Distributed-Collective
20,12,17,8,Hierarchical-Individual
17,22,10,8,Distributed-Individual
21,12,19,5,Distributed-Collective
11,15,25,21,Hierarchical-Collective
11,15,22,12,Hierarchical-Individual
7,20,10,21,Hierarchical-Collective
11,20,17,21,Hierarchical-Collective
11,15,25,25,Hierarchical-Collective
11,15,22,17,Hierarchical-Individual
7,20,10,25,Hierarchical-Collective
11,20,17,25,Hierarchical-Collective
11,15,20,21,Hierarchical-Collective
11,15,18,12,Hierarchical-Individual
7,20,5,21,Hierarchical-Collective
11,20,12,21,Hierarchical-Collective
20,18,12,17,Distributed-Individual
20,18,12,12,Distributed-Individual
19,23,5,8,Hierarchical-Collective
18,20,6,5,Hierarchical-Individual
18,15,9,5,Hierarchical-Individual
19,22,5,8,Distributed-Collective
10,23,9,25,Hierarchical-Collective
10,20,15,17,Hierarchical-Individual
10,15,17,17,Hierarchical-Individual
10,22,10,25,Distributed-Collective
10,23,5,21,Hierarchical-Collective
10,20,10,12,Hierarchical-Individual
10,15,13,12,Hierarchical-Individual
10,22,6,21,Distributed-Collective
14,13,14,12,Hierarchical-Collective
15,21,5,5,Distributed-Collective
17,21,5,12,Hierarchical-Collective
14,19,5,12,Hierarchical-Individual
17,19,5,12,Hierarchical-Collective
14,13,18,17,Hierarchical-Collective
15,21,5,8,Distributed-Collective
17,21,8,17,Hierarchical-Collective
14,19,5,17,Hierarchical-Individual
17,19,8,17,Hierarchical-Collective
16,13,20,5,Distributed-Individual
16,13,20,8,Distributed-Collective
8,13,20,8,Distributed-Individual
8,13,20,17,Distributed-Collective
8,13,16,8,Distributed-Individual
8,13,16,17,Distributed-Collective
8,13,20,8,Distributed-Individual
8,13,20,17,Distributed-Collective
16,13,20,5,Distributed-Individual
16,13,20,8,Distributed-Collective
16,13,20,5,Distributed-Individual
16,13,20,12,Distributed-Collective
16,13,16,5,Distributed-Individual
16,13,16,12,Distributed-Collective
16,13,24,5,Distributed-Individual
16,13,25,12,Distributed-Collective
16,13,24,5,Distributed-Individual
16,13,25,12,Distributed-Collective
16,13,24,5,Distributed-Individual
16,13,25,8,Distributed-Collective
8,11,19,21,Hierarchical-Individual
8,21,5,12,Hierarchical-Collective
9,11,15,21,Distributed-Individual
9,22,7,21,Hierarchical-Collective
8,11,23,17,Hierarchical-Individual
8,21,9,8,Hierarchical-Collective
9,11,20,17,Distributed-Individual
9,22,11,17,Hierarchical-Collective
8,11,15,25,Hierarchical-Individual
8,21,5,17,Hierarchical-Collective
9,11,11,25,Distributed-Individual
9,22,5,25,Hierarchical-Collective
8,11,15,17,Hierarchical-Individual
8,21,5,8,Hierarchical-Collective
9,11,11,17,Distributed-Individual
9,22,5,17,Hierarchical-Collective
9,20,7,21,Hierarchical-Collective
7,22,10,12,Distributed-Individual
9,20,7,21,Hierarchical-Collective
7,22,10,12,Distributed-Individual
9,20,7,17,Hierarchical-Collective
7,22,10,8,Distributed-Individual
17,20,7,12,Hierarchical-Collective
15,22,10,5,Distributed-Individual
8,14,12,12,Hierarchical-Individual
8,14,12,12,Hierarchical-Individual
8,14,16,17,Hierarchical-Individual
8,14,16,17,Hierarchical-Individual
16,14,16,5,Hierarchical-Individual
16,14,20,5,Hierarchical-Individual
8,14,20,12,Hierarchical-Individual
16,13,17,5,Hierarchical-Collective
17,23,8,5,Hierarchical-Collective
8,13,12,12,Hierarchical-Collective
8,23,5,12,Hierarchical-Collective
16,13,8,5,Hierarchical-Collective
17,23,5,5,Hierarchical-Collective
16,13,17,5,Hierarchical-Collective
17,23,8,5,Hierarchical-Collective
8,13,8,17,Hierarchical-Collective
8,23,5,17,Hierarchical-Collective
6,22,6,17,Hierarchical-Collective
6,22,10,17,Hierarchical-Collective
18,11,14,8,Distributed-Collective
18,22,12,8,Hierarchical-Individual
19,22,12,5,Distributed-Collective
10,11,14,21,Distributed-Collective
10,22,12,21,Hierarchical-Individual
10,22,12,12,Distributed-Collective
10,11,14,17,Distributed-Collective
10,22,12,17,Hierarchical-Individual
10,22,12,8,Distributed-Collective
10,11,10,17,Distributed-Collective
10,22,8,17,Hierarchical-Individual
10,22,8,8,Distributed-Collective
18,11,10,17,Distributed-Collective
18,22,8,17,Hierarchical-Individual
19,22,8,8,Distributed-Collective
10,11,14,25,Distributed-Collective
10,22,12,25,Hierarchical-Individual
10,22,12,17,Distributed-Collective
10,12,20,8,Hierarchical-Collective
12,20,5,8,Hierarchical-Individual
18,12,15,5,Hierarchical-Collective
21,20,5,5,Hierarchical-Individual
10,12,15,8,Hierarchical-Collective
12,20,5,8,Hierarchical-Individual
10,12,20,8,Hierarchical-Collective
12,20,5,8,Hierarchical-Individual
10,12,15,12,Hierarchical-Collective
12,20,5,12,Hierarchical-Individual
18,12,24,5,Hierarchical-Collective
21,20,9,5,Hierarchical-Individual
10,12,20,12,Hierarchical-Collective
12,20,5,12,Hierarchical-Individual
8,22,5,25,Hierarchical-Collective
8,21,10,25,Hierarchical-Individual
8,22,8,21,Hierarchical-Collective
8,21,14,21,Hierarchical-Individual
8,22,8,21,Hierarchical-Collective
8,21,14,21,Hierarchical-Individual
8,19,14,21,Distributed-Individual
16,19,10,8,Distributed-Individual
8,19,10,17,Distributed-Individual
8,19,6,25,Distributed-Individual
8,19,10,21,Distributed-Individual
21,21,11,17,Hierarchical-Collective
17,19,5,17,Hierarchical-Individual
13,21,15,21,Hierarchical-Collective
9,19,10,21,Hierarchical-Individual
13,21,7,17,Hierarchical-Collective
9,19,5,17,Hierarchical-Individual
21,21,15,8,Hierarchical-Collective
17,19,10,8,Hierarchical-Individual
9,21,6,21,Hierarchical-Individual
7,19,8,12,Hierarchical-Collective
8,11,8,12,Hierarchical-Collective
9,19,5,21,Distributed-Individual
9,21,10,17,Hierarchical-Individual
7,19,12,8,Hierarchical-Collective
8,11,12,8,Hierarchical-Collective
9,19,5,17,Distributed-Individual
9,21,10,21,Hierarchical-Individual
7,19,12,12,Hierarchical-Collective
8,11,12,12,Hierarchical-Collective
9,19,5,21,Distributed-Individual
9,21,10,17,Hierarchical-Individual
7,19,12,8,Hierarchical-Collective
8,11,12,8,Hierarchical-Collective
9,19,5,17,Distributed-Individual
10,21,9,8,Hierarchical-Individual
9,11,12,17,Hierarchical-Individual
10,21,9,12,Hierarchical-Individual
9,11,12,21,Hierarchical-Individual
10,21,13,12,Hierarchical-Individual
9,11,17,21,Hierarchical-Individual
10,21,9,17,Hierarchical-Individual
9,11,12,25,Hierarchical-Individual
10,21,9,12,Hierarchical-Individual
9,11,12,21,Hierarchical-Individual
19,21,9,5,Hierarchical-Individual
18,11,12,12,Hierarchical-Individual
19,11,12,5,Distributed-Collective
10,11,12,12,Distributed-Collective
19,11,17,5,Distributed-Collective
10,11,8,17,Distributed-Collective
19,11,17,5,Distributed-Collective
19,11,17,8,Distributed-Collective
7,23,5,21,Hierarchical-Collective
8,20,5,21,Hierarchical-Individual
10,12,16,21,Distributed-Collective
7,21,5,21,Distributed-Individual
7,23,8,21,Hierarchical-Collective
8,20,6,21,Hierarchical-Individual
10,12,20,21,Distributed-Collective
7,21,5,21,Distributed-Individual
7,23,8,17,Hierarchical-Collective
8,20,6,17,Hierarchical-Individual
10,12,20,17,Distributed-Collective
7,21,5,17,Distributed-Individual
7,23,8,21,Hierarchical-Collective
8,20,6,21,Hierarchical-Individual
10,12,20,21,Distributed-Collective
7,21,5,21,Distributed-Individual
16,23,8,12,Hierarchical-Collective
17,20,6,12,Hierarchical-Individual
19,12,20,12,Distributed-Collective
16,21,5,12,Distributed-Individual
9,19,17,12,Hierarchical-Individual
9,19,12,12,Hierarchical-Individual
9,19,12,8,Hierarchical-Individual
9,19,8,17,Hierarchical-Individual
9,19,12,8,Hierarchical-Individual
17,19,8,5,Hierarchical-Individual
9,19,12,12,Hierarchical-Individual
9,19,12,8,Hierarchical-Individual
12,21,5,21,Distributed-Collective
11,20,8,21,Hierarchical-Individual
21,21,11,8,Distributed-Collective
19,20,17,8,Hierarchical-Individual
21,21,11,12,Distributed-Collective
19,20,17,12,Hierarchical-Individual
14,12,19,12,Hierarchical-Collective
14,12,14,12,Hierarchical-Collective
14,12,19,8,Hierarchical-Collective
14,12,14,8,Hierarchical-Collective
6,12,23,21,Hierarchical-Collective
5,12,18,21,Hierarchical-Collective
6,12,23,17,Hierarchical-Collective
5,12,18,17,Hierarchical-Collective
16,11,24,12,Hierarchical-Collective
16,21,11,12,Hierarchical-Individual
15,21,14,12,Distributed-Collective
15,19,8,5,Hierarchical-Collective
16,11,24,8,Hierarchical-Collective
16,21,11,8,Hierarchical-Individual
15,21,14,8,Distributed-Collective
15,19,8,5,Hierarchical-Collective
7,11,20,21,Hierarchical-Collective
8,21,7,21,Hierarchical-Individual
7,21,10,21,Distributed-Collective
7,19,5,12,Hierarchical-Collective
7,11,20,21,Hierarchical-Collective
8,21,7,21,Hierarchical-Individual
7,21,10,21,Distributed-Collective
7,19,5,12,Hierarchical-Collective
9,22,15,12,Hierarchical-Individual
11,23,15,21,Hierarchical-Collective
17,22,10,5,Hierarchical-Individual
20,23,11,12,Hierarchical-Collective
17,22,10,5,Hierarchical-Individual
20,23,11,12,Hierarchical-Collective
9,22,6,17,Hierarchical-Individual
11,23,7,25,Hierarchical-Collective
9,22,6,17,Hierarchical-Individual
11,23,7,25,Hierarchical-Collective
8,22,10,12,Hierarchical-Individual
9,23,12,21,Hierarchical-Collective
10,22,5,21,Distributed-Individual
8,22,10,12,Hierarchical-Individual
9,23,12,21,Hierarchical-Collective
10,22,5,21,Distributed-Individual
17,19,11,5,Hierarchical-Individual
21,18,6,5,Distributed-Collective
17,19,11,5,Hierarchical-Individual
21,18,6,5,Distributed-Collective
9,19,11,12,Hierarchical-Individual
13,18,6,12,Distributed-Collective
17,19,7,8,Hierarchical-Individual
21,18,5,8,Distributed-Collective
9,14,21,8,Distributed-Individual
9,22,13,17,Distributed-Individual
8,22,15,17,Distributed-Individual
9,14,17,17,Distributed-Individual
9,22,9,25,Distributed-Individual
8,22,11,25,Distributed-Individual
9,14,17,12,Distributed-Individual
9,22,9,21,Distributed-Individual
8,22,11,21,Distributed-Individual
9,14,17,12,Distributed-Individual
9,22,9,21,Distributed-Individual
8,22,11,21,Distributed-Individual
10,21,12,21,Distributed-Individual
18,21,17,12,Distributed-Individual
10,21,12,21,Distributed-Individual
19,21,12,5,Hierarchical-Individual
19,21,8,5,Hierarchical-Individual
10,21,12,17,Hierarchical-Individual
10,21,8,8,Hierarchical-Individual
19,21,5,8,Hierarchical-Individual
10,21,8,8,Hierarchical-Individual
12,18,6,17,Hierarchical-Individual
12,18,10,21,Hierarchical-Individual
20,18,6,8,Hierarchical-Individual
12,18,6,17,Hierarchical-Individual
20,18,6,8,Hierarchical-Individual
20,18,5,12,Hierarchical-Individual
12,18,6,21,Hierarchical-Individual
16,14,12,5,Distributed-Collective
18,22,5,12,Distributed-Collective
17,16,16,12,Distributed-Individual
19,16,12,12,Hierarchical-Collective
18,13,14,5,Distributed-Collective
18,22,5,12,Hierarchical-Individual
16,25,5,12,Hierarchical-Individual
19,23,5,12,Distributed-Collective
8,14,16,17,Distributed-Collective
10,22,5,25,Distributed-Collective
9,16,20,25,Distributed-Individual
11,16,17,25,Hierarchical-Collective
10,13,18,17,Distributed-Collective
9,22,7,25,Hierarchical-Individual
8,25,8,25,Hierarchical-Individual
10,23,6,25,Distributed-Collective
8,14,16,17,Distributed-Collective
10,22,5,25,Distributed-Collective
9,16,20,25,Distributed-Individual
11,16,17,25,Hierarchical-Collective
10,13,18,17,Distributed-Collective
9,22,7,25,Hierarchical-Individual
8,25,8,25,Hierarchical-Individual
10,23,6,25,Distributed-Collective
8,14,16,12,Distributed-Collective
10,22,5,21,Distributed-Collective
9,16,20,21,Distributed-Individual
11,16,17,21,Hierarchical-Collective
10,13,18,12,Distributed-Collective
9,22,7,21,Hierarchical-Individual
8,25,8,21,Hierarchical-Individual
10,23,6,21,Distributed-Collective
16,19,7,8,Distributed-Individual
19,12,10,5,Distributed-Individual
17,22,5,8,Hierarchical-Individual
16,19,15,8,Distributed-Individual
19,12,18,5,Distributed-Individual
17,22,13,8,Hierarchical-Individual
16,19,15,12,Distributed-Individual
19,12,18,5,Distributed-Individual
17,22,13,12,Hierarchical-Individual
8,19,11,17,Distributed-Individual
11,12,14,8,Distributed-Individual
8,22,9,17,Hierarchical-Individual
21,20,13,5,Hierarchical-Individual
21,11,20,12,Hierarchical-Individual
22,14,23,5,Distributed-Collective
18,14,23,12,Hierarchical-Individual
21,20,13,8,Hierarchical-Individual
21,11,20,17,Hierarchical-Individual
22,14,23,8,Distributed-Collective
18,14,23,17,Hierarchical-Individual
21,20,13,5,Hierarchical-Individual
21,11,20,12,Hierarchical-Individual
22,14,23,5,Distributed-Collective
18,14,23,12,Hierarchical-Individual
11,13,19,21,Hierarchical-Collective
16,13,18,12,Hierarchical-Individual
14,22,5,5,Distributed-Individual
17,18,12,12,Hierarchical-Individual
17,18,8,12,Hierarchical-Individual
17,18,5,12,Hierarchical-Individual
9,18,12,21,Hierarchical-Individual
12,16,20,17,Distributed-Collective
11,22,11,17,Hierarchical-Collective
12,16,16,17,Distributed-Collective
11,22,7,17,Hierarchical-Collective
12,16,16,21,Distributed-Collective
11,22,7,21,Hierarchical-Collective
21,16,20,12,Distributed-Collective
20,22,11,12,Hierarchical-Collective
12,16,20,21,Distributed-Collective
11,22,11,21,Hierarchical-Collective
12,16,20,25,Distributed-Collective
11,22,11,25,Hierarchical-Collective
12,16,20,21,Distributed-Collective
11,22,11,21,Hierarchical-Collective
12,16,25,21,Distributed-Collective
11,22,15,21,Hierarchical-Collective
7,20,16,17,Distributed-Collective
7,18,9,25,Distributed-Collective
15,20,16,5,Distributed-Collective
15,18,9,12,Distributed-Collective
15,20,8,8,Distributed-Collective
15,18,5,17,Distributed-Collective
20,21,5,5,Distributed-Collective
11,21,8,12,Distributed-Collective
11,21,8,17,Distributed-Collective
11,21,5,8,Distributed-Collective
20,21,5,5,Distributed-Collective
9,22,5,17,Distributed-Collective
10,23,5,17,Distributed-Collective
13,13,11,17,Distributed-Collective
11,22,5,17,Hierarchical-Collective
9,22,5,17,Distributed-Collective
10,23,5,17,Distributed-Collective
13,13,15,17,Distributed-Collective
11,22,7,17,Hierarchical-Collective
17,22,5,12,Distributed-Collective
18,23,5,12,Distributed-Collective
21,13,11,12,Distributed-Collective
20,22,5,12,Hierarchical-Collective
9,22,5,25,Distributed-Collective
10,23,5,25,Distributed-Collective
13,13,15,25,Distributed-Collective
11,22,7,25,Hierarchical-Collective
12,20,6,17,Hierarchical-Collective
11,19,11,17,Hierarchical-Collective
8,14,14,17,Hierarchical-Collective
12,20,5,21,Hierarchical-Collective
11,19,7,21,Hierarchical-Collective
8,14,10,21,Hierarchical-Collective
20,20,6,12,Hierarchical-Collective
19,19,11,12,Hierarchical-Collective
16,14,14,12,Hierarchical-Collective
19,19,5,12,Distributed-Individual
18,12,15,12,Distributed-Collective
19,19,8,17,Distributed-Individual
18,12,20,17,Distributed-Collective
10,19,12,25,Distributed-Individual
10,12,24,25,Distributed-Collective
19,19,5,17,Distributed-Individual
18,12,15,17,Distributed-Collective
19,19,5,8,Distributed-Individual
18,12,15,8,Distributed-Collective
10,19,8,17,Distributed-Individual
10,12,20,17,Distributed-Collective
10,19,12,25,Distributed-Individual
10,12,24,25,Distributed-Collective
10,19,8,21,Distributed-Individual
10,12,20,21,Distributed-Collective
10,19,5,21,Distributed-Individual
10,12,15,21,Distributed-Collective
10,19,5,21,Distributed-Individual
10,12,15,21,Distributed-Collective
10,19,5,21,Distributed-Individual
10,12,15,21,Distributed-Collective
12,11,18,21,Hierarchical-Individual
12,21,8,21,Hierarchical-Individual
12,11,18,17,Hierarchical-Individual
12,21,8,17,Hierarchical-Individual
21,11,13,17,Hierarchical-Individual
21,21,5,17,Hierarchical-Individual
21,11,22,12,Hierarchical-Individual
21,21,12,12,Hierarchical-Individual
12,11,18,25,Hierarchical-Individual
12,21,8,25,Hierarchical-Individual
21,11,13,12,Hierarchical-Individual
21,21,5,12,Hierarchical-Individual
9,20,5,25,Hierarchical-Collective
18,20,10,8,Hierarchical-Collective
18,20,10,17,Hierarchical-Collective
12,21,5,21,Distributed-Collective
11,20,9,21,Distributed-Individual
12,21,10,17,Distributed-Collective
11,20,13,17,Distributed-Individual
12,21,5,21,Distributed-Collective
11,20,9,21,Distributed-Individual
20,21,5,12,Distributed-Collective
20,20,9,12,Distributed-Individual
12,21,5,21,Distributed-Collective
11,20,9,21,Distributed-Individual
12,21,10,21,Distributed-Collective
11,20,13,21,Distributed-Individual
12,21,5,17,Distributed-Collective
11,20,9,17,Distributed-Individual
19,11,18,17,Distributed-Collective
21,13,15,8,Hierarchical-Collective
19,11,14,12,Distributed-Collective
21,13,10,5,Hierarchical-Collective
11,11,18,21,Distributed-Collective
12,13,15,12,Hierarchical-Collective
11,11,18,17,Distributed-Collective
12,13,15,8,Hierarchical-Collective
12,21,9,21,Hierarchical-Collective
12,21,9,17,Hierarchical-Collective
9,20,16,21,Hierarchical-Individual
11,24,15,21,Distributed-Collective
8,14,20,21,Distributed-Collective
8,21,15,12,Hierarchical-Collective
11,21,11,12,Distributed-Individual
17,20,12,17,Hierarchical-Individual
19,24,10,17,Distributed-Collective
16,14,15,17,Distributed-Collective
17,21,11,8,Hierarchical-Collective
20,21,7,8,Distributed-Individual
9,20,16,17,Hierarchical-Individual
11,24,15,17,Distributed-Collective
8,14,20,17,Distributed-Collective
8,21,15,8,Hierarchical-Collective
11,21,11,8,Distributed-Individual
9,19,8,21,Distributed-Individual
9,19,8,17,Distributed-Individual
9,19,8,17,Distributed-Individual
9,19,5,25,Distributed-Individual
9,19,5,21,Distributed-Individual
17,19,8,12,Distributed-Individual
12,15,16,21,Distributed-Individual
12,15,20,21,Distributed-Individual
20,15,12,8,Distributed-Individual
20,15,16,8,Distributed-Individual
20,15,20,12,Distributed-Individual
19,19,8,17,Hierarchical-Collective
21,14,16,8,Hierarchical-Individual
17,12,16,8,Hierarchical-Individual
11,19,8,25,Hierarchical-Collective
13,14,16,17,Hierarchical-Individual
9,12,16,17,Hierarchical-Individual
19,13,17,12,Distributed-Individual
21,21,8,12,Hierarchical-Individual
11,13,21,17,Distributed-Individual
12,21,12,17,Hierarchical-Individual
19,13,21,12,Distributed-Individual
21,21,12,12,Hierarchical-Individual
19,13,21,12,Distributed-Individual
21,21,12,12,Hierarchical-Individual
19,13,25,8,Distributed-Individual
21,21,16,8,Hierarchical-Individual
11,13,21,21,Distributed-Individual
12,21,12,21,Hierarchical-Individual
11,13,17,25,Distributed-Individual
12,21,8,25,Hierarchical-Individual
17,22,8,8,Hierarchical-Collective
19,12,16,5,Distributed-Collective
16,20,8,8,Hierarchical-Individual
9,22,12,21,Hierarchical-Collective
11,12,20,12,Distributed-Collective
8,20,12,21,Hierarchical-Individual
9,22,5,25,Hierarchical-Collective
11,12,12,17,Distributed-Collective
8,20,5,25,Hierarchical-Individual
8,11,25,12,Hierarchical-Individual
12,10,24,12,Hierarchical-Collective
10,13,17,21,Distributed-Individual
9,12,17,21,Distributed-Individual
8,22,17,12,Distributed-Collective
8,11,20,12,Hierarchical-Individual
12,10,20,12,Hierarchical-Collective
10,13,12,21,Distributed-Individual
9,12,12,21,Distributed-Individual
8,22,12,12,Distributed-Collective
8,11,25,8,Hierarchical-Individual
12,10,24,8,Hierarchical-Collective
10,13,17,17,Distributed-Individual
9,12,17,17,Distributed-Individual
8,22,17,8,Distributed-Collective
8,11,16,12,Hierarchical-Individual
12,10,16,12,Hierarchical-Collective
10,13,8,21,Distributed-Individual
9,12,8,21,Distributed-Individual
8,22,8,12,Distributed-Collective
16,11,20,5,Hierarchical-Individual
20,10,20,5,Hierarchical-Collective
18,13,12,8,Distributed-Individual
18,12,12,8,Distributed-Individual
16,22,12,5,Distributed-Collective
9,24,5,12,Distributed-Collective
9,24,5,12,Distributed-Collective
17,24,5,5,Distributed-Collective
9,24,5,12,Distributed-Collective
17,24,8,8,Distributed-Collective
9,24,5,8,Distributed-Collective
8,14,16,17,Distributed-Individual
10,12,10,17,Distributed-Collective
8,14,20,17,Distributed-Individual
10,12,14,17,Distributed-Collective
17,14,16,8,Distributed-Individual
18,12,10,8,Distributed-Collective
19,20,14,17,Distributed-Collective
17,20,13,17,Hierarchical-Collective
11,20,6,25,Distributed-Collective
9,20,5,25,Hierarchical-Collective
19,20,10,12,Distributed-Collective
17,20,9,12,Hierarchical-Collective
11,20,10,17,Distributed-Collective
9,20,9,17,Hierarchical-Collective
19,20,14,12,Distributed-Collective
17,20,13,12,Hierarchical-Collective
14,21,10,12,Distributed-Collective
13,21,10,21,Distributed-Collective
8,13,15,25,Distributed-Collective
10,12,11,17,Hierarchical-Individual
8,13,24,17,Distributed-Collective
10,12,19,8,Hierarchical-Individual
16,13,24,12,Distributed-Collective
19,12,19,5,Hierarchical-Individual
11,15,20,17,Distributed-Collective
7,16,15,8,Distributed-Collective
11,15,24,25,Distributed-Collective
7,16,20,17,Distributed-Collective
11,15,24,21,Distributed-Collective
7,16,20,12,Distributed-Collective
11,15,20,25,Distributed-Collective
7,16,15,17,Distributed-Collective
13,15,13,21,Distributed-Individual
13,11,15,21,Distributed-Collective
11,22,11,21,Distributed-Individual
13,15,9,17,Distributed-Individual
13,11,11,17,Distributed-Collective
11,22,7,17,Distributed-Individual
13,15,13,17,Distributed-Individual
13,11,15,17,Distributed-Collective
11,22,11,17,Distributed-Individual
13,15,17,21,Distributed-Individual
13,11,19,21,Distributed-Collective
11,22,15,21,Distributed-Individual
13,15,17,21,Distributed-Individual
13,11,19,21,Distributed-Collective
11,22,15,21,Distributed-Individual
12,21,12,8,Hierarchical-Collective
8,12,14,17,Hierarchical-Individual
12,21,6,17,Distributed-Individual
12,21,17,8,Hierarchical-Collective
8,12,18,17,Hierarchical-Individual
12,21,10,17,Distributed-Individual
12,21,12,8,Hierarchical-Collective
8,12,14,17,Hierarchical-Individual
12,21,6,17,Distributed-Individual
12,21,12,8,Hierarchical-Collective
8,12,14,17,Hierarchical-Individual
12,21,6,17,Distributed-Individual
12,23,16,17,Distributed-Collective
12,14,18,25,Hierarchical-Collective
12,23,8,12,Distributed-Collective
12,14,10,21,Hierarchical-Collective
12,23,8,12,Distributed-Collective
12,14,10,21,Hierarchical-Collective
12,23,12,12,Distributed-Collective
12,14,14,21,Hierarchical-Collective
12,23,8,12,Distributed-Collective
12,14,10,21,Hierarchical-Collective
21,23,8,5,Distributed-Collective
20,14,10,12,Hierarchical-Collective
12,23,16,8,Distributed-Collective
12,14,18,17,Hierarchical-Collective
12,23,16,17,Distributed-Collective
12,14,18,25,Hierarchical-Collective
21,23,12,5,Distributed-Collective
20,14,14,8,Hierarchical-Collective
8,11,20,25,Hierarchical-Individual
9,23,10,25,Distributed-Collective
8,11,12,21,Hierarchical-Individual
9,23,5,21,Distributed-Collective
8,11,20,21,Hierarchical-Individual
9,23,10,21,Distributed-Collective
16,11,20,12,Hierarchical-Individual
17,23,10,12,Distributed-Collective
8,11,20,17,Hierarchical-Individual
9,23,10,17,Distributed-Collective
8,11,16,21,Hierarchical-Individual
9,23,6,21,Distributed-Collective
8,11,16,21,Hierarchical-Individual
9,23,6,21,Distributed-Collective
11,23,10,21,Hierarchical-Individual
11,23,14,25,Hierarchical-Individual
11,23,10,21,Hierarchical-Individual
8,21,9,21,Distributed-Collective
10,20,9,21,Hierarchical-Collective
8,23,10,12,Hierarchical-Individual
10,23,16,21,Distributed-Collective
17,21,5,17,Distributed-Collective
18,20,5,17,Hierarchical-Collective
17,23,5,8,Hierarchical-Individual
18,23,8,17,Distributed-Collective
8,21,9,21,Distributed-Collective
10,20,9,21,Hierarchical-Collective
8,23,10,12,Hierarchical-Individual
10,23,16,21,Distributed-Collective
17,21,5,17,Distributed-Collective
18,20,5,17,Hierarchical-Collective
17,23,5,8,Hierarchical-Individual
18,23,12,17,Distributed-Collective
17,21,5,12,Distributed-Collective
18,20,5,12,Hierarchical-Collective
17,23,5,5,Hierarchical-Individual
18,23,12,12,Distributed-Collective
19,22,8,12,Hierarchical-Collective
20,14,22,5,Hierarchical-Collective
18,16,22,12,Distributed-Individual
19,22,8,8,Hierarchical-Collective
20,14,22,5,Hierarchical-Collective
18,16,22,8,Distributed-Individual
10,22,5,21,Hierarchical-Collective
11,14,14,12,Hierarchical-Collective
9,16,14,21,Distributed-Individual
7,22,5,8,Hierarchical-Individual
9,19,9,17,Distributed-Individual
7,22,10,12,Hierarchical-Individual
9,19,13,21,Distributed-Individual
7,22,10,12,Hierarchical-Individual
9,19,13,21,Distributed-Individual
7,22,10,12,Hierarchical-Individual
9,19,13,21,Distributed-Individual
7,22,10,12,Hierarchical-Individual
9,19,13,21,Distributed-Individual
18,11,18,5,Hierarchical-Collective
19,14,22,8,Distributed-Collective
20,21,10,8,Hierarchical-Collective
18,10,17,8,Hierarchical-Individual
19,11,19,5,Hierarchical-Collective
10,11,14,12,Hierarchical-Collective
11,14,18,21,Distributed-Collective
11,21,6,21,Hierarchical-Collective
10,10,13,21,Hierarchical-Individual
10,11,15,12,Hierarchical-Collective
10,11,18,17,Hierarchical-Collective
11,14,22,25,Distributed-Collective
11,21,10,25,Hierarchical-Collective
10,10,17,25,Hierarchical-Individual
10,11,19,17,Hierarchical-Collective
10,11,14,12,Hierarchical-Collective
11,14,18,21,Distributed-Collective
11,21,6,21,Hierarchical-Collective
10,10,13,21,Hierarchical-Individual
10,11,15,12,Hierarchical-Collective
10,11,18,8,Hierarchical-Collective
11,14,22,17,Distributed-Collective
11,21,10,17,Hierarchical-Collective
10,10,17,17,Hierarchical-Individual
10,11,19,8,Hierarchical-Collective
10,11,10,8,Hierarchical-Collective
11,14,14,17,Distributed-Collective
11,21,5,17,Hierarchical-Collective
10,10,9,17,Hierarchical-Individual
10,11,10,8,Hierarchical-Collective
10,11,14,12,Hierarchical-Collective
11,14,18,21,Distributed-Collective
11,21,6,21,Hierarchical-Collective
10,10,13,21,Hierarchical-Individual
10,11,15,12,Hierarchical-Collective
18,11,10,5,Hierarchical-Collective
19,14,14,12,Distributed-Collective
20,21,5,12,Hierarchical-Collective
18,10,9,12,Hierarchical-Individual
19,11,10,5,Hierarchical-Collective
10,11,10,8,Hierarchical-Collective
11,14,14,17,Distributed-Collective
11,21,5,17,Hierarchical-Collective
10,10,9,17,Hierarchical-Individual
10,11,10,8,Hierarchical-Collective
10,19,8,17,Hierarchical-Individual
11,14,20,8,Hierarchical-Individual
10,19,5,17,Hierarchical-Individual
11,14,11,8,Hierarchical-Individual
18,19,5,12,Hierarchical-Individual
19,14,11,5,Hierarchical-Individual
10,19,8,21,Hierarchical-Individual
11,14,20,12,Hierarchical-Individual
10,19,8,25,Hierarchical-Individual
11,14,20,17,Hierarchical-Individual
8,22,6,17,Distributed-Individual
9,15,16,17,Hierarchical-Collective
10,12,17,8,Hierarchical-Individual
7,22,6,8,Distributed-Individual
8,22,6,17,Distributed-Individual
9,15,16,17,Hierarchical-Collective
10,12,17,8,Hierarchical-Individual
7,22,6,8,Distributed-Individual
8,22,6,21,Distributed-Individual
9,15,16,21,Hierarchical-Collective
10,12,17,12,Hierarchical-Individual
7,22,6,12,Distributed-Individual
8,22,6,25,Distributed-Individual
9,15,16,25,Hierarchical-Collective
10,12,17,17,Hierarchical-Individual
7,22,6,17,Distributed-Individual
8,22,10,21,Distributed-Individual
9,15,20,21,Hierarchical-Collective
10,12,21,12,Hierarchical-Individual
7,22,10,12,Distributed-Individual
9,20,12,21,Distributed-Individual
17,20,12,12,Distributed-Individual
9,20,8,25,Distributed-Individual
17,20,5,12,Distributed-Individual
17,20,12,12,Distributed-Individual
9,20,5,21,Distributed-Individual
17,20,8,12,Distributed-Individual
17,20,8,8,Distributed-Individual
9,20,8,21,Distributed-Individual
17,20,5,8,Distributed-Individual
9,20,5,21,Distributed-Individual
7,20,15,21,Distributed-Individual
7,20,11,17,Distributed-Individual
7,20,7,21,Distributed-Individual
20,21,11,17,Distributed-Collective
17,24,12,17,Distributed-Individual
17,25,10,17,Hierarchical-Individual
17,23,5,17,Distributed-Collective
20,21,7,17,Distributed-Collective
17,24,8,17,Distributed-Individual
17,25,6,17,Hierarchical-Individual
17,23,5,17,Distributed-Collective
11,21,11,21,Distributed-Collective
8,24,12,21,Distributed-Individual
8,25,10,21,Hierarchical-Individual
9,23,5,21,Distributed-Collective
11,21,11,25,Distributed-Collective
8,24,12,25,Distributed-Individual
8,25,10,25,Hierarchical-Individual
9,23,5,25,Distributed-Collective
8,18,15,17,Distributed-Collective
17,18,11,8,Distributed-Collective
8,13,18,25,Hierarchical-Individual
12,13,15,25,Distributed-Individual
8,13,14,21,Hierarchical-Individual
12,13,11,21,Distributed-Individual
17,13,18,8,Hierarchical-Individual
20,13,15,8,Distributed-Individual
8,13,22,17,Hierarchical-Individual
12,13,19,17,Distributed-Individual
8,13,18,21,Hierarchical-Individual
12,13,15,21,Distributed-Individual
17,13,18,17,Hierarchical-Individual
20,13,15,17,Distributed-Individual
8,13,18,21,Hierarchical-Individual
12,13,15,21,Distributed-Individual
8,13,18,21,Hierarchical-Individual
12,13,15,21,Distributed-Individual
20,22,10,5,Hierarchical-Collective
20,21,11,12,Distributed-Individual
16,22,5,12,Distributed-Individual
20,21,9,12,Distributed-Collective
20,22,10,5,Hierarchical-Collective
20,21,11,12,Distributed-Individual
16,22,5,12,Distributed-Individual
20,21,9,12,Distributed-Collective
12,22,10,12,Hierarchical-Collective
11,21,11,21,Distributed-Individual
8,22,5,21,Distributed-Individual
12,21,9,21,Distributed-Collective
12,22,10,12,Hierarchical-Collective
11,21,11,21,Distributed-Individual
8,22,5,21,Distributed-Individual
12,21,9,21,Distributed-Collective
12,22,14,12,Hierarchical-Collective
11,21,15,21,Distributed-Individual
8,22,9,21,Distributed-Individual
12,21,13,21,Distributed-Collective
20,22,10,5,Hierarchical-Collective
20,21,11,12,Distributed-Individual
16,22,5,12,Distributed-Individual
20,21,9,12,Distributed-Collective
22,12,19,12,Distributed-Collective
13,12,11,17,Distributed-Collective
13,12,15,21,Distributed-Collective
10,21,5,25,Hierarchical-Collective
12,21,5,25,Distributed-Collective
10,21,10,21,Hierarchical-Collective
12,21,9,21,Distributed-Collective
18,21,5,8,Hierarchical-Collective
20,21,5,8,Distributed-Collective
20,13,21,8,Distributed-Individual
17,20,11,5,Hierarchical-Collective
20,13,17,17,Distributed-Individual
17,20,7,8,Hierarchical-Collective
20,13,21,8,Distributed-Individual
17,20,11,5,Hierarchical-Collective
12,13,25,21,Distributed-Individual
9,20,15,12,Hierarchical-Collective
20,13,21,8,Distributed-Individual
17,20,11,5,Hierarchical-Collective
12,13,21,25,Distributed-Individual
9,20,11,17,Hierarchical-Collective
12,13,21,17,Distributed-Individual
9,20,11,8,Hierarchical-Collective
20,21,8,8,Distributed-Collective
20,21,12,5,Distributed-Collective
12,21,8,8,Distributed-Collective
12,21,12,17,Distributed-Collective
20,21,5,5,Distributed-Collective
12,21,5,12,Distributed-Collective
12,21,8,8,Distributed-Collective
11,18,10,17,Hierarchical-Collective
9,19,11,25,Distributed-Collective
12,18,5,25,Distributed-Individual
8,22,9,25,Hierarchical-Collective
11,18,6,8,Hierarchical-Collective
9,19,7,17,Distributed-Collective
12,18,5,17,Distributed-Individual
8,22,5,17,Hierarchical-Collective
11,18,6,8,Hierarchical-Collective
9,19,7,17,Distributed-Collective
12,18,5,17,Distributed-Individual
8,22,5,17,Hierarchical-Collective
20,18,14,5,Hierarchical-Collective
18,19,15,12,Distributed-Collective
20,18,8,12,Distributed-Individual
17,22,13,12,Hierarchical-Collective
11,18,10,17,Hierarchical-Collective
9,19,11,25,Distributed-Collective
12,18,5,25,Distributed-Individual
8,22,9,25,Hierarchical-Collective
11,18,10,12,Hierarchical-Collective
9,19,11,21,Distributed-Collective
12,18,5,21,Distributed-Individual
8,22,9,21,Hierarchical-Collective
11,18,10,12,Hierarchical-Collective
9,19,11,21,Distributed-Collective
12,18,5,21,Distributed-Individual
8,22,9,21,Hierarchical-Collective
20,18,10,5,Hierarchical-Collective
18,19,11,12,Distributed-Collective
20,18,5,12,Distributed-Individual
17,22,9,12,Hierarchical-Collective
11,18,10,12,Hierarchical-Collective
9,19,11,21,Distributed-Collective
12,18,5,21,Distributed-Individual
8,22,9,21,Hierarchical-Collective
11,18,10,12,Hierarchical-Collective
9,19,11,21,Distributed-Collective
12,18,5,21,Distributed-Individual
8,22,9,21,Hierarchical-Collective
11,18,14,8,Hierarchical-Collective
9,19,15,17,Distributed-Collective
12,18,8,17,Distributed-Individual
8,22,13,17,Hierarchical-Collective
11,18,14,8,Hierarchical-Collective
9,19,15,17,Distributed-Collective
12,18,8,17,Distributed-Individual
8,22,13,17,Hierarchical-Collective
8,22,12,25,Hierarchical-Individual
7,20,7,25,Hierarchical-Collective
8,22,16,25,Hierarchical-Individual
7,20,11,25,Hierarchical-Collective
16,22,12,8,Hierarchical-Individual
16,20,7,8,Hierarchical-Collective
16,22,12,8,Hierarchical-Individual
16,20,7,8,Hierarchical-Collective
16,22,12,12,Hierarchical-Individual
16,20,7,12,Hierarchical-Collective
11,22,7,17,Distributed-Individual
10,20,8,17,Distributed-Individual
8,23,5,17,Hierarchical-Individual
10,11,18,17,Hierarchical-Collective
19,22,5,12,Distributed-Individual
18,20,5,12,Distributed-Individual
17,23,5,12,Hierarchical-Individual
18,11,14,12,Hierarchical-Collective
11,22,5,21,Distributed-Individual
10,20,5,21,Distributed-Individual
8,23,5,21,Hierarchical-Individual
10,11,14,21,Hierarchical-Collective
11,22,5,17,Distributed-Individual
10,20,5,17,Distributed-Individual
8,23,5,17,Hierarchical-Individual
10,11,14,17,Hierarchical-Collective
19,22,7,8,Distributed-Individual
18,20,8,8,Distributed-Individual
17,23,5,8,Hierarchical-Individual
18,11,18,8,Hierarchical-Collective
12,18,15,21,Hierarchical-Collective
21,18,11,12,Hierarchical-Collective
21,18,7,8,Hierarchical-Collective
12,18,15,17,Hierarchical-Collective
9,12,20,12,Distributed-Collective
9,12,15,17,Distributed-Collective
9,12,15,17,Distributed-Collective
9,12,15,8,Distributed-Collective
17,12,15,5,Distributed-Collective
9,12,11,12,Distributed-Collective
9,12,11,12,Distributed-Collective
9,12,15,8,Distributed-Collective
8,19,10,21,Hierarchical-Collective
8,19,10,21,Hierarchical-Collective
16,19,15,8,Hierarchical-Collective
18,20,5,5,Distributed-Collective
10,20,5,12,Distributed-Collective
10,20,5,8,Distributed-Collective
10,20,10,17,Distributed-Collective
10,20,10,12,Distributed-Collective
16,19,11,12,Distributed-Collective
16,10,21,12,Distributed-Individual
8,19,7,21,Distributed-Collective
8,10,17,21,Distributed-Individual
8,19,11,21,Distributed-Collective
8,10,21,21,Distributed-Individual
16,19,11,12,Distributed-Collective
16,10,21,12,Distributed-Individual
8,19,15,21,Distributed-Collective
8,10,25,21,Distributed-Individual
16,19,11,12,Distributed-Collective
16,10,21,12,Distributed-Individual
16,19,15,12,Distributed-Collective
16,10,25,12,Distributed-Individual
21,14,18,12,Distributed-Collective
20,14,18,12,Hierarchical-Collective
13,14,18,17,Distributed-Collective
12,14,18,17,Hierarchical-Collective
11,21,5,12,Hierarchical-Collective
8,21,9,21,Hierarchical-Collective
10,24,5,21,Hierarchical-Individual
19,21,5,5,Hierarchical-Collective
17,21,9,12,Hierarchical-Collective
18,24,5,12,Hierarchical-Individual
10,12,13,17,Hierarchical-Individual
11,21,12,25,Distributed-Individual
10,12,13,12,Hierarchical-Individual
11,21,12,21,Distributed-Individual
11,15,10,17,Hierarchical-Collective
11,14,13,17,Distributed-Collective
10,22,8,17,Hierarchical-Collective
11,15,19,21,Hierarchical-Collective
11,14,21,21,Distributed-Collective
10,22,16,21,Hierarchical-Collective
11,15,15,21,Hierarchical-Collective
11,14,17,21,Distributed-Collective
10,22,12,21,Hierarchical-Collective
20,22,11,12,Hierarchical-Individual
12,22,15,17,Hierarchical-Individual
12,22,11,21,Hierarchical-Individual
14,14,20,17,Hierarchical-Collective
10,12,20,8,Distributed-Collective
14,19,12,17,Distributed-Individual
10,13,20,8,Distributed-Collective
6,20,5,17,Hierarchical-Collective
6,20,9,25,Hierarchical-Collective
15,20,5,12,Hierarchical-Collective
15,22,12,12,Distributed-Collective
15,12,12,12,Hierarchical-Individual
15,22,12,8,Distributed-Collective
15,12,12,8,Hierarchical-Individual
16,11,20,12,Distributed-Individual
17,22,12,5,Hierarchical-Collective
16,11,25,12,Distributed-Individual
17,22,16,5,Hierarchical-Collective
8,11,25,17,Distributed-Individual
9,22,16,8,Hierarchical-Collective
5,20,15,12,Hierarchical-Collective
8,20,17,21,Distributed-Individual
5,20,15,12,Hierarchical-Collective
8,20,17,21,Distributed-Individual
19,11,22,17,Distributed-Individual
10,11,18,21,Distributed-Individual
10,11,22,17,Distributed-Individual
10,11,18,17,Distributed-Individual
10,11,18,21,Distributed-Individual
12,23,5,17,Hierarchical-Individual
11,23,7,17,Hierarchical-Individual
12,23,10,25,Hierarchical-Individual
11,23,11,25,Hierarchical-Individual
21,23,5,12,Hierarchical-Individual
20,23,7,12,Hierarchical-Individual
12,23,10,25,Hierarchical-Individual
11,23,11,25,Hierarchical-Individual
21,23,14,8,Hierarchical-Individual
20,23,15,8,Hierarchical-Individual
13,20,5,21,Hierarchical-Collective
11,12,14,21,Distributed-Individual
13,22,11,21,Distributed-Collective
12,14,14,21,Distributed-Collective
13,22,6,21,Hierarchical-Collective
9,12,20,12,Distributed-Individual
18,12,20,5,Distributed-Individual
9,12,20,8,Distributed-Individual
18,12,16,5,Distributed-Individual
9,12,20,12,Distributed-Individual
19,20,10,5,Hierarchical-Individual
11,20,10,8,Hierarchical-Individual
19,20,6,5,Hierarchical-Individual
13,14,21,12,Hierarchical-Individual
9,13,18,21,Hierarchical-Individual
12,15,19,21,Hierarchical-Individual
12,12,17,21,Hierarchical-Collective
21,22,5,12,Hierarchical-Collective
19,11,13,12,Hierarchical-Collective
20,20,5,5,Hierarchical-Collective
13,22,8,21,Hierarchical-Collective
11,11,17,21,Hierarchical-Collective
11,20,5,12,Hierarchical-Collective
21,22,8,12,Hierarchical-Collective
19,11,17,12,Hierarchical-Collective
20,20,5,5,Hierarchical-Collective
11,22,5,17,Distributed-Collective
11,11,10,17,Hierarchical-Individual
9,23,8,17,Hierarchical-Collective
11,22,11,21,Distributed-Collective
11,11,19,21,Hierarchical-Individual
9,23,16,21,Hierarchical-Collective
11,22,11,21,Distributed-Collective
11,11,19,21,Hierarchical-Individual
9,23,16,21,Hierarchical-Collective
19,22,7,12,Distributed-Collective
19,11,15,12,Hierarchical-Individual
17,23,12,12,Hierarchical-Collective
7,21,10,17,Distributed-Individual
18,13,17,5,Distributed-Collective
18,13,17,8,Distributed-Collective
18,13,17,5,Distributed-Collective
9,13,17,17,Distributed-Collective
9,13,17,17,Distributed-Collective
9,13,21,12,Distributed-Collective
18,20,15,12,Hierarchical-Individual
18,20,11,12,Hierarchical-Individual
10,20,15,21,Hierarchical-Individual
8,10,20,17,Distributed-Individual
7,20,8,17,Distributed-Collective
8,11,17,17,Hierarchical-Collective
10,19,5,17,Hierarchical-Collective
16,10,20,12,Distributed-Individual
16,20,8,12,Distributed-Collective
17,11,17,12,Hierarchical-Collective
18,19,5,12,Hierarchical-Collective
8,10,20,17,Distributed-Individual
7,20,8,17,Distributed-Collective
8,11,17,17,Hierarchical-Collective
10,19,5,17,Hierarchical-Collective
7,14,17,21,Hierarchical-Collective
10,22,15,21,Hierarchical-Individual
7,14,12,17,Hierarchical-Collective
10,22,10,17,Hierarchical-Individual
15,14,12,8,Hierarchical-Collective
18,22,10,8,Hierarchical-Individual
7,14,12,17,Hierarchical-Collective
10,22,10,17,Hierarchical-Individual
7,14,12,21,Hierarchical-Collective
10,22,10,21,Hierarchical-Individual
7,14,12,21,Hierarchical-Collective
10,22,10,21,Hierarchical-Individual
7,14,12,17,Hierarchical-Collective
10,22,10,17,Hierarchical-Individual
17,11,13,5,Distributed-Individual
14,19,12,5,Hierarchical-Individual
19,19,5,8,Hierarchical-Collective
15,19,5,5,Hierarchical-Individual
17,11,13,5,Distributed-Individual
14,19,12,5,Hierarchical-Individual
19,19,5,12,Hierarchical-Collective
15,19,5,5,Hierarchical-Individual
9,11,18,8,Distributed-Individual
6,19,16,8,Hierarchical-Individual
11,19,8,17,Hierarchical-Collective
7,19,8,8,Hierarchical-Individual
17,11,18,5,Distributed-Individual
14,19,16,5,Hierarchical-Individual
19,19,8,8,Hierarchical-Collective
15,19,8,5,Hierarchical-Individual
17,11,18,5,Distributed-Individual
14,19,16,5,Hierarchical-Individual
19,19,8,8,Hierarchical-Collective
15,19,8,5,Hierarchical-Individual
9,11,13,12,Distributed-Individual
6,19,12,12,Hierarchical-Individual
11,19,5,21,Hierarchical-Collective
7,19,5,12,Hierarchical-Individual
18,19,5,12,Distributed-Individual
10,19,5,17,Distributed-Individual
10,19,5,21,Distributed-Individual
10,19,5,25,Distributed-Individual
10,19,9,21,Distributed-Individual
19,13,14,8,Distributed-Individual
17,21,8,8,Distributed-Collective
21,24,12,8,Distributed-Collective
10,13,10,25,Distributed-Individual
8,21,5,25,Distributed-Collective
12,24,8,25,Distributed-Collective
19,13,14,8,Distributed-Individual
17,21,8,8,Distributed-Collective
21,24,12,8,Distributed-Collective
10,13,10,21,Distributed-Individual
8,21,5,21,Distributed-Collective
12,24,8,21,Distributed-Collective
10,13,18,25,Distributed-Individual
8,21,12,25,Distributed-Collective
12,24,16,25,Distributed-Collective
10,13,14,21,Distributed-Individual
8,21,8,21,Distributed-Collective
12,24,12,21,Distributed-Collective
19,13,14,12,Distributed-Individual
17,21,8,12,Distributed-Collective
21,24,12,12,Distributed-Collective
10,13,18,17,Distributed-Individual
8,21,12,17,Distributed-Collective
12,24,16,17,Distributed-Collective
10,13,14,21,Distributed-Individual
8,21,8,21,Distributed-Collective
12,24,12,21,Distributed-Collective
10,13,18,21,Distributed-Individual
8,21,12,21,Distributed-Collective
12,24,16,21,Distributed-Collective
14,22,14,12,Hierarchical-Individual
18,19,12,12,Distributed-Collective
14,22,10,12,Hierarchical-Individual
18,19,8,12,Distributed-Collective
6,22,10,21,Hierarchical-Individual
10,19,8,21,Distributed-Collective
6,22,14,25,Hierarchical-Individual
10,19,12,25,Distributed-Collective
6,22,10,25,Hierarchical-Individual
10,19,8,25,Distributed-Collective
6,22,14,21,Hierarchical-Individual
10,19,12,21,Distributed-Collective
6,22,14,21,Hierarchical-Individual
10,19,12,21,Distributed-Collective
14,22,10,12,Hierarchical-Individual
18,19,8,12,Distributed-Collective
7,21,5,21,Distributed-Collective
15,23,8,8,Hierarchical-Individual
15,23,8,8,Hierarchical-Individual
7,23,8,17,Hierarchical-Individual
15,23,8,12,Hierarchical-Individual
15,23,8,12,Hierarchical-Individual
15,23,12,17,Hierarchical-Individual
7,23,8,21,Hierarchical-Individual
7,23,5,17,Hierarchical-Individual
11,21,12,8,Distributed-Collective
9,10,18,17,Hierarchical-Collective
9,18,9,17,Distributed-Individual
19,12,11,8,Hierarchical-Collective
11,12,11,25,Hierarchical-Collective
11,12,19,21,Hierarchical-Collective
19,12,15,12,Hierarchical-Collective
11,12,19,21,Hierarchical-Collective
19,12,15,12,Hierarchical-Collective
21,11,15,17,Hierarchical-Individual
22,20,5,8,Hierarchical-Individual
12,11,19,21,Hierarchical-Individual
13,20,8,12,Hierarchical-Individual
21,11,23,12,Hierarchical-Individual
22,20,12,5,Hierarchical-Individual
13,19,16,21,Hierarchical-Collective
11,21,15,21,Hierarchical-Individual
13,21,13,21,Hierarchical-Collective
9,22,9,21,Distributed-Individual
13,19,16,17,Hierarchical-Collective
11,21,15,17,Hierarchical-Individual
13,21,13,17,Hierarchical-Collective
9,22,9,17,Distributed-Individual
20,12,15,8,Hierarchical-Collective
20,12,20,12,Hierarchical-Collective
20,12,20,12,Hierarchical-Collective
12,12,15,21,Hierarchical-Collective
21,21,15,12,Hierarchical-Individual
21,20,9,12,Distributed-Collective
16,23,10,12,Distributed-Individual
21,21,15,8,Hierarchical-Individual
21,20,9,8,Distributed-Collective
16,23,10,8,Distributed-Individual
13,21,15,17,Hierarchical-Individual
13,20,9,17,Distributed-Collective
8,23,10,17,Distributed-Individual
21,21,10,8,Hierarchical-Individual
21,20,5,8,Distributed-Collective
16,23,6,8,Distributed-Individual
13,21,10,21,Hierarchical-Individual
13,20,5,21,Distributed-Collective
8,23,6,21,Distributed-Individual
19,13,18,5,Distributed-Individual
10,19,5,12,Hierarchical-Collective
9,14,15,21,Distributed-Individual
10,19,7,12,Distributed-Collective
12,22,5,21,Distributed-Individual
19,19,9,8,Hierarchical-Collective
17,14,19,17,Distributed-Individual
19,19,11,8,Distributed-Collective
20,22,9,17,Distributed-Individual
10,19,5,12,Hierarchical-Collective
9,14,10,21,Distributed-Individual
10,19,5,12,Distributed-Collective
12,22,5,21,Distributed-Individual
21,13,15,8,Distributed-Individual
21,15,10,17,Distributed-Individual
21,12,16,17,Distributed-Individual
21,13,20,5,Distributed-Individual
21,15,14,8,Distributed-Individual
21,12,20,8,Distributed-Individual
13,13,24,12,Distributed-Individual
13,15,18,21,Distributed-Individual
13,12,25,21,Distributed-Individual
21,13,15,5,Distributed-Individual
21,15,10,12,Distributed-Individual
21,12,16,12,Distributed-Individual
16,13,22,8,Distributed-Individual
17,21,15,8,Distributed-Individual
16,21,14,8,Hierarchical-Collective
16,13,13,8,Distributed-Individual
17,21,7,8,Distributed-Individual
16,21,5,8,Hierarchical-Collective
8,20,12,21,Distributed-Individual
8,13,13,21,Distributed-Individual
16,20,12,12,Distributed-Individual
17,13,13,12,Distributed-Individual
16,20,12,17,Distributed-Individual
17,13,13,17,Distributed-Individual
8,20,16,21,Distributed-Individual
8,13,18,21,Distributed-Individual
16,20,12,8,Distributed-Individual
17,13,13,8,Distributed-Individual
6,24,5,21,Hierarchical-Collective
7,23,8,21,Hierarchical-Collective
6,24,10,21,Hierarchical-Collective
7,23,12,21,Hierarchical-Collective
11,10,23,21,Hierarchical-Individual
11,11,19,21,Hierarchical-Collective
11,14,19,21,Hierarchical-Collective
11,10,19,21,Hierarchical-Individual
11,11,15,21,Hierarchical-Collective
11,14,15,21,Hierarchical-Collective
20,10,15,12,Hierarchical-Individual
19,11,11,12,Hierarchical-Collective
19,14,11,12,Hierarchical-Collective
11,10,23,21,Hierarchical-Individual
11,11,19,21,Hierarchical-Collective
11,14,19,21,Hierarchical-Collective
20,10,23,8,Hierarchical-Individual
19,11,19,8,Hierarchical-Collective
19,14,19,8,Hierarchical-Collective
11,10,19,21,Hierarchical-Individual
11,11,15,21,Hierarchical-Collective
11,14,15,21,Hierarchical-Collective
11,10,19,25,Hierarchical-Individual
11,11,15,25,Hierarchical-Collective
11,14,15,25,Hierarchical-Collective
18,22,5,12,Distributed-Collective
22,23,8,5,Distributed-Individual
10,22,7,21,Distributed-Collective
14,23,12,12,Distributed-Individual
10,22,7,17,Distributed-Collective
14,23,12,8,Distributed-Individual
10,22,5,21,Distributed-Collective
14,23,8,12,Distributed-Individual
18,22,7,12,Distributed-Collective
22,23,12,5,Distributed-Individual
11,11,14,8,Distributed-Individual
9,12,15,17,Hierarchical-Collective
19,11,18,8,Distributed-Individual
18,12,20,17,Hierarchical-Collective
19,11,22,5,Distributed-Individual
18,12,24,8,Hierarchical-Collective
11,11,14,12,Distributed-Individual
9,12,15,21,Hierarchical-Collective
12,12,8,21,Distributed-Collective
9,21,5,21,Distributed-Collective
11,20,5,21,Hierarchical-Collective
12,12,17,21,Distributed-Collective
9,21,11,21,Distributed-Collective
11,20,12,21,Hierarchical-Collective
15,11,18,12,Distributed-Individual
18,22,8,12,Hierarchical-Individual
15,11,18,12,Distributed-Individual
18,22,8,12,Hierarchical-Individual
8,22,12,12,Distributed-Individual
9,14,16,21,Distributed-Individual
9,13,15,21,Hierarchical-Collective
10,13,18,12,Hierarchical-Collective
16,22,8,5,Distributed-Individual
17,14,12,12,Distributed-Individual
18,13,11,12,Hierarchical-Collective
19,13,14,5,Hierarchical-Collective
16,22,8,5,Distributed-Individual
17,14,12,12,Distributed-Individual
18,13,11,12,Hierarchical-Collective
19,13,14,5,Hierarchical-Collective
17,14,17,5,Hierarchical-Collective
9,14,17,17,Hierarchical-Collective
17,14,17,5,Hierarchical-Collective
9,14,17,17,Hierarchical-Collective
10,21,8,17,Distributed-Individual
11,20,5,17,Distributed-Collective
10,22,5,17,Distributed-Collective
10,21,16,21,Distributed-Individual
11,20,9,21,Distributed-Collective
10,22,11,21,Distributed-Collective
19,21,16,8,Distributed-Individual
19,20,9,8,Distributed-Collective
18,22,11,8,Distributed-Collective
10,21,16,21,Distributed-Individual
11,20,9,21,Distributed-Collective
10,22,11,21,Distributed-Collective
18,14,11,12,Hierarchical-Individual
10,14,19,17,Hierarchical-Individual
10,14,19,21,Hierarchical-Individual
9,14,24,17,Hierarchical-Collective
8,20,12,8,Hierarchical-Individual
7,24,11,17,Hierarchical-Collective
18,14,24,12,Hierarchical-Collective
16,20,12,5,Hierarchical-Individual
16,24,11,12,Hierarchical-Collective
10,21,7,21,Distributed-Collective
10,14,20,21,Hierarchical-Individual
6,24,8,21,Hierarchical-Collective
20,20,8,17,Hierarchical-Collective
19,18,8,8,Hierarchical-Collective
12,20,8,21,Hierarchical-Collective
11,18,8,12,Hierarchical-Collective
20,20,8,12,Hierarchical-Collective
19,18,8,5,Hierarchical-Collective
12,20,5,21,Hierarchical-Collective
11,18,5,12,Hierarchical-Collective
12,20,8,17,Hierarchical-Collective
11,18,8,8,Hierarchical-Collective
12,23,6,21,Distributed-Collective
9,20,5,12,Hierarchical-Individual
8,21,12,12,Hierarchical-Individual
9,21,6,12,Hierarchical-Collective
11,13,20,21,Hierarchical-Individual
9,21,5,21,Hierarchical-Individual
12,23,6,25,Distributed-Collective
9,20,5,17,Hierarchical-Individual
8,21,12,17,Hierarchical-Individual
9,21,6,17,Hierarchical-Collective
11,13,20,25,Hierarchical-Individual
9,21,5,25,Hierarchical-Individual
12,23,10,21,Distributed-Collective
9,20,10,12,Hierarchical-Individual
8,21,17,12,Hierarchical-Individual
9,21,10,12,Hierarchical-Collective
11,13,25,21,Hierarchical-Individual
9,21,9,21,Hierarchical-Individual
20,23,5,17,Distributed-Collective
18,20,5,8,Hierarchical-Individual
16,21,8,8,Hierarchical-Individual
17,21,5,8,Hierarchical-Collective
20,13,16,17,Hierarchical-Individual
17,21,5,17,Hierarchical-Individual
12,23,10,17,Distributed-Collective
9,20,10,8,Hierarchical-Individual
8,21,17,8,Hierarchical-Individual
9,21,10,8,Hierarchical-Collective
11,13,25,17,Hierarchical-Individual
9,21,9,17,Hierarchical-Individual
9,23,5,21,Distributed-Individual
10,15,13,21,Hierarchical-Collective
9,23,12,17,Distributed-Individual
10,15,22,17,Hierarchical-Collective
17,23,5,8,Distributed-Individual
18,15,13,8,Hierarchical-Collective
9,22,14,17,Distributed-Collective
11,20,10,8,Distributed-Collective
17,22,10,8,Distributed-Collective
19,20,6,5,Distributed-Collective
17,22,10,12,Distributed-Collective
19,20,6,5,Distributed-Collective
9,22,10,25,Distributed-Collective
11,20,6,17,Distributed-Collective
17,22,10,12,Distributed-Collective
19,20,6,5,Distributed-Collective
17,22,10,12,Distributed-Collective
19,20,6,5,Distributed-Collective
17,13,16,12,Distributed-Individual
16,12,20,5,Distributed-Collective
17,13,12,8,Distributed-Individual
16,12,16,5,Distributed-Collective
17,13,12,17,Distributed-Individual
16,12,16,8,Distributed-Collective
9,13,16,17,Distributed-Individual
7,12,20,8,Distributed-Collective
17,13,16,12,Distributed-Individual
16,12,20,5,Distributed-Collective
9,13,12,21,Distributed-Individual
7,12,16,12,Distributed-Collective
9,13,12,21,Distributed-Individual
7,12,16,12,Distributed-Collective
9,13,20,21,Distributed-Individual
7,12,24,12,Distributed-Collective
9,13,16,21,Distributed-Individual
7,12,20,12,Distributed-Collective
10,23,5,21,Distributed-Individual
10,24,9,21,Distributed-Individual
10,23,5,21,Distributed-Individual
10,24,9,21,Distributed-Individual
10,23,5,25,Distributed-Individual
10,24,9,25,Distributed-Individual
10,23,5,21,Distributed-Individual
10,24,9,21,Distributed-Individual
9,12,20,25,Distributed-Individual
11,18,8,25,Hierarchical-Collective
9,12,16,21,Distributed-Individual
11,18,5,21,Hierarchical-Collective
9,12,20,25,Distributed-Individual
11,18,8,25,Hierarchical-Collective
18,12,24,8,Distributed-Individual
19,18,12,8,Hierarchical-Collective
9,12,20,25,Distributed-Individual
11,18,8,25,Hierarchical-Collective
9,12,20,25,Distributed-Individual
11,18,8,25,Hierarchical-Collective
10,14,19,21,Distributed-Individual
9,15,20,21,Hierarchical-Individual
9,24,9,21,Distributed-Individual
12,22,7,12,Distributed-Individual
20,22,7,5,Distributed-Individual
20,22,15,5,Distributed-Individual
20,22,7,5,Distributed-Individual
12,22,7,12,Distributed-Individual
20,22,11,5,Distributed-Individual
20,22,15,5,Distributed-Individual
20,22,11,5,Distributed-Individual
12,22,11,17,Distributed-Individual
10,24,5,21,Distributed-Individual
10,24,5,21,Distributed-Individual
10,24,5,17,Distributed-Individual
10,24,9,21,Distributed-Individual
18,12,22,12,Distributed-Collective
16,10,18,5,Hierarchical-Collective
17,19,11,12,Hierarchical-Collective
15,20,11,12,Distributed-Collective
10,12,18,21,Distributed-Collective
8,10,13,12,Hierarchical-Collective
9,19,7,21,Hierarchical-Collective
7,20,7,21,Distributed-Collective
10,12,18,17,Distributed-Collective
8,10,13,8,Hierarchical-Collective
9,19,7,17,Hierarchical-Collective
7,20,7,17,Distributed-Collective
8,20,8,17,Distributed-Individual
8,20,12,25,Distributed-Individual
16,20,12,12,Distributed-Individual
16,20,12,8,Distributed-Individual
8,20,8,17,Distributed-Individual
8,20,12,21,Distributed-Individual
12,22,6,17,Distributed-Collective
9,20,7,25,Hierarchical-Individual
12,22,6,8,Distributed-Collective
9,20,7,17,Hierarchical-Individual
12,22,5,12,Distributed-Collective
9,20,5,21,Hierarchical-Individual
20,22,5,5,Distributed-Collective
17,20,5,12,Hierarchical-Individual
20,22,6,5,Distributed-Collective
17,20,7,12,Hierarchical-Individual
20,22,5,5,Distributed-Collective
17,20,5,12,Hierarchical-Individual
20,22,6,5,Distributed-Collective
17,20,7,8,Hierarchical-Individual
17,13,19,8,Hierarchical-Individual
20,20,12,5,Hierarchical-Collective
18,12,17,5,Hierarchical-Individual
9,13,19,21,Hierarchical-Individual
12,20,12,12,Hierarchical-Collective
9,12,17,12,Hierarchical-Individual
9,13,15,25,Hierarchical-Individual
12,20,8,17,Hierarchical-Collective
9,12,13,17,Hierarchical-Individual
9,13,15,21,Hierarchical-Individual
12,20,8,12,Hierarchical-Collective
9,12,13,12,Hierarchical-Individual
9,13,15,17,Hierarchical-Individual
12,20,8,8,Hierarchical-Collective
9,12,13,8,Hierarchical-Individual
19,19,12,5,Hierarchical-Collective
11,19,5,12,Hierarchical-Collective
11,19,12,12,Hierarchical-Collective
11,19,12,8,Hierarchical-Collective
11,19,5,12,Hierarchical-Collective
21,13,13,12,Hierarchical-Individual
12,13,9,21,Hierarchical-Individual
21,13,13,12,Hierarchical-Individual
17,14,14,12,Hierarchical-Collective
17,14,14,8,Hierarchical-Collective
17,14,14,12,Hierarchical-Collective
18,12,15,17,Distributed-Individual
20,20,7,17,Hierarchical-Individual
10,12,15,17,Distributed-Individual
11,20,7,17,Hierarchical-Individual
10,12,19,21,Distributed-Individual
11,20,11,21,Hierarchical-Individual
10,12,23,21,Distributed-Individual
11,20,15,21,Hierarchical-Individual
10,12,19,21,Distributed-Individual
11,20,11,21,Hierarchical-Individual
10,12,23,21,Distributed-Individual
11,20,15,21,Hierarchical-Individual
8,22,5,21,Distributed-Individual
8,13,14,21,Distributed-Individual
9,14,15,21,Hierarchical-Collective
10,13,15,21,Hierarchical-Individual
8,22,10,21,Distributed-Individual
8,13,22,21,Distributed-Individual
9,14,24,21,Hierarchical-Collective
10,13,23,21,Hierarchical-Individual
8,22,5,21,Distributed-Individual
8,13,14,21,Distributed-Individual
9,14,15,21,Hierarchical-Collective
10,13,15,21,Hierarchical-Individual
16,23,6,8,Distributed-Collective
5,23,5,25,Distributed-Collective
5,15,15,25,Hierarchical-Collective
6,22,6,25,Distributed-Individual
10,23,8,25,Hierarchical-Individual
5,23,14,25,Distributed-Collective
5,15,23,25,Hierarchical-Collective
6,22,14,25,Distributed-Individual
10,23,16,25,Hierarchical-Individual
14,23,10,12,Distributed-Collective
14,15,19,12,Hierarchical-Collective
15,22,10,12,Distributed-Individual
19,23,12,12,Hierarchical-Individual
13,22,16,21,Hierarchical-Collective
9,20,8,12,Distributed-Individual
13,22,12,17,Hierarchical-Collective
9,20,5,8,Distributed-Individual
13,22,12,17,Hierarchical-Collective
9,20,5,8,Distributed-Individual
21,22,8,8,Hierarchical-Collective
17,20,5,5,Distributed-Individual
13,21,14,21,Hierarchical-Collective
13,21,14,17,Hierarchical-Collective
16,14,12,5,Distributed-Collective
18,14,15,12,Hierarchical-Individual
16,14,21,5,Distributed-Collective
18,14,23,12,Hierarchical-Individual
12,24,13,17,Hierarchical-Collective
17,21,14,12,Hierarchical-Collective
18,20,14,12,Distributed-Individual
19,21,11,12,Distributed-Collective
19,20,12,12,Hierarchical-Individual
9,21,14,17,Hierarchical-Collective
10,20,14,17,Distributed-Individual
10,21,11,17,Distributed-Collective
11,20,12,17,Hierarchical-Individual
17,21,14,12,Hierarchical-Collective
18,20,14,12,Distributed-Individual
19,21,11,12,Distributed-Collective
19,20,12,12,Hierarchical-Individual
9,20,12,21,Hierarchical-Individual
11,22,10,12,Hierarchical-Individual
9,20,16,17,Hierarchical-Individual
11,22,15,8,Hierarchical-Individual
10,12,22,8,Hierarchical-Collective
7,18,16,17,Distributed-Collective
10,10,18,17,Hierarchical-Individual
9,18,12,17,Hierarchical-Collective
19,12,14,5,Hierarchical-Collective
16,18,8,12,Distributed-Collective
18,10,10,12,Hierarchical-Individual
18,18,5,12,Hierarchical-Collective
11,15,18,12,Distributed-Collective
11,12,21,21,Distributed-Individual
6,22,8,21,Hierarchical-Individual
19,15,22,8,Distributed-Collective
19,12,25,17,Distributed-Individual
15,22,12,17,Hierarchical-Individual
17,13,18,5,Hierarchical-Individual
18,20,9,12,Hierarchical-Individual
9,13,10,12,Hierarchical-Individual
10,20,5,21,Hierarchical-Individual
9,22,6,21,Hierarchical-Collective
6,13,15,21,Distributed-Individual
8,22,5,21,Distributed-Collective
8,14,14,12,Distributed-Collective
9,19,5,21,Distributed-Collective
10,14,17,12,Hierarchical-Collective
8,10,13,12,Distributed-Individual
9,22,5,17,Hierarchical-Collective
6,13,11,17,Distributed-Individual
8,22,5,17,Distributed-Collective
8,14,10,8,Distributed-Collective
9,19,5,17,Distributed-Collective
10,14,12,8,Hierarchical-Collective
8,10,9,8,Distributed-Individual
9,22,10,21,Hierarchical-Collective
6,13,20,21,Distributed-Individual
8,22,9,21,Distributed-Collective
8,14,18,12,Distributed-Collective
9,19,9,21,Distributed-Collective
10,14,21,12,Hierarchical-Collective
8,10,17,12,Distributed-Individual
17,22,6,17,Hierarchical-Collective
14,13,15,17,Distributed-Individual
17,22,5,17,Distributed-Collective
17,14,14,8,Distributed-Collective
17,19,5,17,Distributed-Collective
19,14,17,8,Hierarchical-Collective
17,10,13,8,Distributed-Individual
9,22,6,25,Hierarchical-Collective
6,13,15,25,Distributed-Individual
8,22,5,25,Distributed-Collective
8,14,14,17,Distributed-Collective
9,19,5,25,Distributed-Collective
10,14,17,17,Hierarchical-Collective
8,10,13,17,Distributed-Individual
17,23,15,8,Distributed-Individual
19,11,24,17,Distributed-Individual
22,13,18,17,Hierarchical-Individual
20,19,15,17,Distributed-Individual
19,19,13,17,Hierarchical-Individual
8,11,14,21,Distributed-Individual
10,21,5,12,Hierarchical-Collective
11,19,8,21,Distributed-Individual
11,11,12,21,Hierarchical-Collective
8,11,14,17,Distributed-Individual
10,21,5,8,Hierarchical-Collective
11,19,8,17,Distributed-Individual
11,11,12,17,Hierarchical-Collective
8,11,22,21,Distributed-Individual
10,21,9,12,Hierarchical-Collective
11,19,16,21,Distributed-Individual
11,11,20,21,Hierarchical-Collective
17,11,22,12,Distributed-Individual
18,21,9,5,Hierarchical-Collective
19,19,16,12,Distributed-Individual
20,11,20,12,Hierarchical-Collective
17,11,22,12,Distributed-Individual
18,21,9,5,Hierarchical-Collective
19,19,16,12,Distributed-Individual
20,11,20,12,Hierarchical-Collective
9,19,5,12,Hierarchical-Individual
18,19,9,5,Hierarchical-Individual
9,19,9,12,Hierarchical-Individual
18,19,9,5,Hierarchical-Individual
18,19,9,5,Hierarchical-Individual
12,16,20,17,Hierarchical-Individual
10,21,5,25,Distributed-Individual
12,16,16,12,Hierarchical-Individual
10,21,5,21,Distributed-Individual
21,16,25,5,Hierarchical-Individual
18,21,9,8,Distributed-Individual
8,23,6,12,Hierarchical-Collective
12,14,20,12,Distributed-Collective
12,15,17,21,Distributed-Individual
12,22,11,12,Hierarchical-Individual
16,23,6,5,Hierarchical-Collective
20,14,20,5,Distributed-Collective
20,15,17,12,Distributed-Individual
21,22,11,5,Hierarchical-Individual
16,23,10,5,Hierarchical-Collective
20,14,25,5,Distributed-Collective
20,15,21,8,Distributed-Individual
21,22,15,5,Hierarchical-Individual
8,23,5,12,Hierarchical-Collective
12,14,16,12,Distributed-Collective
12,15,13,21,Distributed-Individual
12,22,7,12,Hierarchical-Individual
8,23,5,12,Hierarchical-Collective
12,14,16,12,Distributed-Collective
12,15,13,21,Distributed-Individual
12,22,7,12,Hierarchical-Individual
8,23,6,8,Hierarchical-Collective
12,14,20,8,Distributed-Collective
12,15,17,17,Distributed-Individual
12,22,11,8,Hierarchical-Individual
16,23,6,5,Hierarchical-Collective
20,14,20,5,Distributed-Collective
20,15,17,12,Distributed-Individual
21,22,11,5,Hierarchical-Individual
7,23,12,12,Distributed-Collective
8,22,15,21,Hierarchical-Individual
15,23,12,5,Distributed-Collective
16,22,15,8,Hierarchical-Individual
7,23,12,8,Distributed-Collective
8,22,15,17,Hierarchical-Individual
7,23,8,17,Distributed-Collective
8,22,10,25,Hierarchical-Individual
19,14,23,12,Distributed-Individual
16,20,14,5,Distributed-Individual
17,23,9,5,Distributed-Collective
18,20,8,5,Hierarchical-Individual
11,14,19,25,Distributed-Individual
8,20,10,17,Distributed-Individual
9,23,5,17,Distributed-Collective
10,20,5,17,Hierarchical-Individual
11,14,15,21,Distributed-Individual
8,20,6,12,Distributed-Individual
9,23,5,12,Distributed-Collective
10,20,5,12,Hierarchical-Individual
9,11,9,25,Hierarchical-Collective
10,10,11,25,Distributed-Collective
7,12,9,25,Distributed-Individual
18,11,9,12,Hierarchical-Collective
18,10,11,12,Distributed-Collective
15,12,9,12,Distributed-Individual
18,11,13,8,Hierarchical-Collective
18,10,15,8,Distributed-Collective
15,12,13,8,Distributed-Individual
9,11,18,21,Hierarchical-Collective
10,10,19,21,Distributed-Collective
7,12,17,21,Distributed-Individual
11,13,12,21,Distributed-Individual
14,24,5,12,Hierarchical-Individual
11,21,6,12,Hierarchical-Collective
20,13,12,8,Distributed-Individual
22,24,5,5,Hierarchical-Individual
20,21,6,5,Hierarchical-Collective
20,13,16,12,Distributed-Individual
22,24,7,5,Hierarchical-Individual
20,21,10,5,Hierarchical-Collective
17,16,14,8,Hierarchical-Collective
18,21,8,8,Hierarchical-Individual
17,16,18,12,Hierarchical-Collective
18,21,12,12,Hierarchical-Individual
8,16,14,17,Hierarchical-Collective
9,21,8,17,Hierarchical-Individual
8,11,18,8,Distributed-Collective
11,23,6,17,Distributed-Individual
10,14,14,8,Distributed-Individual
11,21,11,8,Hierarchical-Collective
8,11,13,12,Distributed-Collective
11,23,5,21,Distributed-Individual
10,14,10,12,Distributed-Individual
11,21,7,12,Hierarchical-Collective
8,11,13,17,Distributed-Collective
11,23,5,25,Distributed-Individual
10,14,10,17,Distributed-Individual
11,21,7,17,Hierarchical-Collective
17,11,18,5,Distributed-Collective
19,23,6,8,Distributed-Individual
18,14,14,5,Distributed-Individual
19,21,11,5,Hierarchical-Collective
9,18,5,17,Distributed-Individual
8,19,9,8,Hierarchical-Collective
7,22,10,8,Distributed-Collective
18,18,8,8,Distributed-Individual
16,19,13,5,Hierarchical-Collective
15,22,14,5,Distributed-Collective
9,22,5,17,Hierarchical-Individual
8,13,16,8,Hierarchical-Individual
9,20,5,17,Distributed-Collective
9,22,5,21,Hierarchical-Individual
8,13,16,12,Hierarchical-Individual
9,20,5,21,Distributed-Collective
9,22,9,21,Hierarchical-Individual
8,13,20,12,Hierarchical-Individual
9,20,6,21,Distributed-Collective
17,22,5,8,Hierarchical-Individual
16,13,16,5,Hierarchical-Individual
18,20,5,8,Distributed-Collective
9,22,9,17,Hierarchical-Individual
8,13,20,8,Hierarchical-Individual
9,20,6,17,Distributed-Collective
8,15,24,17,Hierarchical-Collective
8,13,20,17,Hierarchical-Collective
17,15,15,8,Hierarchical-Collective
17,13,12,8,Hierarchical-Collective
17,15,24,12,Hierarchical-Collective
17,13,20,12,Hierarchical-Collective
8,15,20,21,Hierarchical-Collective
8,13,16,21,Hierarchical-Collective
8,15,20,25,Hierarchical-Collective
8,13,16,25,Hierarchical-Collective
8,15,24,21,Hierarchical-Collective
8,13,20,21,Hierarchical-Collective
18,14,18,8,Hierarchical-Collective
19,22,5,5,Hierarchical-Individual
9,14,22,17,Hierarchical-Collective
11,22,8,8,Hierarchical-Individual
9,14,14,17,Hierarchical-Collective
11,22,5,8,Hierarchical-Individual
18,14,18,8,Hierarchical-Collective
19,22,5,5,Hierarchical-Individual
9,14,22,17,Hierarchical-Collective
11,22,8,8,Hierarchical-Individual
9,14,18,17,Hierarchical-Collective
11,22,5,8,Hierarchical-Individual
9,14,18,25,Hierarchical-Collective
11,22,5,17,Hierarchical-Individual
18,14,22,8,Hierarchical-Collective
19,22,8,5,Hierarchical-Individual
6,20,5,8,Distributed-Collective
11,23,8,17,Hierarchical-Individual
15,20,7,5,Distributed-Collective
19,23,12,12,Hierarchical-Individual
11,22,8,17,Distributed-Individual
9,22,5,17,Distributed-Collective
9,14,17,25,Hierarchical-Individual
11,20,8,25,Hierarchical-Collective
7,13,13,25,Distributed-Collective
11,22,12,8,Distributed-Individual
9,22,8,8,Distributed-Collective
9,14,21,17,Hierarchical-Individual
11,20,12,17,Hierarchical-Collective
7,13,17,17,Distributed-Collective
19,22,16,5,Distributed-Individual
17,22,12,5,Distributed-Collective
17,14,25,12,Hierarchical-Individual
19,20,16,12,Hierarchical-Collective
16,13,21,12,Distributed-Collective
11,22,16,12,Distributed-Individual
9,22,12,12,Distributed-Collective
9,14,25,21,Hierarchical-Individual
11,20,16,21,Hierarchical-Collective
7,13,21,21,Distributed-Collective
19,21,15,17,Hierarchical-Collective
17,15,18,17,Hierarchical-Individual
19,22,10,17,Hierarchical-Individual
19,21,11,8,Hierarchical-Collective
17,15,14,8,Hierarchical-Individual
19,22,6,8,Hierarchical-Individual
19,21,11,8,Hierarchical-Collective
17,15,14,8,Hierarchical-Individual
19,22,6,8,Hierarchical-Individual
11,21,11,21,Hierarchical-Collective
9,15,14,21,Hierarchical-Individual
11,22,6,21,Hierarchical-Individual
19,21,15,12,Hierarchical-Collective
17,15,18,12,Hierarchical-Individual
19,22,10,12,Hierarchical-Individual
19,21,15,12,Hierarchical-Collective
17,15,18,12,Hierarchical-Individual
19,22,10,12,Hierarchical-Individual
11,22,5,17,Hierarchical-Individual
11,22,10,17,Hierarchical-Individual
11,22,10,21,Hierarchical-Individual
20,22,5,8,Hierarchical-Individual
11,22,5,25,Hierarchical-Individual
20,22,10,8,Hierarchical-Individual
16,20,6,8,Distributed-Individual
16,14,14,8,Hierarchical-Individual
18,13,15,8,Distributed-Collective
7,20,6,17,Distributed-Individual
8,14,14,17,Hierarchical-Individual
10,13,15,17,Distributed-Collective
7,20,10,21,Distributed-Individual
8,14,18,21,Hierarchical-Individual
10,13,19,21,Distributed-Collective
7,20,5,21,Distributed-Individual
8,14,10,21,Hierarchical-Individual
10,13,11,21,Distributed-Collective
16,20,6,12,Distributed-Individual
16,14,14,12,Hierarchical-Individual
18,13,15,12,Distributed-Collective
16,22,8,12,Hierarchical-Individual
20,22,8,12,Distributed-Individual
8,22,5,25,Hierarchical-Individual
12,22,5,25,Distributed-Individual
8,22,12,17,Hierarchical-Individual
12,22,12,17,Distributed-Individual
16,22,12,12,Hierarchical-Individual
20,22,12,12,Distributed-Individual
16,22,12,17,Hierarchical-Individual
20,22,12,17,Distributed-Individual
13,16,17,25,Distributed-Collective
9,15,14,17,Distributed-Individual
21,16,17,12,Distributed-Collective
17,15,14,5,Distributed-Individual
21,16,17,12,Distributed-Collective
17,15,14,5,Distributed-Individual
21,16,17,12,Distributed-Collective
17,15,14,5,Distributed-Individual
21,16,21,12,Distributed-Collective
17,15,18,5,Distributed-Individual
21,16,21,17,Distributed-Collective
17,15,18,8,Distributed-Individual
13,16,17,21,Distributed-Collective
9,15,14,12,Distributed-Individual
7,22,7,8,Hierarchical-Collective
7,14,17,17,Distributed-Collective
10,21,5,17,Distributed-Collective
7,22,11,12,Hierarchical-Collective
7,14,21,21,Distributed-Collective
10,21,10,21,Distributed-Collective
8,16,9,17,Distributed-Individual
10,13,16,8,Hierarchical-Collective
16,16,9,8,Distributed-Individual
19,13,16,5,Hierarchical-Collective
8,16,13,25,Distributed-Individual
10,13,20,17,Hierarchical-Collective
16,16,9,8,Distributed-Individual
19,13,16,5,Hierarchical-Collective
16,16,9,12,Distributed-Individual
19,13,16,5,Hierarchical-Collective
11,20,11,21,Distributed-Collective
11,20,7,21,Distributed-Collective
11,20,5,25,Distributed-Collective
11,20,5,17,Distributed-Collective
11,20,11,21,Distributed-Collective
18,21,5,8,Hierarchical-Collective
14,12,8,17,Distributed-Individual
15,22,5,17,Distributed-Individual
16,13,12,17,Distributed-Individual
9,12,14,12,Distributed-Individual
10,23,12,21,Distributed-Individual
6,19,5,21,Distributed-Collective
7,15,21,12,Distributed-Individual
9,12,18,12,Distributed-Individual
10,23,17,21,Distributed-Individual
6,19,9,21,Distributed-Collective
7,15,25,12,Distributed-Individual
8,13,17,12,Distributed-Individual
12,21,10,21,Distributed-Individual
8,22,14,12,Hierarchical-Collective
8,20,12,21,Distributed-Collective
8,13,12,8,Distributed-Individual
12,21,6,17,Distributed-Individual
8,22,10,8,Hierarchical-Collective
8,20,8,17,Distributed-Collective
8,13,8,12,Distributed-Individual
12,21,5,21,Distributed-Individual
8,22,6,12,Hierarchical-Collective
8,20,5,21,Distributed-Collective
8,13,12,12,Distributed-Individual
12,21,6,21,Distributed-Individual
8,22,10,12,Hierarchical-Collective
8,20,8,21,Distributed-Collective
8,13,12,8,Distributed-Individual
12,21,6,17,Distributed-Individual
8,22,10,8,Hierarchical-Collective
8,20,8,17,Distributed-Collective
8,13,12,12,Distributed-Individual
12,21,6,21,Distributed-Individual
8,22,10,12,Hierarchical-Collective
8,20,8,21,Distributed-Collective
17,13,17,5,Distributed-Individual
20,21,10,12,Distributed-Individual
17,22,14,5,Hierarchical-Collective
16,20,12,12,Distributed-Collective
17,13,12,8,Distributed-Individual
20,21,6,17,Distributed-Individual
17,22,10,8,Hierarchical-Collective
16,20,8,17,Distributed-Collective
17,13,8,5,Distributed-Individual
20,21,5,12,Distributed-Individual
17,22,6,5,Hierarchical-Collective
16,20,5,12,Distributed-Collective
9,23,10,8,Distributed-Collective
10,20,8,17,Distributed-Collective
10,14,17,8,Distributed-Collective
9,23,14,12,Distributed-Collective
10,20,12,21,Distributed-Collective
10,14,21,12,Distributed-Collective
18,23,10,5,Distributed-Collective
19,20,8,12,Distributed-Collective
18,14,17,5,Distributed-Collective
9,23,10,12,Distributed-Collective
10,20,8,21,Distributed-Collective
10,14,17,12,Distributed-Collective
18,23,14,5,Distributed-Collective
19,20,12,8,Distributed-Collective
18,14,21,5,Distributed-Collective
9,23,14,8,Distributed-Collective
10,20,12,17,Distributed-Collective
10,14,21,8,Distributed-Collective
9,23,10,12,Distributed-Collective
10,20,8,21,Distributed-Collective
10,14,17,12,Distributed-Collective
18,23,5,8,Distributed-Collective
19,20,5,17,Distributed-Collective
18,14,12,8,Distributed-Collective
16,12,17,12,Hierarchical-Individual
20,23,5,5,Hierarchical-Collective
14,13,14,17,Distributed-Individual
16,19,5,17,Distributed-Individual
17,21,6,8,Hierarchical-Collective
16,13,12,8,Distributed-Individual
15,12,14,17,Hierarchical-Collective
14,13,18,17,Distributed-Individual
16,19,5,17,Distributed-Individual
17,21,10,8,Hierarchical-Collective
16,13,17,8,Distributed-Individual
15,12,18,17,Hierarchical-Collective
14,13,22,12,Distributed-Individual
16,19,8,12,Distributed-Individual
17,21,15,5,Hierarchical-Collective
16,13,21,5,Distributed-Individual
15,12,22,12,Hierarchical-Collective
17,20,12,17,Distributed-Individual
18,15,13,17,Hierarchical-Collective
18,20,6,17,Distributed-Collective
19,15,15,17,Hierarchical-Collective
16,20,6,17,Distributed-Collective
8,20,12,17,Distributed-Individual
9,15,13,17,Hierarchical-Collective
10,20,6,17,Distributed-Collective
11,15,15,17,Hierarchical-Collective
7,20,6,17,Distributed-Collective
8,20,12,17,Distributed-Individual
9,15,13,17,Hierarchical-Collective
10,20,6,17,Distributed-Collective
11,15,15,17,Hierarchical-Collective
7,20,6,17,Distributed-Collective
17,20,8,8,Distributed-Individual
18,15,9,8,Hierarchical-Collective
18,20,5,8,Distributed-Collective
19,15,11,8,Hierarchical-Collective
16,20,5,8,Distributed-Collective
8,20,8,21,Distributed-Individual
9,15,9,21,Hierarchical-Collective
10,20,5,21,Distributed-Collective
11,15,11,21,Hierarchical-Collective
7,20,5,21,Distributed-Collective
17,20,12,8,Distributed-Individual
18,15,13,8,Hierarchical-Collective
18,20,6,8,Distributed-Collective
19,15,15,8,Hierarchical-Collective
16,20,6,8,Distributed-Collective
7,16,9,25,Distributed-Collective
9,24,5,25,Distributed-Collective
10,21,5,25,Distributed-Collective
6,24,6,17,Distributed-Individual
7,16,17,21,Distributed-Collective
9,24,12,21,Distributed-Collective
10,21,10,21,Distributed-Collective
6,24,15,12,Distributed-Individual
15,16,17,8,Distributed-Collective
17,24,12,8,Distributed-Collective
19,21,10,8,Distributed-Collective
14,24,15,5,Distributed-Individual
9,22,15,25,Hierarchical-Collective
9,22,15,21,Hierarchical-Collective
18,22,6,12,Hierarchical-Collective
18,22,6,8,Hierarchical-Collective
19,12,23,8,Distributed-Individual
18,22,10,5,Hierarchical-Individual
17,13,21,5,Hierarchical-Collective
17,20,13,8,Distributed-Individual
19,12,19,12,Distributed-Individual
18,22,6,5,Hierarchical-Individual
17,13,17,5,Hierarchical-Collective
17,20,9,12,Distributed-Individual
11,12,15,21,Distributed-Individual
9,22,5,12,Hierarchical-Individual
8,13,12,12,Hierarchical-Collective
9,20,5,21,Distributed-Individual
8,20,7,17,Distributed-Collective
12,12,13,17,Hierarchical-Individual
8,20,15,21,Distributed-Collective
12,12,22,21,Hierarchical-Individual
8,20,15,21,Distributed-Collective
12,12,22,21,Hierarchical-Individual
16,20,7,8,Distributed-Collective
20,12,13,8,Hierarchical-Individual
16,20,11,17,Distributed-Collective
20,12,18,17,Hierarchical-Individual
8,20,11,25,Distributed-Collective
12,12,18,25,Hierarchical-Individual
15,23,15,12,Distributed-Individual
18,25,15,12,Hierarchical-Collective
15,23,11,8,Distributed-Individual
18,25,11,8,Hierarchical-Collective
15,23,11,8,Distributed-Individual
18,25,11,8,Hierarchical-Collective
7,23,11,21,Distributed-Individual
9,25,11,21,Hierarchical-Collective
15,23,11,8,Distributed-Individual
18,25,11,8,Hierarchical-Collective
17,11,15,5,Hierarchical-Collective
17,22,6,12,Distributed-Collective
15,11,15,12,Distributed-Individual
17,11,23,5,Hierarchical-Collective
17,22,15,8,Distributed-Collective
15,11,24,8,Distributed-Individual
17,11,15,5,Hierarchical-Collective
17,22,6,12,Distributed-Collective
15,11,15,12,Distributed-Individual
17,11,15,5,Hierarchical-Collective
17,22,6,12,Distributed-Collective
15,11,15,12,Distributed-Individual
12,11,15,21,Hierarchical-Collective
20,11,15,17,Hierarchical-Collective
12,11,19,21,Hierarchical-Collective
12,11,19,17,Hierarchical-Collective
20,11,10,12,Hierarchical-Collective
10,21,12,25,Hierarchical-Individual
6,22,11,25,Hierarchical-Collective
6,22,11,17,Hierarchical-Collective
8,22,8,8,Hierarchical-Collective
9,22,5,17,Hierarchical-Individual
10,14,9,8,Hierarchical-Individual
10,24,5,17,Hierarchical-Collective
16,22,12,8,Hierarchical-Collective
17,22,9,17,Hierarchical-Individual
18,14,13,8,Hierarchical-Individual
18,24,6,17,Hierarchical-Collective
8,22,12,17,Hierarchical-Collective
9,22,9,25,Hierarchical-Individual
10,14,13,17,Hierarchical-Individual
10,24,6,25,Hierarchical-Collective
8,22,17,17,Hierarchical-Individual
11,12,21,17,Hierarchical-Collective
16,22,8,12,Hierarchical-Individual
19,12,13,12,Hierarchical-Collective
8,22,12,21,Hierarchical-Individual
11,12,17,21,Hierarchical-Collective
8,22,8,21,Hierarchical-Individual
11,12,13,21,Hierarchical-Collective
21,22,5,17,Hierarchical-Collective
21,22,9,17,Hierarchical-Collective
13,22,5,25,Hierarchical-Collective
13,22,9,25,Hierarchical-Collective
12,22,13,21,Distributed-Individual
11,23,14,12,Hierarchical-Individual
10,22,15,21,Hierarchical-Collective
12,22,9,25,Distributed-Individual
11,23,10,17,Hierarchical-Individual
10,22,11,25,Hierarchical-Collective
20,22,9,17,Distributed-Individual
19,23,10,8,Hierarchical-Individual
18,22,11,17,Hierarchical-Collective
12,22,13,21,Distributed-Individual
11,23,14,12,Hierarchical-Individual
10,22,15,21,Hierarchical-Collective
20,22,9,12,Distributed-Individual
19,23,10,5,Hierarchical-Individual
18,22,11,12,Hierarchical-Collective
12,22,9,21,Distributed-Individual
11,23,10,12,Hierarchical-Individual
10,22,11,21,Hierarchical-Collective
12,22,9,21,Distributed-Individual
11,23,10,12,Hierarchical-Individual
10,22,11,21,Hierarchical-Collective
11,10,21,12,Hierarchical-Individual
20,10,21,5,Hierarchical-Individual
11,10,17,17,Hierarchical-Individual
11,10,17,17,Hierarchical-Individual
20,10,25,5,Hierarchical-Individual
11,10,17,17,Hierarchical-Individual
8,21,10,17,Hierarchical-Collective
12,21,12,8,Hierarchical-Collective
8,15,18,8,Distributed-Individual
8,21,10,25,Hierarchical-Collective
12,21,12,17,Hierarchical-Collective
8,15,18,17,Distributed-Individual
16,21,14,12,Hierarchical-Collective
20,21,16,5,Hierarchical-Collective
16,15,22,5,Distributed-Individual
16,21,14,12,Hierarchical-Collective
20,21,16,5,Hierarchical-Collective
16,15,22,5,Distributed-Individual
8,21,14,25,Hierarchical-Collective
12,21,16,17,Hierarchical-Collective
8,15,22,17,Distributed-Individual
18,15,20,17,Distributed-Collective
18,12,16,17,Hierarchical-Collective
10,15,20,21,Distributed-Collective
9,12,16,21,Hierarchical-Collective
10,15,16,17,Distributed-Collective
9,12,12,17,Hierarchical-Collective
10,15,16,21,Distributed-Collective
9,12,12,21,Hierarchical-Collective
9,19,9,25,Distributed-Individual
12,20,12,25,Distributed-Individual
9,10,18,25,Distributed-Individual
18,19,5,12,Distributed-Individual
21,20,8,12,Distributed-Individual
17,10,13,12,Distributed-Individual
9,19,5,17,Distributed-Individual
12,20,8,17,Distributed-Individual
9,10,13,17,Distributed-Individual
9,19,5,17,Distributed-Individual
12,20,5,17,Distributed-Individual
9,10,9,17,Distributed-Individual
21,18,11,12,Hierarchical-Individual
12,18,11,21,Hierarchical-Individual
22,11,19,17,Hierarchical-Collective
19,13,21,17,Hierarchical-Collective
17,19,8,17,Hierarchical-Individual
13,11,15,25,Hierarchical-Collective
10,13,17,25,Hierarchical-Collective
9,19,5,25,Hierarchical-Individual
13,11,19,21,Hierarchical-Collective
10,13,21,21,Hierarchical-Collective
9,19,8,21,Hierarchical-Individual
22,11,23,17,Hierarchical-Collective
19,13,25,17,Hierarchical-Collective
17,19,12,17,Hierarchical-Individual
10,20,5,21,Hierarchical-Individual
10,22,5,21,Distributed-Individual
11,21,8,21,Distributed-Collective
10,20,11,25,Hierarchical-Individual
10,22,10,25,Distributed-Individual
11,21,16,25,Distributed-Collective
18,20,7,12,Hierarchical-Individual
18,22,6,12,Distributed-Individual
19,21,12,12,Distributed-Collective
10,20,7,21,Hierarchical-Individual
10,22,6,21,Distributed-Individual
11,21,12,21,Distributed-Collective
16,21,16,17,Hierarchical-Individual
17,23,15,8,Distributed-Individual
17,23,12,17,Hierarchical-Individual
7,21,8,17,Hierarchical-Individual
9,23,6,8,Distributed-Individual
9,23,5,17,Hierarchical-Individual
16,16,20,12,Hierarchical-Collective
16,16,20,12,Hierarchical-Collective
16,16,20,17,Hierarchical-Collective
8,16,20,25,Hierarchical-Collective
8,16,20,21,Hierarchical-Collective
18,23,8,8,Distributed-Collective
17,21,5,17,Hierarchical-Collective
10,23,16,17,Distributed-Collective
9,21,12,25,Hierarchical-Collective
18,23,12,5,Distributed-Collective
17,21,8,12,Hierarchical-Collective
9,23,16,21,Hierarchical-Collective
13,12,20,21,Distributed-Collective
8,23,13,12,Hierarchical-Individual
9,21,13,21,Hierarchical-Individual
17,23,8,12,Hierarchical-Collective
21,12,11,12,Distributed-Collective
17,23,5,5,Hierarchical-Individual
18,21,5,12,Hierarchical-Individual
9,23,12,21,Hierarchical-Collective
13,12,15,21,Distributed-Collective
8,23,9,12,Hierarchical-Individual
9,21,9,21,Hierarchical-Individual
9,23,12,17,Hierarchical-Collective
13,12,15,17,Distributed-Collective
8,23,9,8,Hierarchical-Individual
9,21,9,17,Hierarchical-Individual
9,23,12,21,Hierarchical-Collective
13,12,15,21,Distributed-Collective
8,23,9,12,Hierarchical-Individual
9,21,9,21,Hierarchical-Individual
17,23,16,8,Hierarchical-Collective
21,12,20,8,Distributed-Collective
17,23,13,5,Hierarchical-Individual
18,21,13,8,Hierarchical-Individual
17,23,16,12,Hierarchical-Collective
21,12,20,12,Distributed-Collective
17,23,13,5,Hierarchical-Individual
18,21,13,12,Hierarchical-Individual
13,22,5,5,Distributed-Individual
12,24,8,25,Distributed-Individual
12,24,5,25,Distributed-Individual
20,24,12,12,Distributed-Individual
20,22,16,5,Distributed-Collective
19,20,12,12,Hierarchical-Individual
16,21,12,12,Hierarchical-Collective
16,15,24,5,Distributed-Collective
12,22,12,12,Distributed-Collective
10,20,8,21,Hierarchical-Individual
7,21,8,21,Hierarchical-Collective
7,15,20,12,Distributed-Collective
12,22,16,8,Distributed-Collective
10,20,12,17,Hierarchical-Individual
7,21,12,17,Hierarchical-Collective
7,15,24,8,Distributed-Collective
20,22,8,5,Distributed-Collective
19,20,5,12,Hierarchical-Individual
16,21,5,12,Hierarchical-Collective
16,15,16,5,Distributed-Collective
12,22,8,8,Distributed-Collective
10,20,5,17,Hierarchical-Individual
7,21,5,17,Hierarchical-Collective
7,15,16,8,Distributed-Collective
20,21,5,12,Distributed-Collective
11,21,10,21,Distributed-Collective
11,21,10,21,Distributed-Collective
11,21,10,17,Distributed-Collective
20,21,6,12,Distributed-Collective
12,20,16,17,Hierarchical-Individual
14,19,17,17,Hierarchical-Individual
16,22,10,17,Distributed-Collective
16,14,18,17,Distributed-Individual
8,22,10,21,Distributed-Collective
7,14,18,21,Distributed-Individual
8,22,14,21,Distributed-Collective
7,14,22,21,Distributed-Individual
8,22,10,25,Distributed-Collective
7,14,18,25,Distributed-Individual
8,22,14,17,Distributed-Collective
7,14,22,17,Distributed-Individual
16,22,5,12,Distributed-Collective
16,14,14,12,Distributed-Individual
8,12,14,17,Hierarchical-Collective
17,12,10,8,Hierarchical-Collective
8,12,18,17,Hierarchical-Collective
8,12,10,17,Hierarchical-Collective
17,12,10,17,Hierarchical-Collective
8,12,14,25,Hierarchical-Collective
8,12,14,25,Hierarchical-Collective
17,12,14,8,Hierarchical-Collective
17,12,10,12,Hierarchical-Collective
11,20,10,17,Hierarchical-Individual
9,20,8,17,Distributed-Collective
11,20,10,17,Hierarchical-Individual
9,20,8,17,Distributed-Collective
19,20,10,12,Hierarchical-Individual
17,20,8,12,Distributed-Collective
11,21,5,8,Hierarchical-Collective
11,23,8,17,Hierarchical-Individual
12,22,5,17,Hierarchical-Individual
9,14,16,17,Distributed-Collective
19,21,12,5,Hierarchical-Collective
19,23,17,8,Hierarchical-Individual
21,22,12,8,Hierarchical-Individual
17,14,24,8,Distributed-Collective
11,21,8,8,Hierarchical-Collective
11,23,12,17,Hierarchical-Individual
12,22,8,17,Hierarchical-Individual
9,14,20,17,Distributed-Collective
19,21,12,5,Hierarchical-Collective
19,23,17,12,Hierarchical-Individual
21,22,12,12,Hierarchical-Individual
17,14,24,12,Distributed-Collective
13,9,20,25,Hierarchical-Collective
12,13,13,25,Hierarchical-Collective
10,21,6,25,Hierarchical-Collective
9,20,8,21,Distributed-Individual
9,13,20,21,Distributed-Collective
7,12,14,21,Distributed-Collective
18,20,8,12,Distributed-Individual
18,13,20,12,Distributed-Collective
15,12,14,12,Distributed-Collective
9,20,12,21,Distributed-Individual
9,13,25,21,Distributed-Collective
7,12,18,21,Distributed-Collective
6,15,19,12,Hierarchical-Individual
10,15,18,21,Distributed-Collective
8,16,18,12,Hierarchical-Individual
15,15,19,5,Hierarchical-Individual
19,15,18,12,Distributed-Collective
17,16,18,5,Hierarchical-Individual
6,15,19,12,Hierarchical-Individual
10,15,18,21,Distributed-Collective
8,16,18,12,Hierarchical-Individual
6,15,15,17,Hierarchical-Individual
10,15,13,25,Distributed-Collective
8,16,14,17,Hierarchical-Individual
6,15,15,8,Hierarchical-Individual
10,15,13,17,Distributed-Collective
8,16,14,8,Hierarchical-Individual
15,15,15,5,Hierarchical-Individual
19,15,13,12,Distributed-Collective
17,16,14,5,Hierarchical-Individual
6,15,15,8,Hierarchical-Individual
10,15,13,17,Distributed-Collective
8,16,14,8,Hierarchical-Individual
6,15,19,17,Hierarchical-Individual
10,15,18,25,Distributed-Collective
8,16,18,17,Hierarchical-Individual
15,23,6,12,Hierarchical-Individual
18,22,5,12,Distributed-Collective
7,23,10,25,Hierarchical-Individual
10,22,10,25,Distributed-Collective
7,23,10,17,Hierarchical-Individual
10,22,10,17,Distributed-Collective
15,23,10,8,Hierarchical-Individual
18,22,10,8,Distributed-Collective
15,23,10,8,Hierarchical-Individual
18,22,10,8,Distributed-Collective
7,23,6,17,Hierarchical-Individual
10,22,5,17,Distributed-Collective
9,18,8,12,Hierarchical-Collective
11,12,15,12,Distributed-Individual
10,11,16,21,Distributed-Individual
9,18,8,17,Hierarchical-Collective
11,12,15,17,Distributed-Individual
10,11,16,25,Distributed-Individual
9,18,12,8,Hierarchical-Collective
11,12,19,8,Distributed-Individual
10,11,20,17,Distributed-Individual
9,18,8,17,Hierarchical-Collective
11,12,15,17,Distributed-Individual
10,11,16,25,Distributed-Individual
11,12,24,12,Hierarchical-Collective
8,20,9,21,Hierarchical-Individual
11,19,12,21,Distributed-Individual
9,21,15,21,Distributed-Collective
8,19,12,21,Distributed-Collective
11,19,10,21,Distributed-Individual
11,12,20,8,Hierarchical-Collective
8,20,5,17,Hierarchical-Individual
11,19,8,17,Distributed-Individual
9,21,11,17,Distributed-Collective
8,19,8,17,Distributed-Collective
11,19,6,17,Distributed-Individual
11,12,20,17,Hierarchical-Collective
8,20,5,25,Hierarchical-Individual
11,19,8,25,Distributed-Individual
9,21,11,25,Distributed-Collective
8,19,8,25,Distributed-Collective
11,19,6,25,Distributed-Individual
19,12,24,8,Hierarchical-Collective
17,20,9,17,Hierarchical-Individual
19,19,12,17,Distributed-Individual
17,21,15,17,Distributed-Collective
17,19,12,17,Distributed-Collective
19,19,10,17,Distributed-Individual
11,22,5,21,Distributed-Individual
9,12,17,21,Hierarchical-Collective
10,23,10,21,Hierarchical-Individual
11,14,18,21,Distributed-Individual
11,22,9,17,Distributed-Individual
9,12,21,17,Hierarchical-Collective
10,23,14,17,Hierarchical-Individual
11,14,22,17,Distributed-Individual
19,20,9,5,Distributed-Collective
22,20,11,8,Distributed-Collective
22,22,12,8,Hierarchical-Collective
20,12,20,8,Distributed-Individual
6,16,14,21,Distributed-Collective
10,22,5,12,Distributed-Individual
9,21,7,21,Hierarchical-Individual
7,15,15,12,Hierarchical-Collective
10,15,19,21,Distributed-Individual
7,24,8,21,Distributed-Individual
8,23,7,21,Distributed-Individual
15,16,18,12,Distributed-Collective
18,22,9,5,Distributed-Individual
17,21,11,12,Hierarchical-Individual
16,15,19,5,Hierarchical-Collective
19,15,23,12,Distributed-Individual
16,24,12,12,Distributed-Individual
17,23,11,12,Distributed-Individual
6,16,14,21,Distributed-Collective
10,22,5,12,Distributed-Individual
9,21,7,21,Hierarchical-Individual
7,15,15,12,Hierarchical-Collective
10,15,19,21,Distributed-Individual
7,24,8,21,Distributed-Individual
8,23,7,21,Distributed-Individual
6,16,18,21,Distributed-Collective
10,22,9,12,Distributed-Individual
9,21,11,21,Hierarchical-Individual
7,15,19,12,Hierarchical-Collective
10,15,23,21,Distributed-Individual
7,24,12,21,Distributed-Individual
8,23,11,21,Distributed-Individual
15,16,14,17,Distributed-Collective
18,22,5,8,Distributed-Individual
17,21,7,17,Hierarchical-Individual
16,15,15,8,Hierarchical-Collective
19,15,19,17,Distributed-Individual
16,24,8,17,Distributed-Individual
17,23,7,17,Distributed-Individual
20,22,8,12,Hierarchical-Individual
19,13,13,5,Hierarchical-Individual
20,24,12,12,Distributed-Collective
20,22,8,12,Hierarchical-Individual
19,13,13,5,Hierarchical-Individual
20,24,12,12,Distributed-Collective
12,22,8,21,Hierarchical-Individual
11,13,13,12,Hierarchical-Individual
12,24,12,21,Distributed-Collective
12,22,12,21,Hierarchical-Individual
11,13,18,12,Hierarchical-Individual
12,24,17,21,Distributed-Collective
20,24,8,8,Distributed-Collective
19,14,15,8,Distributed-Individual
16,12,15,5,Hierarchical-Collective
17,13,8,8,Distributed-Individual
20,22,6,8,Hierarchical-Collective
20,16,16,8,Distributed-Individual
18,13,9,8,Hierarchical-Individual
20,24,12,17,Distributed-Collective
19,14,19,17,Distributed-Individual
16,12,19,8,Hierarchical-Collective
17,13,12,17,Distributed-Individual
20,22,10,17,Hierarchical-Collective
20,16,20,17,Distributed-Individual
18,13,13,17,Hierarchical-Individual
11,24,12,21,Distributed-Collective
11,14,19,21,Distributed-Individual
8,12,19,12,Hierarchical-Collective
9,13,12,21,Distributed-Individual
12,22,10,21,Hierarchical-Collective
12,16,20,21,Distributed-Individual
10,13,13,21,Hierarchical-Individual
9,20,6,17,Distributed-Collective
11,13,13,17,Distributed-Collective
9,20,10,17,Distributed-Collective
11,13,17,17,Distributed-Collective
17,20,6,12,Distributed-Collective
19,13,13,12,Distributed-Collective
17,20,10,8,Distributed-Collective
19,13,17,8,Distributed-Collective
8,12,22,21,Hierarchical-Individual
9,14,17,12,Distributed-Collective
10,12,20,21,Hierarchical-Collective
12,22,15,21,Distributed-Individual
17,12,18,12,Hierarchical-Individual
17,14,12,5,Distributed-Collective
18,12,16,12,Hierarchical-Collective
20,22,10,12,Distributed-Individual
8,12,22,21,Hierarchical-Individual
9,14,17,12,Distributed-Collective
10,12,20,21,Hierarchical-Collective
12,22,15,21,Distributed-Individual
8,12,18,21,Hierarchical-Individual
9,14,12,12,Distributed-Collective
10,12,16,21,Hierarchical-Collective
12,22,10,21,Distributed-Individual
17,12,22,17,Hierarchical-Individual
17,14,17,8,Distributed-Collective
18,12,20,17,Hierarchical-Collective
20,22,15,17,Distributed-Individual
17,12,22,12,Hierarchical-Individual
17,14,17,5,Distributed-Collective
18,12,20,12,Hierarchical-Collective
20,22,15,12,Distributed-Individual
11,23,5,21,Hierarchical-Individual
9,12,19,12,Hierarchical-Individual
19,23,5,12,Hierarchical-Individual
18,12,19,5,Hierarchical-Individual
11,23,9,17,Hierarchical-Individual
9,12,23,8,Hierarchical-Individual
11,23,5,17,Hierarchical-Individual
9,12,19,8,Hierarchical-Individual
19,23,9,12,Hierarchical-Individual
18,12,23,5,Hierarchical-Individual
11,23,9,21,Hierarchical-Individual
9,12,23,12,Hierarchical-Individual
19,23,9,12,Hierarchical-Individual
18,12,23,5,Hierarchical-Individual
11,23,5,17,Hierarchical-Individual
9,12,19,8,Hierarchical-Individual
13,12,17,25,Distributed-Collective
13,12,20,17,Hierarchical-Collective
12,13,18,25,Hierarchical-Individual
11,22,10,17,Hierarchical-Individual
15,23,9,25,Distributed-Individual
12,22,10,25,Distributed-Individual
13,22,16,25,Hierarchical-Individual
9,22,5,17,Distributed-Collective
11,20,5,17,Distributed-Collective
10,22,5,17,Hierarchical-Collective
17,22,5,12,Distributed-Collective
20,20,9,12,Distributed-Collective
18,22,9,12,Hierarchical-Collective
17,22,9,8,Distributed-Collective
20,20,13,8,Distributed-Collective
18,22,13,8,Hierarchical-Collective
9,22,9,17,Distributed-Collective
11,20,13,17,Distributed-Collective
10,22,13,17,Hierarchical-Collective
9,22,5,21,Distributed-Collective
11,20,9,21,Distributed-Collective
10,22,9,21,Hierarchical-Collective
9,22,5,21,Distributed-Collective
11,20,9,21,Distributed-Collective
10,22,9,21,Hierarchical-Collective
17,22,5,17,Distributed-Collective
20,20,9,17,Distributed-Collective
18,22,9,17,Hierarchical-Collective
9,22,5,21,Distributed-Collective
11,20,5,21,Distributed-Collective
10,22,5,21,Hierarchical-Collective
9,22,9,21,Distributed-Collective
11,20,13,21,Distributed-Collective
10,22,13,21,Hierarchical-Collective
9,22,9,25,Distributed-Collective
11,20,13,25,Distributed-Collective
10,22,13,25,Hierarchical-Collective
9,22,5,21,Distributed-Collective
11,20,5,21,Distributed-Collective
10,22,5,21,Hierarchical-Collective
20,15,20,8,Hierarchical-Collective
11,15,15,25,Hierarchical-Collective
9,21,5,12,Hierarchical-Individual
10,19,6,21,Hierarchical-Collective
11,21,5,21,Distributed-Individual
17,21,9,5,Hierarchical-Individual
18,19,10,8,Hierarchical-Collective
19,21,6,8,Distributed-Individual
9,21,13,12,Hierarchical-Individual
10,19,14,21,Hierarchical-Collective
11,21,10,21,Distributed-Individual
9,21,5,12,Hierarchical-Individual
10,19,6,21,Hierarchical-Collective
11,21,5,21,Distributed-Individual
17,21,13,5,Hierarchical-Individual
18,19,14,8,Hierarchical-Collective
19,21,10,8,Distributed-Individual
9,21,13,12,Hierarchical-Individual
10,19,14,21,Hierarchical-Collective
11,21,10,21,Distributed-Individual
17,21,9,5,Hierarchical-Individual
18,19,10,8,Hierarchical-Collective
19,21,6,8,Distributed-Individual
17,21,9,5,Hierarchical-Individual
18,19,10,12,Hierarchical-Collective
19,21,6,12,Distributed-Individual
15,22,13,8,Hierarchical-Individual
15,22,9,17,Hierarchical-Individual
6,22,13,17,Hierarchical-Individual
15,22,13,12,Hierarchical-Individual
15,22,9,17,Hierarchical-Individual
15,22,5,8,Hierarchical-Individual
12,21,14,8,Hierarchical-Collective
11,22,14,17,Hierarchical-Individual
12,21,10,8,Hierarchical-Collective
11,22,10,17,Hierarchical-Individual
12,21,10,17,Hierarchical-Collective
11,22,10,25,Hierarchical-Individual
21,21,10,5,Hierarchical-Collective
20,22,10,8,Hierarchical-Individual
12,21,5,17,Hierarchical-Collective
11,22,6,25,Hierarchical-Individual
12,21,14,12,Hierarchical-Collective
11,22,14,21,Hierarchical-Individual
12,21,14,12,Hierarchical-Collective
11,22,14,21,Hierarchical-Individual
22,21,12,8,Distributed-Individual
13,21,12,17,Distributed-Individual
18,9,18,12,Hierarchical-Individual
19,9,22,12,Hierarchical-Collective
10,9,13,21,Hierarchical-Individual
11,9,18,21,Hierarchical-Collective
18,9,13,17,Hierarchical-Individual
19,9,18,17,Hierarchical-Collective
21,19,9,5,Distributed-Collective
19,21,10,12,Distributed-Individual
21,10,20,12,Distributed-Individual
21,19,7,12,Distributed-Individual
20,18,8,12,Distributed-Collective
13,19,13,12,Distributed-Collective
11,21,14,21,Distributed-Individual
13,10,24,21,Distributed-Individual
12,19,11,21,Distributed-Individual
12,18,12,21,Distributed-Collective
21,19,9,5,Distributed-Collective
19,21,10,12,Distributed-Individual
21,10,20,12,Distributed-Individual
21,19,7,12,Distributed-Individual
20,18,8,12,Distributed-Collective
15,22,7,5,Distributed-Individual
15,20,12,5,Distributed-Collective
16,12,21,12,Hierarchical-Individual
18,11,20,12,Hierarchical-Collective
7,22,7,12,Distributed-Individual
7,20,12,12,Distributed-Collective
8,12,21,21,Hierarchical-Individual
10,11,20,21,Hierarchical-Collective
8,21,14,17,Hierarchical-Individual
11,18,16,17,Hierarchical-Individual
20,20,12,5,Hierarchical-Individual
20,20,12,5,Hierarchical-Individual
20,20,8,8,Hierarchical-Individual
11,20,12,12,Hierarchical-Individual
10,10,15,25,Distributed-Individual
9,12,20,25,Distributed-Individual
11,19,12,25,Hierarchical-Collective
19,10,11,17,Distributed-Individual
17,12,15,17,Distributed-Individual
19,19,8,17,Hierarchical-Collective
10,10,15,17,Distributed-Individual
9,12,20,17,Distributed-Individual
11,19,12,17,Hierarchical-Collective
10,10,15,25,Distributed-Individual
9,12,20,25,Distributed-Individual
11,19,12,25,Hierarchical-Collective
10,10,15,17,Distributed-Individual
9,12,20,17,Distributed-Individual
11,19,12,17,Hierarchical-Collective
19,10,15,17,Distributed-Individual
17,12,20,17,Distributed-Individual
19,19,12,17,Hierarchical-Collective
10,10,15,17,Distributed-Individual
9,12,20,17,Distributed-Individual
11,19,12,17,Hierarchical-Collective
10,10,15,25,Distributed-Individual
9,12,20,25,Distributed-Individual
11,19,12,25,Hierarchical-Collective
9,15,14,17,Distributed-Individual
11,14,21,17,Hierarchical-Collective
9,15,14,25,Distributed-Individual
11,14,21,25,Hierarchical-Collective
7,14,13,25,Hierarchical-Collective
10,21,7,25,Distributed-Individual
15,14,9,8,Hierarchical-Collective
18,21,5,8,Distributed-Individual
7,12,18,17,Hierarchical-Collective
7,12,22,21,Hierarchical-Collective
15,12,18,17,Hierarchical-Collective
15,12,18,12,Hierarchical-Collective
7,12,22,17,Hierarchical-Collective
7,12,22,21,Hierarchical-Collective
7,12,22,21,Hierarchical-Collective
15,12,18,17,Hierarchical-Collective
7,12,18,17,Hierarchical-Collective
7,12,22,21,Hierarchical-Collective
9,14,20,17,Distributed-Collective
9,14,16,25,Distributed-Collective
9,14,16,21,Distributed-Collective
9,14,20,17,Distributed-Collective
18,14,16,12,Distributed-Collective
18,14,16,17,Distributed-Collective
9,14,16,25,Distributed-Collective
6,21,8,17,Distributed-Individual
6,11,18,17,Hierarchical-Individual
9,20,8,17,Hierarchical-Individual
15,21,8,8,Distributed-Individual
14,11,18,8,Hierarchical-Individual
18,20,8,8,Hierarchical-Individual
6,21,8,25,Distributed-Individual
6,11,18,25,Hierarchical-Individual
9,20,8,25,Hierarchical-Individual
6,21,8,21,Distributed-Individual
6,11,18,21,Hierarchical-Individual
9,20,8,21,Hierarchical-Individual
6,21,8,17,Distributed-Individual
6,11,18,17,Hierarchical-Individual
9,20,8,17,Hierarchical-Individual
6,21,8,21,Distributed-Individual
6,11,18,21,Hierarchical-Individual
9,20,8,21,Hierarchical-Individual
15,21,12,12,Distributed-Individual
14,11,22,12,Hierarchical-Individual
18,20,12,12,Hierarchical-Individual
14,11,13,5,Distributed-Collective
14,19,11,12,Distributed-Individual
18,21,12,5,Hierarchical-Collective
14,11,13,5,Distributed-Collective
14,19,11,8,Distributed-Individual
18,21,12,5,Hierarchical-Collective
8,23,9,21,Hierarchical-Collective
9,21,5,12,Distributed-Collective
8,20,5,12,Hierarchical-Individual
9,21,5,12,Distributed-Collective
8,20,5,12,Hierarchical-Individual
18,22,10,12,Distributed-Collective
10,22,6,25,Distributed-Collective
10,22,10,17,Distributed-Collective
18,22,10,17,Distributed-Collective
10,22,10,21,Distributed-Collective
18,22,15,17,Distributed-Collective
20,23,12,12,Distributed-Individual
18,12,19,12,Distributed-Individual
22,12,19,12,Distributed-Collective
21,24,10,12,Distributed-Collective
19,13,15,12,Distributed-Individual
11,23,12,25,Distributed-Individual
10,12,19,25,Distributed-Individual
14,12,19,25,Distributed-Collective
12,24,10,25,Distributed-Collective
10,13,15,25,Distributed-Individual
11,23,12,21,Distributed-Individual
10,12,19,21,Distributed-Individual
14,12,19,21,Distributed-Collective
12,24,10,21,Distributed-Collective
10,13,15,21,Distributed-Individual
11,23,12,17,Distributed-Individual
10,12,19,17,Distributed-Individual
14,12,19,17,Distributed-Collective
12,24,10,17,Distributed-Collective
10,13,15,17,Distributed-Individual
10,23,12,8,Distributed-Collective
10,20,9,17,Distributed-Individual
18,23,12,5,Distributed-Collective
18,20,9,12,Distributed-Individual
17,22,12,12,Distributed-Individual
17,22,8,8,Distributed-Individual
8,22,12,21,Distributed-Individual
8,22,8,21,Distributed-Individual
16,15,12,12,Hierarchical-Individual
8,15,17,21,Hierarchical-Individual
8,15,12,21,Hierarchical-Individual
8,15,8,17,Hierarchical-Individual
16,22,8,5,Hierarchical-Individual
19,24,7,5,Distributed-Collective
16,15,15,12,Hierarchical-Collective
19,20,5,12,Hierarchical-Individual
8,22,8,8,Hierarchical-Individual
10,24,7,8,Distributed-Collective
8,15,15,17,Hierarchical-Collective
11,20,5,17,Hierarchical-Individual
8,22,12,8,Hierarchical-Individual
10,24,11,8,Distributed-Collective
8,15,19,17,Hierarchical-Collective
11,20,9,17,Hierarchical-Individual
8,22,5,12,Hierarchical-Individual
10,24,5,12,Distributed-Collective
8,15,11,21,Hierarchical-Collective
11,20,5,21,Hierarchical-Individual
8,22,8,8,Hierarchical-Individual
10,24,7,8,Distributed-Collective
8,15,15,17,Hierarchical-Collective
11,20,5,17,Hierarchical-Individual
16,22,5,5,Hierarchical-Individual
19,24,5,5,Distributed-Collective
16,15,11,12,Hierarchical-Collective
19,20,5,12,Hierarchical-Individual
8,22,8,17,Hierarchical-Individual
10,24,7,17,Distributed-Collective
8,15,15,25,Hierarchical-Collective
11,20,5,25,Hierarchical-Individual
8,22,12,12,Hierarchical-Individual
10,24,11,12,Distributed-Collective
8,15,19,21,Hierarchical-Collective
11,20,9,21,Hierarchical-Individual
17,20,10,8,Hierarchical-Collective
20,20,12,8,Distributed-Collective
9,24,12,17,Distributed-Individual
10,22,11,17,Distributed-Collective
17,24,8,12,Distributed-Individual
18,22,7,12,Distributed-Collective
9,24,12,21,Distributed-Individual
10,22,11,21,Distributed-Collective
9,24,12,17,Distributed-Individual
10,22,11,17,Distributed-Collective
17,24,8,12,Distributed-Individual
18,22,7,12,Distributed-Collective
10,14,13,12,Hierarchical-Individual
11,14,12,21,Distributed-Individual
11,13,19,17,Hierarchical-Individual
8,11,20,17,Distributed-Collective
9,11,21,17,Hierarchical-Collective
11,13,15,21,Hierarchical-Individual
8,11,16,21,Distributed-Collective
9,11,17,21,Hierarchical-Collective
20,13,15,8,Hierarchical-Individual
17,11,16,8,Distributed-Collective
17,11,17,8,Hierarchical-Collective
20,13,15,8,Hierarchical-Individual
17,11,16,8,Distributed-Collective
17,11,17,8,Hierarchical-Collective
18,12,20,12,Hierarchical-Collective
19,23,8,12,Distributed-Individual
19,20,5,12,Distributed-Individual
9,12,20,25,Hierarchical-Collective
10,23,8,25,Distributed-Individual
10,20,5,25,Distributed-Individual
9,12,24,25,Hierarchical-Collective
10,23,12,25,Distributed-Individual
10,20,9,25,Distributed-Individual
9,12,20,21,Hierarchical-Collective
10,23,8,21,Distributed-Individual
10,20,5,21,Distributed-Individual
9,12,15,21,Hierarchical-Collective
10,23,5,21,Distributed-Individual
10,20,5,21,Distributed-Individual
9,12,24,21,Hierarchical-Collective
10,23,12,21,Distributed-Individual
10,20,9,21,Distributed-Individual
9,12,15,25,Hierarchical-Collective
10,23,5,25,Distributed-Individual
10,20,5,25,Distributed-Individual
18,12,15,8,Hierarchical-Collective
19,23,5,8,Distributed-Individual
19,20,5,8,Distributed-Individual
19,23,8,5,Hierarchical-Individual
19,15,14,8,Hierarchical-Collective
19,23,12,5,Hierarchical-Individual
19,15,18,8,Hierarchical-Collective
19,23,8,5,Hierarchical-Individual
19,15,14,12,Hierarchical-Collective
11,23,8,12,Hierarchical-Individual
11,15,14,21,Hierarchical-Collective
11,23,12,12,Hierarchical-Individual
11,15,18,21,Hierarchical-Collective
11,23,5,12,Hierarchical-Individual
11,15,10,21,Hierarchical-Collective
11,23,12,12,Hierarchical-Individual
11,15,18,21,Hierarchical-Collective
11,23,8,8,Hierarchical-Individual
11,15,14,17,Hierarchical-Collective
11,23,5,8,Hierarchical-Individual
11,15,10,17,Hierarchical-Collective
20,21,15,8,Hierarchical-Individual
18,23,10,8,Hierarchical-Collective
12,21,15,21,Hierarchical-Individual
9,23,10,21,Hierarchical-Collective
12,21,7,25,Hierarchical-Individual
9,23,5,25,Hierarchical-Collective
12,21,7,17,Hierarchical-Individual
9,23,5,17,Hierarchical-Collective
12,21,11,21,Hierarchical-Individual
9,23,6,21,Hierarchical-Collective
12,21,11,25,Hierarchical-Individual
9,23,6,25,Hierarchical-Collective
10,20,11,21,Distributed-Individual
10,20,5,21,Distributed-Individual
10,21,10,12,Hierarchical-Individual
10,21,12,12,Hierarchical-Collective
18,20,11,8,Distributed-Individual
18,20,5,8,Distributed-Individual
18,21,10,5,Hierarchical-Individual
19,21,12,5,Hierarchical-Collective
18,20,11,12,Distributed-Individual
18,20,5,12,Distributed-Individual
18,21,10,5,Hierarchical-Individual
19,21,12,5,Hierarchical-Collective
17,21,5,8,Distributed-Collective
17,20,7,5,Distributed-Individual
15,12,9,8,Hierarchical-Collective
17,21,7,12,Distributed-Collective
17,20,11,5,Distributed-Individual
15,12,13,12,Hierarchical-Collective
17,21,11,12,Distributed-Collective
17,20,15,5,Distributed-Individual
15,12,18,12,Hierarchical-Collective
8,21,7,21,Distributed-Collective
9,20,11,12,Distributed-Individual
7,12,13,21,Hierarchical-Collective
8,21,7,21,Distributed-Collective
9,20,11,12,Distributed-Individual
7,12,13,21,Hierarchical-Collective
8,21,7,21,Distributed-Collective
9,20,11,12,Distributed-Individual
7,12,13,21,Hierarchical-Collective
17,21,7,12,Distributed-Collective
17,20,11,5,Distributed-Individual
15,12,13,12,Hierarchical-Collective
8,21,11,25,Distributed-Collective
9,20,15,17,Distributed-Individual
7,12,18,25,Hierarchical-Collective
8,21,7,21,Distributed-Collective
9,20,11,12,Distributed-Individual
7,12,13,21,Hierarchical-Collective
15,22,6,12,Hierarchical-Individual
19,20,10,5,Distributed-Collective
7,22,10,21,Hierarchical-Individual
11,20,14,12,Distributed-Collective
7,22,5,21,Hierarchical-Individual
11,20,5,12,Distributed-Collective
7,22,6,21,Hierarchical-Individual
11,20,10,12,Distributed-Collective
7,22,10,21,Hierarchical-Individual
11,20,14,12,Distributed-Collective
18,21,9,12,Hierarchical-Individual
20,13,14,12,Hierarchical-Collective
17,18,8,5,Hierarchical-Collective
10,21,9,17,Hierarchical-Individual
11,13,14,17,Hierarchical-Collective
9,18,8,8,Hierarchical-Collective
10,21,9,17,Hierarchical-Individual
11,13,14,17,Hierarchical-Collective
9,18,8,8,Hierarchical-Collective
10,21,5,21,Hierarchical-Individual
11,13,10,21,Hierarchical-Collective
9,18,5,12,Hierarchical-Collective
18,21,9,17,Hierarchical-Individual
20,13,14,17,Hierarchical-Collective
17,18,8,8,Hierarchical-Collective
10,21,5,25,Hierarchical-Individual
11,13,10,25,Hierarchical-Collective
9,18,5,17,Hierarchical-Collective
13,22,10,17,Hierarchical-Individual
9,22,9,17,Hierarchical-Collective
13,15,21,17,Distributed-Collective
17,15,10,17,Hierarchical-Collective
14,14,10,17,Distributed-Collective
8,13,18,25,Hierarchical-Collective
9,15,19,25,Hierarchical-Collective
11,23,11,25,Distributed-Collective
9,13,21,17,Hierarchical-Individual
16,13,14,17,Hierarchical-Collective
18,15,15,17,Hierarchical-Collective
19,23,7,17,Distributed-Collective
18,13,17,8,Hierarchical-Individual
8,13,18,25,Hierarchical-Collective
9,15,19,25,Hierarchical-Collective
11,23,11,25,Distributed-Collective
9,13,21,17,Hierarchical-Individual
16,13,10,12,Hierarchical-Collective
18,15,11,12,Hierarchical-Collective
19,23,5,12,Distributed-Collective
18,13,13,5,Hierarchical-Individual
16,13,14,12,Hierarchical-Collective
18,15,15,12,Hierarchical-Collective
19,23,7,12,Distributed-Collective
18,13,17,5,Hierarchical-Individual
8,13,14,17,Hierarchical-Collective
9,15,15,17,Hierarchical-Collective
11,23,7,17,Distributed-Collective
9,13,17,8,Hierarchical-Individual
8,13,14,21,Hierarchical-Collective
9,15,15,21,Hierarchical-Collective
11,23,7,21,Distributed-Collective
9,13,17,12,Hierarchical-Individual
16,13,18,12,Hierarchical-Collective
18,15,19,12,Hierarchical-Collective
19,23,11,12,Distributed-Collective
18,13,21,5,Hierarchical-Individual
8,13,18,21,Hierarchical-Collective
9,15,19,21,Hierarchical-Collective
11,23,11,21,Distributed-Collective
9,13,21,12,Hierarchical-Individual
16,13,18,12,Hierarchical-Collective
18,15,19,12,Hierarchical-Collective
19,23,11,12,Distributed-Collective
18,13,21,5,Hierarchical-Individual
16,13,14,8,Hierarchical-Collective
18,15,15,8,Hierarchical-Collective
19,23,7,8,Distributed-Collective
18,13,17,5,Hierarchical-Individual
16,13,14,12,Hierarchical-Collective
18,15,15,12,Hierarchical-Collective
19,23,7,12,Distributed-Collective
18,13,17,5,Hierarchical-Individual
20,22,14,5,Hierarchical-Collective
16,20,16,5,Distributed-Collective
20,22,9,12,Distributed-Collective
19,19,15,12,Hierarchical-Collective
20,22,10,8,Hierarchical-Collective
16,20,12,8,Distributed-Collective
20,22,5,17,Distributed-Collective
19,19,11,17,Hierarchical-Collective
20,22,5,8,Hierarchical-Collective
16,20,8,8,Distributed-Collective
20,22,5,17,Distributed-Collective
19,19,7,17,Hierarchical-Collective
11,22,14,17,Hierarchical-Collective
8,20,16,17,Distributed-Collective
12,22,9,25,Distributed-Collective
11,19,15,25,Hierarchical-Collective
20,22,10,5,Hierarchical-Collective
16,20,12,5,Distributed-Collective
20,22,5,8,Distributed-Collective
19,19,11,8,Hierarchical-Collective
18,23,8,17,Distributed-Individual
16,14,10,17,Distributed-Individual
18,23,12,12,Distributed-Individual
16,14,14,12,Distributed-Individual
18,23,8,12,Distributed-Individual
16,14,10,12,Distributed-Individual
9,23,12,25,Distributed-Individual
8,14,14,25,Distributed-Individual
15,14,18,8,Hierarchical-Individual
18,23,5,8,Distributed-Individual
18,21,7,8,Hierarchical-Collective
7,14,18,21,Hierarchical-Individual
10,23,5,21,Distributed-Individual
10,21,7,21,Hierarchical-Collective
7,14,18,21,Hierarchical-Individual
10,23,5,21,Distributed-Individual
10,21,7,21,Hierarchical-Collective
7,14,18,21,Hierarchical-Individual
10,23,5,21,Distributed-Individual
10,21,7,21,Hierarchical-Collective
15,20,8,12,Hierarchical-Individual
17,21,10,12,Hierarchical-Individual
18,19,5,12,Hierarchical-Individual
15,20,8,12,Hierarchical-Individual
17,21,10,12,Hierarchical-Individual
18,19,5,12,Hierarchical-Individual
7,20,8,21,Hierarchical-Individual
9,21,10,21,Hierarchical-Individual
10,19,5,21,Hierarchical-Individual
7,20,5,25,Hierarchical-Individual
9,21,5,25,Hierarchical-Individual
10,19,5,25,Hierarchical-Individual
13,23,14,17,Hierarchical-Individual
13,23,10,25,Hierarchical-Individual
11,20,8,21,Hierarchical-Individual
11,20,8,25,Hierarchical-Individual
11,20,8,25,Hierarchical-Individual
18,24,5,12,Distributed-Individual
18,24,5,12,Distributed-Individual
9,11,11,21,Distributed-Collective
11,22,5,21,Hierarchical-Individual
9,11,11,25,Distributed-Collective
11,22,5,25,Hierarchical-Individual
9,11,11,21,Distributed-Collective
11,22,5,21,Hierarchical-Individual
18,11,11,12,Distributed-Collective
20,22,5,12,Hierarchical-Individual
18,11,19,8,Distributed-Collective
20,22,10,8,Hierarchical-Individual
12,21,11,21,Distributed-Collective
10,16,20,21,Hierarchical-Individual
12,21,11,21,Distributed-Collective
10,16,20,21,Hierarchical-Individual
12,21,7,21,Distributed-Collective
10,16,15,21,Hierarchical-Individual
20,21,7,12,Distributed-Collective
18,16,15,12,Hierarchical-Individual
12,21,7,21,Distributed-Collective
10,16,15,21,Hierarchical-Individual
20,11,12,5,Hierarchical-Collective
19,21,5,12,Hierarchical-Collective
21,12,9,12,Distributed-Individual
18,12,10,5,Distributed-Individual
12,11,20,17,Hierarchical-Collective
10,21,10,25,Hierarchical-Collective
13,12,17,25,Distributed-Individual
10,12,18,17,Distributed-Individual
20,11,16,5,Hierarchical-Collective
19,21,5,12,Hierarchical-Collective
21,12,13,12,Distributed-Individual
18,12,14,5,Distributed-Individual
20,11,20,5,Hierarchical-Collective
19,21,10,8,Hierarchical-Collective
21,12,17,8,Distributed-Individual
18,12,18,5,Distributed-Individual
20,11,20,8,Hierarchical-Collective
19,21,10,17,Hierarchical-Collective
21,12,17,17,Distributed-Individual
18,12,18,8,Distributed-Individual
12,11,16,12,Hierarchical-Collective
10,21,5,21,Hierarchical-Collective
13,12,13,21,Distributed-Individual
10,12,14,12,Distributed-Individual
18,22,5,8,Hierarchical-Individual
10,22,9,17,Hierarchical-Individual
8,11,16,21,Hierarchical-Individual
10,20,5,21,Hierarchical-Individual
8,11,16,21,Hierarchical-Individual
10,20,5,21,Hierarchical-Individual
11,14,20,17,Distributed-Collective
8,22,9,17,Hierarchical-Collective
20,14,20,8,Distributed-Collective
17,22,9,8,Hierarchical-Collective
11,14,20,12,Distributed-Collective
8,22,9,12,Hierarchical-Collective
11,14,16,8,Distributed-Collective
8,22,5,8,Hierarchical-Collective
11,14,16,8,Distributed-Collective
8,22,5,8,Hierarchical-Collective
11,14,20,12,Distributed-Collective
8,22,9,12,Hierarchical-Collective
9,13,19,21,Hierarchical-Collective
6,21,15,21,Distributed-Collective
11,24,17,21,Distributed-Collective
18,13,15,12,Hierarchical-Collective
15,21,11,12,Distributed-Collective
19,24,12,12,Distributed-Collective
9,13,19,21,Hierarchical-Collective
6,21,15,21,Distributed-Collective
11,24,17,21,Distributed-Collective
13,21,8,12,Hierarchical-Individual
12,13,15,12,Distributed-Collective
13,13,13,21,Distributed-Individual
21,21,5,5,Hierarchical-Individual
20,13,10,5,Distributed-Collective
21,13,9,8,Distributed-Individual
13,21,5,12,Hierarchical-Individual
12,13,10,12,Distributed-Collective
13,13,9,21,Distributed-Individual
21,21,8,5,Hierarchical-Individual
20,13,15,5,Distributed-Collective
21,13,13,8,Distributed-Individual
8,15,22,8,Distributed-Collective
9,15,20,17,Hierarchical-Collective
16,15,18,5,Distributed-Collective
17,15,16,12,Hierarchical-Collective
8,15,18,8,Distributed-Collective
9,15,16,17,Hierarchical-Collective
8,15,18,12,Distributed-Collective
9,15,16,21,Hierarchical-Collective
16,15,14,8,Distributed-Collective
17,15,12,17,Hierarchical-Collective
8,15,18,8,Distributed-Collective
9,15,16,17,Hierarchical-Collective
16,11,16,8,Distributed-Individual
19,21,6,8,Distributed-Collective
17,22,11,8,Distributed-Individual
16,21,12,5,Hierarchical-Individual
7,11,20,17,Distributed-Individual
11,21,10,17,Distributed-Collective
8,22,15,17,Distributed-Individual
7,21,17,8,Hierarchical-Individual
7,11,16,17,Distributed-Individual
11,21,6,17,Distributed-Collective
8,22,11,17,Distributed-Individual
7,21,12,8,Hierarchical-Individual
8,18,12,12,Distributed-Individual
17,18,12,5,Distributed-Individual
8,18,8,12,Distributed-Individual
17,14,19,17,Hierarchical-Collective
17,14,19,12,Hierarchical-Collective
9,14,19,25,Hierarchical-Collective
9,14,19,25,Hierarchical-Collective
17,14,19,12,Hierarchical-Collective
16,10,16,8,Hierarchical-Individual
18,13,20,8,Distributed-Collective
16,22,5,8,Distributed-Collective
15,19,5,5,Hierarchical-Individual
15,22,12,8,Distributed-Collective
8,10,20,25,Hierarchical-Individual
10,13,24,25,Distributed-Collective
8,22,10,25,Distributed-Collective
6,19,10,17,Hierarchical-Individual
7,22,16,25,Distributed-Collective
8,10,12,21,Hierarchical-Individual
10,13,16,21,Distributed-Collective
8,22,5,21,Distributed-Collective
6,19,5,12,Hierarchical-Individual
7,22,8,21,Distributed-Collective
8,10,16,25,Hierarchical-Individual
10,13,20,25,Distributed-Collective
8,22,5,25,Distributed-Collective
6,19,5,17,Hierarchical-Individual
7,22,12,25,Distributed-Collective
16,10,16,17,Hierarchical-Individual
18,13,20,17,Distributed-Collective
16,22,5,17,Distributed-Collective
15,19,5,8,Hierarchical-Individual
15,22,12,17,Distributed-Collective
8,10,16,17,Hierarchical-Individual
10,13,20,17,Distributed-Collective
8,22,5,17,Distributed-Collective
6,19,5,8,Hierarchical-Individual
7,22,12,17,Distributed-Collective
8,10,16,25,Hierarchical-Individual
10,13,20,25,Distributed-Collective
8,22,5,25,Distributed-Collective
6,19,5,17,Hierarchical-Individual
7,22,12,25,Distributed-Collective
19,14,18,17,Hierarchical-Collective
10,14,18,17,Hierarchical-Collective
19,14,18,12,Hierarchical-Collective
10,14,14,17,Hierarchical-Collective
12,15,17,12,Distributed-Individual
11,13,17,21,Hierarchical-Individual
7,23,8,12,Distributed-Individual
11,15,17,21,Hierarchical-Individual
12,15,17,12,Distributed-Individual
11,13,17,21,Hierarchical-Individual
7,23,8,12,Distributed-Individual
11,15,17,21,Hierarchical-Individual
12,15,17,8,Distributed-Individual
11,13,17,17,Hierarchical-Individual
7,23,8,8,Distributed-Individual
11,15,17,17,Hierarchical-Individual
12,15,17,12,Distributed-Individual
11,13,17,21,Hierarchical-Individual
7,23,8,12,Distributed-Individual
11,15,17,21,Hierarchical-Individual
20,15,17,5,Distributed-Individual
19,13,17,12,Hierarchical-Individual
16,23,8,5,Distributed-Individual
19,15,17,12,Hierarchical-Individual
12,15,17,8,Distributed-Individual
11,13,17,17,Hierarchical-Individual
7,23,8,8,Distributed-Individual
11,15,17,17,Hierarchical-Individual
10,18,15,21,Distributed-Individual
12,13,19,21,Hierarchical-Individual
10,18,11,17,Distributed-Individual
12,13,15,17,Hierarchical-Individual
10,18,11,25,Distributed-Individual
12,13,15,25,Hierarchical-Individual
19,18,11,12,Distributed-Individual
20,13,15,12,Hierarchical-Individual
12,19,12,21,Distributed-Collective
10,20,10,21,Hierarchical-Collective
12,19,12,21,Distributed-Collective
10,20,10,21,Hierarchical-Collective
12,19,16,25,Distributed-Collective
10,20,15,25,Hierarchical-Collective
12,19,12,17,Distributed-Collective
10,20,10,17,Hierarchical-Collective
12,19,12,25,Distributed-Collective
10,20,10,25,Hierarchical-Collective
12,19,12,21,Distributed-Collective
10,20,10,21,Hierarchical-Collective
18,13,16,8,Hierarchical-Collective
18,12,19,5,Hierarchical-Collective
17,11,16,8,Hierarchical-Collective
9,13,20,21,Hierarchical-Collective
10,12,23,12,Hierarchical-Collective
9,11,20,21,Hierarchical-Collective
9,13,20,21,Hierarchical-Collective
10,12,23,12,Hierarchical-Collective
9,11,20,21,Hierarchical-Collective
9,13,20,21,Hierarchical-Collective
10,12,23,12,Hierarchical-Collective
9,11,20,21,Hierarchical-Collective
9,23,12,21,Distributed-Individual
9,22,5,12,Distributed-Individual
12,22,12,21,Hierarchical-Individual
7,20,6,12,Hierarchical-Collective
9,23,12,21,Distributed-Individual
9,22,5,12,Distributed-Individual
12,22,12,21,Hierarchical-Individual
7,20,6,12,Hierarchical-Collective
9,23,12,17,Distributed-Individual
9,22,5,8,Distributed-Individual
12,22,12,17,Hierarchical-Individual
7,20,6,8,Hierarchical-Collective
9,23,16,17,Distributed-Individual
9,22,10,8,Distributed-Individual
12,22,17,17,Hierarchical-Individual
7,20,10,8,Hierarchical-Collective
9,23,12,21,Distributed-Individual
9,22,5,12,Distributed-Individual
12,22,12,21,Hierarchical-Individual
7,20,6,12,Hierarchical-Collective
9,23,12,25,Distributed-Individual
9,22,5,17,Distributed-Individual
12,22,12,25,Hierarchical-Individual
7,20,6,17,Hierarchical-Collective
9,23,16,17,Distributed-Individual
9,22,10,8,Distributed-Individual
12,22,17,17,Hierarchical-Individual
7,20,10,8,Hierarchical-Collective
9,23,8,17,Distributed-Individual
9,22,5,8,Distributed-Individual
12,22,8,17,Hierarchical-Individual
7,20,5,8,Hierarchical-Collective
18,23,16,8,Distributed-Individual
17,22,10,5,Distributed-Individual
20,22,17,8,Hierarchical-Individual
16,20,10,5,Hierarchical-Collective
18,23,16,12,Distributed-Individual
17,22,10,5,Distributed-Individual
20,22,17,12,Hierarchical-Individual
16,20,10,5,Hierarchical-Collective
9,12,8,17,Hierarchical-Individual
9,12,12,21,Hierarchical-Individual
17,12,17,12,Hierarchical-Individual
16,13,20,17,Hierarchical-Collective
14,14,18,8,Hierarchical-Individual
8,13,20,25,Hierarchical-Collective
6,14,18,17,Hierarchical-Individual
16,13,15,8,Hierarchical-Collective
14,14,13,5,Hierarchical-Individual
9,22,5,25,Distributed-Collective
9,11,12,25,Distributed-Individual
13,20,5,25,Hierarchical-Individual
10,21,5,25,Distributed-Individual
9,22,12,21,Distributed-Collective
9,11,20,21,Distributed-Individual
13,20,13,21,Hierarchical-Individual
10,21,13,21,Distributed-Individual
9,22,8,17,Distributed-Collective
9,11,16,17,Distributed-Individual
13,20,9,17,Hierarchical-Individual
10,21,9,17,Distributed-Individual
20,21,10,12,Distributed-Individual
20,14,18,12,Distributed-Collective
11,21,10,25,Distributed-Individual
11,14,18,25,Distributed-Collective
11,21,10,21,Distributed-Individual
11,14,18,21,Distributed-Collective
20,21,10,12,Distributed-Individual
20,14,18,12,Distributed-Collective
20,21,10,17,Distributed-Individual
20,14,18,17,Distributed-Collective
20,21,10,12,Distributed-Individual
20,14,18,12,Distributed-Collective
11,21,10,21,Distributed-Individual
11,14,18,21,Distributed-Collective
10,12,16,17,Distributed-Collective
12,22,8,17,Distributed-Individual
9,24,12,17,Hierarchical-Individual
19,12,16,12,Distributed-Collective
20,22,8,12,Distributed-Individual
17,24,12,12,Hierarchical-Individual
19,12,16,8,Distributed-Collective
20,22,8,8,Distributed-Individual
17,24,12,8,Hierarchical-Individual
10,12,16,25,Distributed-Collective
12,22,8,25,Distributed-Individual
9,24,12,25,Hierarchical-Individual
19,12,20,12,Distributed-Collective
20,22,12,12,Distributed-Individual
17,24,16,12,Hierarchical-Individual
19,12,12,12,Distributed-Collective
20,22,5,12,Distributed-Individual
17,24,8,12,Hierarchical-Individual
10,12,16,21,Distributed-Collective
12,22,8,21,Distributed-Individual
9,24,12,21,Hierarchical-Individual
10,12,16,21,Distributed-Collective
12,22,8,21,Distributed-Individual
9,24,12,21,Hierarchical-Individual
20,13,18,8,Hierarchical-Collective
19,23,10,8,Distributed-Individual
19,22,9,8,Hierarchical-Individual
20,23,12,8,Hierarchical-Collective
11,13,18,17,Hierarchical-Collective
10,23,10,17,Distributed-Individual
11,22,9,17,Hierarchical-Individual
11,23,12,17,Hierarchical-Collective
20,13,18,8,Hierarchical-Collective
19,23,10,8,Distributed-Individual
19,22,9,8,Hierarchical-Individual
20,23,12,8,Hierarchical-Collective
20,13,13,12,Hierarchical-Collective
19,23,6,12,Distributed-Individual
19,22,5,12,Hierarchical-Individual
20,23,8,12,Hierarchical-Collective
20,13,13,12,Hierarchical-Collective
19,23,6,12,Distributed-Individual
19,22,5,12,Hierarchical-Individual
20,23,8,12,Hierarchical-Collective
11,13,18,21,Hierarchical-Collective
10,23,10,21,Distributed-Individual
11,22,9,21,Hierarchical-Individual
11,23,12,21,Hierarchical-Collective
11,13,18,25,Hierarchical-Collective
10,23,10,25,Distributed-Individual
11,22,9,25,Hierarchical-Individual
11,23,12,25,Hierarchical-Collective
20,13,18,12,Hierarchical-Collective
19,23,10,12,Distributed-Individual
19,22,9,12,Hierarchical-Individual
20,23,12,12,Hierarchical-Collective
20,13,13,8,Hierarchical-Collective
19,23,6,8,Distributed-Individual
19,22,5,8,Hierarchical-Individual
20,23,8,8,Hierarchical-Collective
17,13,18,8,Hierarchical-Individual
17,13,14,12,Hierarchical-Individual
9,13,14,21,Hierarchical-Individual
17,13,18,12,Hierarchical-Individual
9,13,22,21,Hierarchical-Individual
17,23,16,12,Hierarchical-Individual
17,23,16,12,Hierarchical-Individual
9,23,16,17,Hierarchical-Individual
9,23,12,25,Hierarchical-Individual
9,23,12,21,Hierarchical-Individual
8,12,17,21,Hierarchical-Individual
8,12,12,21,Hierarchical-Individual
8,12,17,21,Hierarchical-Individual
8,12,17,21,Hierarchical-Individual
17,12,17,12,Hierarchical-Individual
8,12,17,21,Hierarchical-Individual
17,19,5,5,Distributed-Individual
17,22,10,8,Distributed-Collective
19,13,20,8,Distributed-Collective
9,19,5,12,Distributed-Individual
8,22,6,21,Distributed-Collective
11,13,16,21,Distributed-Collective
10,20,9,21,Distributed-Collective
12,12,17,21,Distributed-Collective
8,12,15,12,Hierarchical-Collective
10,20,9,21,Distributed-Collective
12,12,17,21,Distributed-Collective
8,12,15,12,Hierarchical-Collective
10,20,5,21,Distributed-Collective
12,12,12,21,Distributed-Collective
8,12,11,12,Hierarchical-Collective
10,20,9,25,Distributed-Collective
12,12,17,25,Distributed-Collective
8,12,15,17,Hierarchical-Collective
10,20,9,21,Distributed-Collective
12,12,17,21,Distributed-Collective
8,12,15,12,Hierarchical-Collective
18,20,13,8,Distributed-Collective
20,12,21,8,Distributed-Collective
16,12,20,5,Hierarchical-Collective
10,20,9,25,Distributed-Collective
12,12,17,25,Distributed-Collective
8,12,15,17,Hierarchical-Collective
18,20,5,12,Distributed-Collective
20,12,12,12,Distributed-Collective
16,12,11,5,Hierarchical-Collective
20,21,10,12,Distributed-Individual
18,23,11,5,Hierarchical-Individual
20,21,6,8,Distributed-Individual
18,23,7,5,Hierarchical-Individual
20,21,6,12,Distributed-Individual
18,23,7,5,Hierarchical-Individual
20,21,6,12,Distributed-Individual
18,23,7,5,Hierarchical-Individual
11,14,18,21,Hierarchical-Collective
12,12,19,21,Distributed-Individual
10,12,20,21,Hierarchical-Collective
11,14,18,25,Hierarchical-Collective
12,12,19,25,Distributed-Individual
10,12,20,25,Hierarchical-Collective
11,21,7,25,Hierarchical-Individual
11,14,15,25,Distributed-Collective
12,14,13,17,Distributed-Individual
13,21,7,17,Distributed-Collective
11,21,15,17,Hierarchical-Individual
11,14,23,17,Distributed-Collective
12,14,22,8,Distributed-Individual
13,21,15,8,Distributed-Collective
11,21,15,21,Hierarchical-Individual
11,14,23,21,Distributed-Collective
12,14,22,12,Distributed-Individual
13,21,15,12,Distributed-Collective
11,21,11,17,Hierarchical-Individual
11,14,19,17,Distributed-Collective
12,14,18,8,Distributed-Individual
13,21,11,8,Distributed-Collective
20,21,11,12,Hierarchical-Individual
19,14,19,12,Distributed-Collective
20,14,18,5,Distributed-Individual
21,21,11,5,Distributed-Collective
11,21,7,21,Hierarchical-Individual
11,14,15,21,Distributed-Collective
12,14,13,12,Distributed-Individual
13,21,7,12,Distributed-Collective
7,13,17,12,Distributed-Collective
16,13,21,5,Distributed-Collective
7,13,21,17,Distributed-Collective
7,13,17,17,Distributed-Collective
16,13,17,8,Distributed-Collective
10,21,11,17,Hierarchical-Individual
19,21,7,12,Hierarchical-Individual
10,21,5,25,Hierarchical-Individual
10,21,5,21,Hierarchical-Individual
9,12,20,17,Distributed-Individual
8,20,15,17,Distributed-Individual
10,12,19,8,Hierarchical-Individual
9,12,12,21,Distributed-Individual
8,20,7,21,Distributed-Individual
10,12,10,12,Hierarchical-Individual
17,12,20,12,Distributed-Individual
16,20,15,12,Distributed-Individual
18,12,19,5,Hierarchical-Individual
17,12,16,12,Distributed-Individual
16,20,11,12,Distributed-Individual
18,12,15,5,Hierarchical-Individual
9,12,16,25,Distributed-Individual
8,20,11,25,Distributed-Individual
10,12,15,17,Hierarchical-Individual
17,12,16,8,Distributed-Individual
16,20,11,8,Distributed-Individual
18,12,15,5,Hierarchical-Individual
17,12,16,12,Distributed-Individual
16,20,11,12,Distributed-Individual
18,12,15,5,Hierarchical-Individual
17,12,16,12,Distributed-Individual
16,20,11,12,Distributed-Individual
18,12,15,5,Hierarchical-Individual
10,14,19,21,Distributed-Individual
7,19,10,21,Hierarchical-Individual
10,23,10,21,Distributed-Individual
10,12,17,21,Distributed-Collective
7,13,18,21,Hierarchical-Individual
10,14,23,21,Distributed-Individual
7,19,15,21,Hierarchical-Individual
10,23,15,21,Distributed-Individual
10,12,21,21,Distributed-Collective
7,13,22,21,Hierarchical-Individual
18,14,19,8,Distributed-Individual
15,19,10,8,Hierarchical-Individual
18,23,10,8,Distributed-Individual
18,12,17,8,Distributed-Collective
15,13,18,8,Hierarchical-Individual
10,15,18,17,Hierarchical-Collective
8,23,10,25,Distributed-Collective
9,20,9,25,Hierarchical-Individual
10,12,19,17,Hierarchical-Collective
7,22,6,17,Hierarchical-Collective
8,13,20,17,Distributed-Collective
7,22,6,21,Hierarchical-Collective
8,13,20,21,Distributed-Collective
16,22,5,8,Hierarchical-Collective
16,13,15,8,Distributed-Collective
16,22,6,17,Hierarchical-Collective
16,13,20,17,Distributed-Collective
16,22,6,8,Hierarchical-Collective
16,13,20,8,Distributed-Collective
16,22,6,12,Hierarchical-Collective
16,13,20,12,Distributed-Collective
9,19,12,21,Hierarchical-Individual
8,10,19,21,Hierarchical-Collective
6,22,13,12,Hierarchical-Individual
18,19,12,12,Hierarchical-Individual
16,10,19,12,Hierarchical-Collective
14,22,13,5,Hierarchical-Individual
18,19,5,8,Hierarchical-Individual
16,10,11,8,Hierarchical-Collective
14,22,5,5,Hierarchical-Individual
9,19,8,17,Hierarchical-Individual
8,10,15,17,Hierarchical-Collective
6,22,9,8,Hierarchical-Individual
12,15,14,21,Hierarchical-Collective
10,22,8,21,Distributed-Individual
12,15,18,21,Hierarchical-Collective
10,22,12,21,Distributed-Individual
12,15,18,21,Hierarchical-Collective
10,22,12,21,Distributed-Individual
21,15,18,8,Hierarchical-Collective
19,22,12,8,Distributed-Individual
21,15,14,17,Hierarchical-Collective
19,22,8,17,Distributed-Individual
12,15,18,21,Hierarchical-Collective
10,22,12,21,Distributed-Individual
8,21,5,17,Hierarchical-Collective
8,22,5,17,Distributed-Individual
7,23,5,8,Hierarchical-Individual
17,21,6,17,Hierarchical-Collective
17,22,7,17,Distributed-Individual
15,23,9,8,Hierarchical-Individual
17,21,5,8,Hierarchical-Collective
17,22,5,8,Distributed-Individual
15,23,5,5,Hierarchical-Individual
18,12,20,12,Distributed-Collective
18,12,20,8,Distributed-Collective
10,12,24,17,Distributed-Collective
18,12,24,12,Distributed-Collective
10,12,20,17,Distributed-Collective
12,14,20,21,Distributed-Collective
8,11,13,12,Hierarchical-Collective
8,22,9,21,Hierarchical-Individual
8,20,8,21,Distributed-Individual
20,14,20,12,Distributed-Collective
16,11,13,5,Hierarchical-Collective
16,22,9,12,Hierarchical-Individual
16,20,8,12,Distributed-Individual
12,22,12,17,Distributed-Collective
15,22,11,17,Distributed-Individual
16,11,11,12,Distributed-Individual
20,21,5,12,Distributed-Collective
8,11,15,21,Distributed-Individual
11,21,5,21,Distributed-Collective
16,11,11,17,Distributed-Individual
20,21,5,17,Distributed-Collective
16,11,11,8,Distributed-Individual
20,21,5,8,Distributed-Collective
8,11,15,17,Distributed-Individual
11,21,5,17,Distributed-Collective
8,11,20,21,Distributed-Individual
11,21,10,21,Distributed-Collective
11,20,12,21,Hierarchical-Collective
12,21,7,12,Distributed-Collective
12,14,18,21,Hierarchical-Collective
19,20,12,12,Hierarchical-Collective
21,21,7,5,Distributed-Collective
20,14,18,12,Hierarchical-Collective
15,19,15,8,Hierarchical-Collective
19,21,15,5,Distributed-Individual
19,12,17,8,Hierarchical-Individual
17,19,12,5,Distributed-Collective
15,19,6,12,Hierarchical-Collective
19,21,7,5,Distributed-Individual
19,12,9,12,Hierarchical-Individual
17,19,5,5,Distributed-Collective
15,19,10,12,Hierarchical-Collective
19,21,11,5,Distributed-Individual
19,12,13,12,Hierarchical-Individual
17,19,8,5,Distributed-Collective
10,11,21,21,Hierarchical-Collective
19,15,18,5,Distributed-Individual
11,15,13,8,Distributed-Individual
19,15,18,5,Distributed-Individual
19,15,13,5,Distributed-Individual
11,15,18,12,Distributed-Individual
19,15,13,5,Distributed-Individual
11,21,5,21,Hierarchical-Individual
11,21,5,25,Hierarchical-Individual
20,21,5,17,Hierarchical-Individual
20,21,5,12,Hierarchical-Individual
20,21,5,8,Hierarchical-Individual
20,21,5,8,Hierarchical-Individual
11,21,5,17,Hierarchical-Individual
12,12,19,17,Distributed-Individual
9,21,10,17,Hierarchical-Individual
12,12,19,17,Distributed-Individual
9,21,10,17,Hierarchical-Individual
12,12,19,21,Distributed-Individual
9,21,10,21,Hierarchical-Individual
20,12,15,17,Distributed-Individual
17,21,6,17,Hierarchical-Individual
20,12,19,8,Distributed-Individual
17,21,10,8,Hierarchical-Individual
12,12,23,21,Distributed-Individual
9,21,14,21,Hierarchical-Individual
9,15,22,12,Distributed-Individual
10,15,22,21,Hierarchical-Individual
17,15,22,8,Distributed-Individual
18,15,22,17,Hierarchical-Individual
9,15,13,12,Distributed-Individual
10,15,13,21,Hierarchical-Individual
12,21,7,17,Distributed-Individual
11,20,7,8,Distributed-Collective
12,22,6,17,Distributed-Collective
10,19,5,8,Hierarchical-Individual
10,12,10,17,Distributed-Individual
12,21,15,21,Distributed-Individual
11,20,15,12,Distributed-Collective
12,22,14,21,Distributed-Collective
10,19,13,12,Hierarchical-Individual
10,12,18,21,Distributed-Individual
12,21,11,17,Distributed-Individual
11,20,11,8,Distributed-Collective
12,22,10,17,Distributed-Collective
10,19,9,8,Hierarchical-Individual
10,12,14,17,Distributed-Individual
21,21,11,8,Distributed-Individual
20,20,11,5,Distributed-Collective
20,22,10,8,Distributed-Collective
19,19,9,5,Hierarchical-Individual
18,12,14,8,Distributed-Individual
21,21,7,17,Distributed-Individual
20,20,7,8,Distributed-Collective
20,22,6,17,Distributed-Collective
19,19,5,8,Hierarchical-Individual
18,12,10,17,Distributed-Individual
16,11,13,8,Hierarchical-Collective
21,18,9,8,Distributed-Individual
17,19,7,8,Distributed-Collective
8,11,13,21,Hierarchical-Collective
12,18,9,21,Distributed-Individual
9,19,7,21,Distributed-Collective
16,11,13,12,Hierarchical-Collective
21,18,9,12,Distributed-Individual
17,19,7,12,Distributed-Collective
8,11,13,21,Hierarchical-Collective
12,18,9,21,Distributed-Individual
9,19,7,21,Distributed-Collective
8,21,12,25,Distributed-Individual
10,19,11,25,Distributed-Individual
16,21,16,12,Distributed-Individual
19,19,15,12,Distributed-Individual
8,21,12,17,Distributed-Individual
10,19,11,17,Distributed-Individual
16,21,12,8,Distributed-Individual
19,19,11,8,Distributed-Individual
8,21,12,21,Distributed-Individual
10,19,11,21,Distributed-Individual
13,19,13,21,Distributed-Individual
10,21,12,12,Hierarchical-Individual
11,21,15,12,Distributed-Collective
21,19,13,17,Distributed-Individual
19,21,12,8,Hierarchical-Individual
20,21,15,8,Distributed-Collective
21,19,9,12,Distributed-Individual
19,21,8,5,Hierarchical-Individual
20,21,11,5,Distributed-Collective
13,19,5,21,Distributed-Individual
10,21,5,12,Hierarchical-Individual
11,21,7,12,Distributed-Collective
8,21,10,21,Distributed-Collective
10,11,16,12,Distributed-Collective
11,11,13,21,Distributed-Collective
8,21,6,25,Distributed-Collective
10,11,12,17,Distributed-Collective
11,11,9,25,Distributed-Collective
8,21,6,21,Distributed-Collective
10,11,12,12,Distributed-Collective
11,11,9,21,Distributed-Collective
8,21,10,21,Distributed-Collective
10,11,16,12,Distributed-Collective
11,11,13,21,Distributed-Collective
17,21,10,12,Distributed-Collective
18,11,16,5,Distributed-Collective
19,11,13,12,Distributed-Collective
19,23,12,5,Distributed-Individual
18,24,11,12,Hierarchical-Collective
20,22,10,12,Distributed-Individual
19,23,16,8,Distributed-Individual
18,24,15,17,Hierarchical-Collective
20,22,14,17,Distributed-Individual
19,23,16,5,Distributed-Individual
18,24,15,12,Hierarchical-Collective
20,22,14,12,Distributed-Individual
11,23,12,17,Distributed-Individual
9,24,11,25,Hierarchical-Collective
11,22,10,25,Distributed-Individual
19,23,16,5,Distributed-Individual
18,24,15,12,Hierarchical-Collective
20,22,14,12,Distributed-Individual
15,21,12,12,Hierarchical-Individual
15,21,12,8,Hierarchical-Individual
11,11,18,21,Distributed-Collective
7,21,13,12,Hierarchical-Individual
12,11,20,12,Hierarchical-Collective
11,11,10,25,Distributed-Collective
7,21,5,17,Hierarchical-Individual
12,11,11,17,Hierarchical-Collective
11,11,14,21,Distributed-Collective
7,21,9,12,Hierarchical-Individual
12,11,15,12,Hierarchical-Collective
11,11,14,21,Distributed-Collective
7,21,9,12,Hierarchical-Individual
12,11,15,12,Hierarchical-Collective
11,11,14,21,Distributed-Collective
7,21,9,12,Hierarchical-Individual
12,11,15,12,Hierarchical-Collective
11,11,14,17,Distributed-Collective
7,21,9,8,Hierarchical-Individual
12,11,15,8,Hierarchical-Collective
11,11,10,25,Distributed-Collective
7,21,5,17,Hierarchical-Individual
12,11,11,17,Hierarchical-Collective
11,11,14,25,Distributed-Collective
7,21,9,17,Hierarchical-Individual
12,11,15,17,Hierarchical-Collective
7,22,5,21,Distributed-Collective
7,22,12,21,Distributed-Collective
15,16,20,5,Hierarchical-Collective
7,16,24,12,Hierarchical-Collective
7,16,20,12,Hierarchical-Collective
11,23,5,21,Distributed-Individual
19,23,6,12,Distributed-Individual
11,23,6,17,Distributed-Individual
17,22,8,17,Distributed-Individual
17,23,10,17,Distributed-Individual
9,22,12,21,Distributed-Individual
9,23,14,21,Distributed-Individual
9,22,8,25,Distributed-Individual
9,23,10,25,Distributed-Individual
9,22,12,21,Distributed-Individual
9,23,14,21,Distributed-Individual
9,22,12,21,Distributed-Individual
9,23,14,21,Distributed-Individual
9,22,8,21,Distributed-Individual
9,23,10,21,Distributed-Individual
17,22,8,12,Distributed-Individual
17,23,10,12,Distributed-Individual
17,22,5,8,Distributed-Individual
17,23,6,8,Distributed-Individual
17,22,8,12,Distributed-Individual
17,23,10,12,Distributed-Individual
9,22,8,17,Distributed-Individual
9,23,10,17,Distributed-Individual
10,25,12,21,Distributed-Individual
11,13,14,21,Hierarchical-Individual
10,25,17,17,Distributed-Individual
11,13,18,17,Hierarchical-Individual
10,25,12,21,Distributed-Individual
11,13,14,21,Hierarchical-Individual
10,25,17,25,Distributed-Individual
11,13,18,25,Hierarchical-Individual
19,25,12,17,Distributed-Individual
20,13,14,17,Hierarchical-Individual
10,25,12,17,Distributed-Individual
11,13,14,17,Hierarchical-Individual
18,24,12,5,Hierarchical-Individual
19,21,13,12,Distributed-Individual
10,24,5,17,Hierarchical-Individual
11,21,5,25,Distributed-Individual
10,24,12,12,Hierarchical-Individual
11,21,13,21,Distributed-Individual
10,24,8,12,Hierarchical-Individual
11,21,9,21,Distributed-Individual
10,24,8,17,Hierarchical-Individual
11,21,9,25,Distributed-Individual
18,24,8,5,Hierarchical-Individual
19,21,9,8,Distributed-Individual
9,21,5,21,Distributed-Individual
9,21,9,21,Distributed-Individual
19,24,12,8,Hierarchical-Collective
18,24,17,8,Distributed-Individual
16,12,23,8,Distributed-Collective
11,24,5,25,Hierarchical-Collective
10,24,8,25,Distributed-Individual
8,12,15,25,Distributed-Collective
11,24,12,21,Hierarchical-Collective
10,24,17,21,Distributed-Individual
8,12,23,21,Distributed-Collective
11,24,12,25,Hierarchical-Collective
10,24,17,25,Distributed-Individual
8,12,23,25,Distributed-Collective
21,15,21,8,Hierarchical-Collective
17,22,10,8,Hierarchical-Collective
18,16,12,5,Distributed-Collective
20,16,19,8,Distributed-Individual
12,15,21,17,Hierarchical-Collective
9,22,10,17,Hierarchical-Collective
9,16,12,8,Distributed-Collective
12,16,19,17,Distributed-Individual
6,18,12,25,Distributed-Collective
10,11,21,25,Distributed-Collective
9,18,10,25,Hierarchical-Individual
7,11,21,25,Hierarchical-Individual
6,18,16,25,Distributed-Collective
10,11,25,25,Distributed-Collective
9,18,15,25,Hierarchical-Individual
7,11,25,25,Hierarchical-Individual
6,18,12,25,Distributed-Collective
10,11,21,25,Distributed-Collective
9,18,10,25,Hierarchical-Individual
7,11,21,25,Hierarchical-Individual
16,22,5,8,Distributed-Collective
8,22,12,21,Distributed-Collective
8,22,8,17,Distributed-Collective
16,22,12,12,Distributed-Collective
8,22,8,17,Distributed-Collective
8,21,8,21,Hierarchical-Collective
16,21,5,8,Hierarchical-Collective
16,21,12,8,Hierarchical-Collective
8,21,8,21,Hierarchical-Collective
16,21,8,12,Hierarchical-Collective
8,21,8,17,Hierarchical-Collective
16,21,8,12,Hierarchical-Collective
16,21,8,8,Hierarchical-Collective
10,22,7,12,Hierarchical-Collective
13,13,18,12,Hierarchical-Individual
12,23,5,21,Distributed-Individual
12,24,10,21,Distributed-Individual
13,21,8,21,Hierarchical-Collective
11,14,14,21,Distributed-Individual
10,22,11,12,Hierarchical-Collective
13,13,22,12,Hierarchical-Individual
12,23,8,21,Distributed-Individual
12,24,14,21,Distributed-Individual
13,21,12,21,Hierarchical-Collective
11,14,18,21,Distributed-Individual
11,19,11,12,Hierarchical-Collective
19,20,13,12,Hierarchical-Collective
17,22,11,12,Distributed-Collective
15,20,9,12,Hierarchical-Individual
19,20,13,12,Hierarchical-Collective
17,22,11,12,Distributed-Collective
15,20,9,12,Hierarchical-Individual
11,20,13,25,Hierarchical-Collective
9,22,11,25,Distributed-Collective
7,20,9,25,Hierarchical-Individual
17,19,8,8,Hierarchical-Collective
9,19,12,8,Hierarchical-Collective
17,19,8,5,Hierarchical-Collective
9,19,12,12,Hierarchical-Collective
17,20,5,5,Distributed-Individual
9,20,5,12,Distributed-Individual
9,16,15,21,Hierarchical-Individual
11,21,10,21,Distributed-Collective
9,14,19,12,Hierarchical-Individual
7,15,20,21,Hierarchical-Collective
9,16,19,21,Hierarchical-Individual
11,21,14,21,Distributed-Collective
9,14,23,12,Hierarchical-Individual
7,15,24,21,Hierarchical-Collective
9,16,15,17,Hierarchical-Individual
11,21,10,17,Distributed-Collective
9,14,19,8,Hierarchical-Individual
7,15,20,17,Hierarchical-Collective
9,16,11,17,Hierarchical-Individual
11,21,5,17,Distributed-Collective
9,14,15,8,Hierarchical-Individual
7,15,15,17,Hierarchical-Collective
17,16,15,8,Hierarchical-Individual
19,21,10,8,Distributed-Collective
17,14,19,5,Hierarchical-Individual
15,15,20,8,Hierarchical-Collective
9,16,19,21,Hierarchical-Individual
11,21,14,21,Distributed-Collective
9,14,23,12,Hierarchical-Individual
7,15,24,21,Hierarchical-Collective
18,22,5,5,Distributed-Collective
9,22,5,12,Distributed-Collective
18,22,9,5,Distributed-Collective
9,22,5,12,Distributed-Collective
18,22,5,5,Distributed-Collective
18,22,5,12,Hierarchical-Individual
16,22,12,5,Hierarchical-Collective
18,22,5,12,Hierarchical-Individual
16,22,12,5,Hierarchical-Collective
18,22,9,8,Hierarchical-Individual
16,22,17,5,Hierarchical-Collective
18,22,5,12,Hierarchical-Individual
16,22,12,5,Hierarchical-Collective
18,22,9,12,Hierarchical-Individual
16,22,17,5,Hierarchical-Collective
17,12,17,5,Hierarchical-Collective
9,12,21,8,Hierarchical-Collective
9,12,12,12,Hierarchical-Collective
9,12,21,12,Hierarchical-Collective
10,21,5,17,Distributed-Collective
11,22,5,17,Distributed-Collective
10,21,5,25,Distributed-Collective
11,22,5,25,Distributed-Collective
10,21,10,17,Distributed-Collective
11,22,6,17,Distributed-Collective
10,21,14,17,Distributed-Collective
11,22,10,17,Distributed-Collective
10,21,10,21,Distributed-Collective
11,22,6,21,Distributed-Collective
10,21,10,21,Distributed-Collective
11,22,6,21,Distributed-Collective
10,21,14,17,Distributed-Collective
11,22,10,17,Distributed-Collective
18,21,10,12,Distributed-Collective
19,22,6,12,Distributed-Collective
21,13,20,8,Hierarchical-Individual
12,13,24,21,Hierarchical-Individual
19,24,13,5,Distributed-Collective
17,25,14,12,Distributed-Collective
18,13,22,12,Hierarchical-Collective
19,24,9,8,Distributed-Collective
17,25,10,17,Distributed-Collective
18,13,18,17,Hierarchical-Collective
11,24,9,12,Distributed-Collective
9,25,10,21,Distributed-Collective
10,13,18,21,Hierarchical-Collective
11,24,13,8,Distributed-Collective
9,25,14,17,Distributed-Collective
10,13,22,17,Hierarchical-Collective
11,14,18,17,Hierarchical-Individual
8,20,6,17,Distributed-Individual
11,16,15,17,Distributed-Collective
20,14,18,12,Hierarchical-Individual
17,20,6,12,Distributed-Individual
20,16,15,12,Distributed-Collective
11,14,14,21,Hierarchical-Individual
8,20,5,21,Distributed-Individual
11,16,11,21,Distributed-Collective
11,14,18,17,Hierarchical-Individual
8,20,6,17,Distributed-Individual
11,16,15,17,Distributed-Collective
20,14,18,12,Hierarchical-Individual
17,20,6,12,Distributed-Individual
20,16,15,12,Distributed-Collective
20,14,18,12,Hierarchical-Individual
17,20,6,12,Distributed-Individual
20,16,15,12,Distributed-Collective
11,14,18,25,Hierarchical-Individual
8,20,6,25,Distributed-Individual
11,16,15,25,Distributed-Collective
12,12,16,25,Hierarchical-Collective
11,18,5,25,Distributed-Collective
12,20,5,25,Distributed-Individual
8,19,5,25,Hierarchical-Collective
12,12,20,25,Hierarchical-Collective
11,18,7,25,Distributed-Collective
12,20,9,25,Distributed-Individual
8,19,8,25,Hierarchical-Collective
20,12,20,8,Hierarchical-Collective
19,18,7,8,Distributed-Collective
20,20,9,8,Distributed-Individual
16,19,8,8,Hierarchical-Collective
20,12,20,8,Hierarchical-Collective
19,18,7,8,Distributed-Collective
20,20,9,8,Distributed-Individual
16,19,8,8,Hierarchical-Collective
20,12,20,8,Hierarchical-Collective
19,18,7,8,Distributed-Collective
20,20,9,8,Distributed-Individual
16,19,8,8,Hierarchical-Collective
12,12,20,25,Hierarchical-Collective
11,18,7,25,Distributed-Collective
12,20,9,25,Distributed-Individual
8,19,8,25,Hierarchical-Collective
12,12,16,21,Hierarchical-Collective
11,18,5,21,Distributed-Collective
12,20,5,21,Distributed-Individual
8,19,5,21,Hierarchical-Collective
20,12,25,17,Hierarchical-Collective
19,18,11,17,Distributed-Collective
20,20,13,17,Distributed-Individual
16,19,12,17,Hierarchical-Collective
10,10,21,12,Distributed-Individual
15,10,13,21,Distributed-Collective
19,10,17,8,Distributed-Individual
23,10,9,17,Distributed-Collective
17,24,10,12,Hierarchical-Individual
9,24,14,25,Hierarchical-Individual
18,22,9,12,Hierarchical-Collective
17,13,13,5,Distributed-Collective
10,22,9,17,Hierarchical-Collective
9,13,13,8,Distributed-Collective
10,22,13,21,Hierarchical-Collective
9,13,18,12,Distributed-Collective
9,15,19,21,Distributed-Individual
9,15,15,21,Distributed-Individual
9,15,11,21,Distributed-Individual
11,12,14,17,Hierarchical-Individual
20,12,18,12,Hierarchical-Individual
11,12,10,21,Hierarchical-Individual
20,12,14,17,Hierarchical-Individual
20,12,14,12,Hierarchical-Individual
11,12,14,21,Hierarchical-Individual
11,12,18,21,Hierarchical-Individual
20,12,18,12,Hierarchical-Individual
9,18,12,25,Distributed-Individual
7,20,5,25,Hierarchical-Individual
18,18,16,12,Distributed-Individual
15,20,9,12,Hierarchical-Individual
9,18,16,21,Distributed-Individual
7,20,9,21,Hierarchical-Individual
9,18,16,21,Distributed-Individual
7,20,9,21,Hierarchical-Individual
9,18,8,21,Distributed-Individual
7,20,5,21,Hierarchical-Individual
18,18,12,12,Distributed-Individual
15,20,5,12,Hierarchical-Individual
9,18,12,25,Distributed-Individual
7,20,5,25,Hierarchical-Individual
18,18,12,12,Distributed-Individual
15,20,5,12,Hierarchical-Individual
9,18,12,21,Distributed-Individual
7,20,5,21,Hierarchical-Individual
9,18,12,25,Distributed-Individual
7,20,5,25,Hierarchical-Individual
9,18,16,25,Distributed-Individual
7,20,9,25,Hierarchical-Individual
10,22,5,17,Distributed-Collective
6,20,5,17,Distributed-Individual
18,22,10,8,Distributed-Collective
14,20,6,8,Distributed-Individual
10,22,5,25,Distributed-Collective
6,20,5,25,Distributed-Individual
10,22,10,21,Distributed-Collective
6,20,6,21,Distributed-Individual
19,14,25,5,Hierarchical-Individual
11,14,16,8,Hierarchical-Individual
19,14,16,8,Hierarchical-Individual
11,14,20,8,Hierarchical-Individual
17,23,11,17,Hierarchical-Collective
16,13,21,8,Hierarchical-Individual
16,24,10,17,Distributed-Collective
16,24,9,17,Hierarchical-Individual
16,21,10,17,Hierarchical-Individual
8,23,11,21,Hierarchical-Collective
8,13,21,12,Hierarchical-Individual
8,24,10,21,Distributed-Collective
8,24,9,21,Hierarchical-Individual
8,21,10,21,Hierarchical-Individual
17,23,7,8,Hierarchical-Collective
16,13,17,5,Hierarchical-Individual
16,24,6,8,Distributed-Collective
16,24,5,8,Hierarchical-Individual
16,21,6,8,Hierarchical-Individual
8,23,11,25,Hierarchical-Collective
8,13,21,17,Hierarchical-Individual
8,24,10,25,Distributed-Collective
8,24,9,25,Hierarchical-Individual
8,21,10,25,Hierarchical-Individual
10,20,10,17,Distributed-Individual
9,19,9,8,Hierarchical-Collective
9,21,6,8,Distributed-Individual
9,10,14,17,Hierarchical-Individual
18,20,14,12,Distributed-Individual
17,19,13,5,Hierarchical-Collective
17,21,10,5,Distributed-Individual
17,10,18,12,Hierarchical-Individual
10,20,14,17,Distributed-Individual
9,19,13,8,Hierarchical-Collective
9,21,10,8,Distributed-Individual
9,10,18,17,Hierarchical-Individual
10,20,10,17,Distributed-Individual
9,19,9,8,Hierarchical-Collective
9,21,6,8,Distributed-Individual
9,10,14,17,Hierarchical-Individual
11,11,24,21,Distributed-Collective
8,21,9,21,Distributed-Individual
11,11,24,25,Distributed-Collective
8,21,9,25,Distributed-Individual
11,11,24,17,Distributed-Collective
8,21,9,17,Distributed-Individual
11,11,20,25,Distributed-Collective
8,21,5,25,Distributed-Individual
19,11,15,12,Distributed-Collective
16,21,5,12,Distributed-Individual
19,11,15,8,Distributed-Collective
16,21,5,8,Distributed-Individual
19,11,15,12,Distributed-Collective
16,21,5,12,Distributed-Individual
19,11,24,8,Distributed-Collective
16,21,9,8,Distributed-Individual
11,11,15,17,Distributed-Collective
8,21,5,17,Distributed-Individual
19,11,20,12,Distributed-Collective
16,21,5,12,Distributed-Individual
17,20,11,5,Hierarchical-Collective
17,11,20,8,Distributed-Collective
9,20,15,12,Hierarchical-Collective
9,11,25,21,Distributed-Collective
9,20,11,17,Hierarchical-Collective
9,11,20,25,Distributed-Collective
17,20,15,5,Hierarchical-Collective
17,11,25,12,Distributed-Collective
9,20,11,8,Hierarchical-Collective
9,11,20,17,Distributed-Collective
9,20,11,12,Hierarchical-Collective
9,11,20,21,Distributed-Collective
9,20,15,17,Hierarchical-Collective
9,11,25,25,Distributed-Collective
17,20,15,8,Hierarchical-Collective
17,11,25,17,Distributed-Collective
9,20,15,12,Hierarchical-Collective
9,11,25,21,Distributed-Collective
12,14,10,17,Hierarchical-Individual
14,19,7,17,Distributed-Individual
21,14,14,12,Hierarchical-Individual
22,19,11,12,Distributed-Individual
8,24,12,8,Distributed-Collective
9,20,12,17,Hierarchical-Individual
15,21,10,17,Distributed-Individual
15,24,7,17,Distributed-Individual
18,13,20,8,Hierarchical-Individual
17,21,10,8,Hierarchical-Individual
7,21,14,25,Distributed-Individual
7,24,11,25,Distributed-Individual
9,13,25,17,Hierarchical-Individual
9,21,14,17,Hierarchical-Individual
15,21,6,8,Distributed-Individual
15,24,5,8,Distributed-Individual
18,13,16,5,Hierarchical-Individual
17,21,6,5,Hierarchical-Individual
7,21,6,17,Distributed-Individual
7,24,5,17,Distributed-Individual
9,13,16,8,Hierarchical-Individual
9,21,6,8,Hierarchical-Individual
15,21,10,17,Distributed-Individual
15,24,7,17,Distributed-Individual
18,13,20,8,Hierarchical-Individual
17,21,10,8,Hierarchical-Individual
7,21,10,17,Distributed-Individual
7,24,7,17,Distributed-Individual
9,13,20,8,Hierarchical-Individual
9,21,10,8,Hierarchical-Individual
15,21,10,17,Distributed-Individual
15,24,7,17,Distributed-Individual
18,13,20,8,Hierarchical-Individual
17,21,10,8,Hierarchical-Individual
18,10,21,12,Hierarchical-Collective
10,10,21,21,Hierarchical-Collective
18,19,5,12,Hierarchical-Individual
20,22,5,12,Distributed-Collective
10,19,10,17,Hierarchical-Individual
12,22,7,17,Distributed-Collective
18,19,10,17,Hierarchical-Individual
20,22,7,17,Distributed-Collective
18,19,10,8,Hierarchical-Individual
20,22,7,8,Distributed-Collective
10,19,10,21,Hierarchical-Individual
12,22,7,21,Distributed-Collective
10,19,10,21,Hierarchical-Individual
12,22,7,21,Distributed-Collective
14,22,12,21,Distributed-Individual
11,20,10,21,Hierarchical-Collective
17,22,15,12,Distributed-Individual
16,21,9,12,Distributed-Collective
9,22,7,17,Distributed-Individual
8,21,5,17,Distributed-Collective
9,22,11,21,Distributed-Individual
8,21,5,21,Distributed-Collective
17,22,15,12,Distributed-Individual
16,21,9,12,Distributed-Collective
9,22,11,17,Distributed-Individual
8,21,5,17,Distributed-Collective
17,22,11,12,Distributed-Individual
16,21,5,12,Distributed-Collective
17,22,11,12,Distributed-Individual
16,21,5,12,Distributed-Collective
9,22,7,25,Distributed-Individual
8,21,5,25,Distributed-Collective
9,22,11,17,Distributed-Individual
8,21,5,17,Distributed-Collective
17,22,11,17,Distributed-Individual
16,21,5,17,Distributed-Collective
7,21,5,21,Distributed-Individual
7,21,9,21,Distributed-Individual
16,21,5,8,Distributed-Individual
16,21,5,12,Distributed-Individual
7,21,9,25,Distributed-Individual
7,21,9,21,Distributed-Individual
16,21,9,12,Distributed-Individual
7,21,5,21,Distributed-Individual
16,21,5,12,Distributed-Individual
19,12,19,12,Hierarchical-Collective
10,12,15,17,Hierarchical-Collective
10,12,23,21,Hierarchical-Collective
10,12,23,21,Hierarchical-Collective
19,12,19,8,Hierarchical-Collective
10,12,15,21,Hierarchical-Collective
19,12,15,17,Hierarchical-Collective
14,22,10,12,Hierarchical-Individual
10,20,5,21,Hierarchical-Collective
10,20,6,21,Hierarchical-Collective
10,20,10,25,Hierarchical-Collective
10,20,6,25,Hierarchical-Collective
10,20,10,17,Hierarchical-Collective
18,13,15,5,Hierarchical-Collective
15,21,12,8,Hierarchical-Collective
18,13,15,5,Hierarchical-Collective
15,21,12,12,Hierarchical-Collective
18,13,11,5,Hierarchical-Collective
15,21,8,8,Hierarchical-Collective
10,13,15,17,Hierarchical-Collective
7,21,12,25,Hierarchical-Collective
19,12,18,17,Distributed-Collective
17,12,17,8,Distributed-Individual
20,21,11,17,Distributed-Individual
19,12,18,12,Distributed-Collective
17,12,17,5,Distributed-Individual
20,21,11,12,Distributed-Individual
19,12,18,17,Distributed-Collective
17,12,17,8,Distributed-Individual
20,21,11,17,Distributed-Individual
10,21,9,21,Hierarchical-Collective
10,21,9,21,Hierarchical-Collective
10,21,13,21,Hierarchical-Collective
18,21,5,12,Hierarchical-Collective
10,21,9,21,Hierarchical-Collective
10,21,9,21,Hierarchical-Collective
18,21,13,8,Hierarchical-Collective
10,21,9,17,Hierarchical-Collective
11,21,5,8,Distributed-Individual
10,22,5,8,Distributed-Individual
11,22,5,17,Distributed-Collective
19,21,5,8,Distributed-Individual
18,22,5,8,Distributed-Individual
20,22,8,17,Distributed-Collective
19,21,5,5,Distributed-Individual
18,22,5,5,Distributed-Individual
20,22,5,8,Distributed-Collective
9,18,5,21,Hierarchical-Collective
13,22,5,12,Hierarchical-Collective
9,18,12,25,Hierarchical-Collective
13,22,11,17,Hierarchical-Collective
17,18,12,12,Hierarchical-Collective
21,22,11,5,Hierarchical-Collective
9,18,8,25,Hierarchical-Collective
13,22,7,17,Hierarchical-Collective
9,21,12,21,Distributed-Individual
8,16,12,21,Hierarchical-Individual
9,21,8,17,Distributed-Individual
8,16,8,17,Hierarchical-Individual
9,21,8,21,Distributed-Individual
8,16,8,21,Hierarchical-Individual
9,21,8,17,Distributed-Individual
8,16,8,17,Hierarchical-Individual
18,21,12,12,Distributed-Individual
17,16,12,12,Hierarchical-Individual
9,21,16,17,Distributed-Individual
8,16,17,17,Hierarchical-Individual
18,21,8,12,Distributed-Individual
17,16,8,12,Hierarchical-Individual
9,21,12,21,Distributed-Individual
8,16,12,21,Hierarchical-Individual
7,20,12,21,Hierarchical-Individual
10,21,12,21,Distributed-Collective
9,13,19,12,Distributed-Individual
11,20,5,21,Hierarchical-Collective
7,19,7,21,Distributed-Collective
10,10,12,21,Hierarchical-Individual
7,20,12,25,Hierarchical-Individual
10,21,12,25,Distributed-Collective
9,13,19,17,Distributed-Individual
11,20,5,25,Hierarchical-Collective
7,19,7,25,Distributed-Collective
10,10,12,25,Hierarchical-Individual
7,20,12,21,Hierarchical-Individual
10,21,12,21,Distributed-Collective
9,13,19,12,Distributed-Individual
11,20,5,21,Hierarchical-Collective
7,19,7,21,Distributed-Collective
10,10,12,21,Hierarchical-Individual
15,20,8,8,Hierarchical-Individual
18,21,8,8,Distributed-Collective
17,13,15,5,Distributed-Individual
19,20,5,8,Hierarchical-Collective
15,19,5,8,Distributed-Collective
18,10,8,8,Hierarchical-Individual
7,20,8,21,Hierarchical-Individual
10,21,8,21,Distributed-Collective
9,13,15,12,Distributed-Individual
11,20,5,21,Hierarchical-Collective
7,19,5,21,Distributed-Collective
10,10,8,21,Hierarchical-Individual
10,13,15,8,Distributed-Collective
10,13,11,12,Distributed-Collective
10,13,15,17,Distributed-Collective
18,13,20,5,Distributed-Collective
10,13,15,17,Distributed-Collective
10,13,11,17,Distributed-Collective
10,13,15,12,Distributed-Collective
9,13,16,21,Hierarchical-Collective
9,13,20,17,Hierarchical-Collective
9,13,24,17,Hierarchical-Collective
9,13,16,21,Hierarchical-Collective
17,13,20,8,Hierarchical-Collective
17,13,20,12,Hierarchical-Collective
21,13,24,5,Hierarchical-Collective
22,21,13,12,Distributed-Collective
21,13,15,5,Hierarchical-Collective
22,21,5,12,Distributed-Collective
12,13,20,12,Hierarchical-Collective
13,21,9,21,Distributed-Collective
21,13,15,5,Hierarchical-Collective
22,21,5,12,Distributed-Collective
15,24,7,17,Hierarchical-Individual
16,24,9,17,Distributed-Collective
7,24,11,21,Hierarchical-Individual
7,24,13,21,Distributed-Collective
7,24,7,25,Hierarchical-Individual
7,24,9,25,Distributed-Collective
15,24,7,12,Hierarchical-Individual
16,24,9,12,Distributed-Collective
15,24,7,12,Hierarchical-Individual
16,24,9,12,Distributed-Collective
9,14,25,8,Distributed-Individual
9,16,19,8,Distributed-Collective
12,14,18,17,Distributed-Collective
9,14,21,12,Distributed-Individual
9,16,15,12,Distributed-Collective
12,14,14,21,Distributed-Collective
17,14,25,8,Distributed-Individual
17,16,19,8,Distributed-Collective
20,14,18,17,Distributed-Collective
9,14,25,17,Distributed-Individual
9,16,19,17,Distributed-Collective
12,14,18,25,Distributed-Collective
9,14,25,12,Distributed-Individual
9,16,19,12,Distributed-Collective
12,14,18,21,Distributed-Collective
22,21,6,12,Distributed-Collective
22,12,16,12,Hierarchical-Collective
9,19,5,17,Hierarchical-Individual
10,12,9,8,Distributed-Individual
9,19,9,21,Hierarchical-Individual
10,12,18,12,Distributed-Individual
9,19,5,17,Hierarchical-Individual
10,12,9,8,Distributed-Individual
9,19,5,21,Hierarchical-Individual
10,12,13,12,Distributed-Individual
17,19,5,12,Hierarchical-Individual
18,12,13,5,Distributed-Individual
9,19,9,21,Hierarchical-Individual
10,12,18,12,Distributed-Individual
10,24,10,25,Hierarchical-Individual
10,21,12,25,Distributed-Individual
18,24,6,12,Hierarchical-Individual
18,21,8,12,Distributed-Individual
10,24,15,17,Hierarchical-Individual
10,21,16,17,Distributed-Individual
18,24,15,12,Hierarchical-Individual
18,21,16,12,Distributed-Individual
19,12,17,12,Hierarchical-Collective
11,12,13,21,Hierarchical-Collective
19,12,17,8,Hierarchical-Collective
11,12,17,17,Hierarchical-Collective
11,12,13,21,Hierarchical-Collective
19,12,17,8,Hierarchical-Collective
11,12,17,25,Hierarchical-Collective
9,20,9,25,Hierarchical-Individual
9,20,5,21,Hierarchical-Individual
9,20,9,21,Hierarchical-Individual
17,20,5,17,Hierarchical-Individual
17,20,5,12,Hierarchical-Individual
17,20,5,17,Hierarchical-Individual
8,14,18,17,Distributed-Individual
8,21,16,25,Distributed-Individual
16,14,14,8,Distributed-Individual
16,21,12,17,Distributed-Individual
16,14,14,5,Distributed-Individual
16,21,12,8,Distributed-Individual
9,13,16,12,Hierarchical-Individual
10,19,8,21,Hierarchical-Individual
7,13,17,21,Hierarchical-Individual
9,13,12,12,Hierarchical-Individual
10,19,5,21,Hierarchical-Individual
7,13,13,21,Hierarchical-Individual
9,13,12,12,Hierarchical-Individual
10,19,5,21,Hierarchical-Individual
7,13,13,21,Hierarchical-Individual
9,13,12,17,Hierarchical-Individual
10,19,5,25,Hierarchical-Individual
7,13,13,25,Hierarchical-Individual
12,23,11,17,Hierarchical-Individual
11,12,18,8,Distributed-Collective
9,14,22,8,Distributed-Individual
10,22,10,8,Hierarchical-Individual
9,18,10,17,Distributed-Collective
8,21,10,17,Hierarchical-Collective
9,13,14,17,Hierarchical-Individual
9,18,6,25,Distributed-Collective
8,21,5,25,Hierarchical-Collective
9,13,10,25,Hierarchical-Individual
9,18,10,21,Distributed-Collective
8,21,10,21,Hierarchical-Collective
9,13,14,21,Hierarchical-Individual
17,18,10,8,Distributed-Collective
16,21,10,8,Hierarchical-Collective
17,13,14,8,Hierarchical-Individual
11,14,16,12,Distributed-Collective
11,23,8,21,Hierarchical-Collective
14,23,8,21,Hierarchical-Individual
11,23,10,12,Hierarchical-Collective
12,22,10,21,Distributed-Individual
9,22,12,12,Hierarchical-Individual
20,14,20,5,Distributed-Collective
19,23,12,8,Hierarchical-Collective
22,23,12,8,Hierarchical-Individual
19,23,15,5,Hierarchical-Collective
21,22,14,8,Distributed-Individual
18,22,16,5,Hierarchical-Individual
11,14,12,12,Distributed-Collective
11,23,5,21,Hierarchical-Collective
14,23,5,21,Hierarchical-Individual
11,23,6,12,Hierarchical-Collective
12,22,5,21,Distributed-Individual
9,22,8,12,Hierarchical-Individual
10,13,20,21,Distributed-Collective
13,22,6,12,Hierarchical-Individual
15,13,16,12,Distributed-Collective
20,20,6,8,Hierarchical-Collective
21,18,7,5,Hierarchical-Collective
20,13,12,5,Hierarchical-Collective
20,20,6,8,Hierarchical-Collective
21,18,7,5,Hierarchical-Collective
20,13,12,5,Hierarchical-Collective
12,20,5,21,Hierarchical-Collective
13,18,5,12,Hierarchical-Collective
12,13,8,12,Hierarchical-Collective
12,20,6,25,Hierarchical-Collective
13,18,7,17,Hierarchical-Collective
12,13,12,17,Hierarchical-Collective
20,20,6,12,Hierarchical-Collective
21,18,7,5,Hierarchical-Collective
20,13,12,5,Hierarchical-Collective
20,20,6,8,Hierarchical-Collective
21,18,7,5,Hierarchical-Collective
20,13,12,5,Hierarchical-Collective
12,20,5,21,Hierarchical-Collective
13,18,5,12,Hierarchical-Collective
12,13,8,12,Hierarchical-Collective
19,15,17,17,Distributed-Collective
19,23,10,8,Hierarchical-Individual
11,15,8,21,Distributed-Collective
10,23,5,12,Hierarchical-Individual
11,15,8,17,Distributed-Collective
10,23,5,8,Hierarchical-Individual
19,15,12,12,Distributed-Collective
19,23,5,5,Hierarchical-Individual
19,15,12,8,Distributed-Collective
19,23,5,5,Hierarchical-Individual
8,15,20,12,Distributed-Individual
8,13,14,12,Hierarchical-Collective
8,15,20,12,Distributed-Individual
8,13,14,12,Hierarchical-Collective
8,15,24,12,Distributed-Individual
8,13,18,12,Hierarchical-Collective
8,15,20,12,Distributed-Individual
8,13,14,12,Hierarchical-Collective
9,11,15,17,Distributed-Individual
9,11,19,25,Distributed-Individual
9,11,10,17,Distributed-Individual
18,14,17,8,Distributed-Individual
18,22,6,8,Distributed-Individual
16,25,8,17,Hierarchical-Individual
17,24,9,17,Hierarchical-Individual
17,23,15,17,Distributed-Collective
8,25,5,25,Hierarchical-Individual
8,24,5,25,Hierarchical-Individual
9,23,11,25,Distributed-Collective
8,25,8,21,Hierarchical-Individual
8,24,9,21,Hierarchical-Individual
9,23,15,21,Distributed-Collective
10,22,6,8,Distributed-Individual
11,23,5,8,Distributed-Individual
19,22,10,5,Distributed-Individual
20,23,7,5,Distributed-Individual
19,22,10,5,Distributed-Individual
20,23,7,5,Distributed-Individual
19,22,10,5,Distributed-Individual
20,23,7,5,Distributed-Individual
10,22,10,12,Distributed-Individual
11,23,7,12,Distributed-Individual
16,14,18,12,Distributed-Individual
20,20,13,5,Hierarchical-Individual
16,14,14,17,Distributed-Individual
20,20,9,8,Hierarchical-Individual
16,14,18,12,Distributed-Individual
20,20,13,5,Hierarchical-Individual
16,14,10,12,Distributed-Individual
20,20,5,5,Hierarchical-Individual
8,14,18,21,Distributed-Individual
12,20,13,12,Hierarchical-Individual
8,14,14,17,Distributed-Individual
12,20,9,8,Hierarchical-Individual
16,14,10,12,Distributed-Individual
20,20,5,5,Hierarchical-Individual
9,23,11,17,Distributed-Individual
9,23,7,21,Distributed-Individual
19,16,21,12,Distributed-Collective
19,20,12,12,Hierarchical-Individual
11,16,17,21,Distributed-Collective
11,20,8,21,Hierarchical-Individual
11,16,12,17,Distributed-Collective
11,20,5,17,Hierarchical-Individual
11,16,17,21,Distributed-Collective
11,20,8,21,Hierarchical-Individual
16,24,13,8,Distributed-Collective
17,13,25,8,Hierarchical-Collective
19,24,16,17,Distributed-Individual
17,24,15,17,Hierarchical-Individual
8,24,9,8,Distributed-Collective
9,13,20,8,Hierarchical-Collective
10,24,12,17,Distributed-Individual
8,24,11,17,Hierarchical-Individual
16,24,9,5,Distributed-Collective
17,13,20,5,Hierarchical-Collective
19,24,12,8,Distributed-Individual
17,24,11,8,Hierarchical-Individual
8,24,5,12,Distributed-Collective
9,13,16,12,Hierarchical-Collective
10,24,8,21,Distributed-Individual
8,24,7,21,Hierarchical-Individual
8,24,9,12,Distributed-Collective
9,13,20,12,Hierarchical-Collective
10,24,12,21,Distributed-Individual
8,24,11,21,Hierarchical-Individual
10,23,5,21,Hierarchical-Collective
10,23,5,21,Hierarchical-Collective
10,23,5,21,Hierarchical-Collective
18,23,13,12,Hierarchical-Collective
10,23,13,21,Hierarchical-Collective
18,23,9,17,Hierarchical-Collective
12,22,7,21,Hierarchical-Collective
13,22,5,21,Distributed-Individual
9,14,10,12,Hierarchical-Individual
20,22,15,17,Hierarchical-Collective
21,22,8,17,Distributed-Individual
17,14,19,8,Hierarchical-Individual
9,18,10,12,Distributed-Individual
7,19,9,21,Distributed-Individual
11,10,21,12,Hierarchical-Individual
8,11,20,21,Distributed-Collective
9,18,10,12,Distributed-Individual
7,19,9,21,Distributed-Individual
11,10,21,12,Hierarchical-Individual
8,11,20,21,Distributed-Collective
9,18,6,8,Distributed-Individual
7,19,5,17,Distributed-Individual
11,10,17,8,Hierarchical-Individual
8,11,15,17,Distributed-Collective
15,13,19,12,Distributed-Collective
6,13,15,21,Distributed-Collective
6,13,19,17,Distributed-Collective
15,13,23,12,Distributed-Collective
15,13,15,12,Distributed-Collective
15,13,23,17,Distributed-Collective
6,13,19,17,Distributed-Collective
6,13,15,21,Distributed-Collective
6,13,19,17,Distributed-Collective
19,21,5,8,Distributed-Collective
18,14,17,8,Hierarchical-Collective
15,16,15,17,Hierarchical-Collective
20,20,8,12,Distributed-Collective
19,23,12,12,Distributed-Individual
19,21,11,12,Distributed-Individual
12,20,5,25,Distributed-Collective
11,23,8,25,Distributed-Individual
11,21,7,25,Distributed-Individual
12,20,8,21,Distributed-Collective
11,23,12,21,Distributed-Individual
11,21,11,21,Distributed-Individual
12,20,8,21,Distributed-Collective
11,23,12,21,Distributed-Individual
11,21,11,21,Distributed-Individual
12,20,8,21,Distributed-Collective
11,23,12,21,Distributed-Individual
11,21,11,21,Distributed-Individual
8,19,11,25,Distributed-Collective
8,19,11,21,Distributed-Collective
16,19,15,17,Distributed-Collective
17,21,11,8,Distributed-Collective
17,15,25,8,Hierarchical-Collective
18,13,19,5,Distributed-Individual
8,21,5,17,Distributed-Collective
8,15,17,17,Hierarchical-Collective
9,13,10,8,Distributed-Individual
5,20,12,21,Distributed-Collective
7,14,22,8,Hierarchical-Collective
15,14,18,8,Hierarchical-Collective
7,14,14,17,Hierarchical-Collective
18,23,11,12,Distributed-Individual
9,23,11,17,Distributed-Individual
9,23,11,17,Distributed-Individual
9,23,11,25,Distributed-Individual
9,23,7,17,Distributed-Individual
12,15,19,12,Hierarchical-Individual
10,12,17,21,Hierarchical-Individual
10,21,12,21,Hierarchical-Individual
12,15,15,12,Hierarchical-Individual
10,12,12,21,Hierarchical-Individual
10,21,8,21,Hierarchical-Individual
12,15,11,8,Hierarchical-Individual
10,12,8,17,Hierarchical-Individual
10,21,5,17,Hierarchical-Individual
20,15,11,5,Hierarchical-Individual
19,12,8,12,Hierarchical-Individual
18,21,5,12,Hierarchical-Individual
12,20,5,12,Hierarchical-Individual
12,20,5,12,Hierarchical-Individual
12,20,5,12,Hierarchical-Individual
12,20,5,12,Hierarchical-Individual
12,20,5,12,Hierarchical-Individual
12,20,5,8,Hierarchical-Individual
12,20,9,12,Hierarchical-Individual
18,21,17,8,Distributed-Individual
12,21,7,8,Hierarchical-Collective
12,21,11,12,Hierarchical-Collective
21,21,15,8,Hierarchical-Collective
12,21,11,12,Hierarchical-Collective
12,21,15,8,Hierarchical-Collective
21,21,15,5,Hierarchical-Collective
9,12,15,21,Distributed-Individual
6,20,11,21,Distributed-Collective
5,19,9,21,Hierarchical-Individual
8,14,13,21,Hierarchical-Individual
10,21,5,12,Hierarchical-Individual
19,12,16,17,Hierarchical-Individual
18,23,12,17,Hierarchical-Individual
19,12,12,12,Hierarchical-Individual
18,23,8,12,Hierarchical-Individual
11,12,12,21,Hierarchical-Individual
10,23,8,21,Hierarchical-Individual
19,12,16,17,Hierarchical-Individual
18,23,12,17,Hierarchical-Individual
20,14,19,12,Hierarchical-Collective
16,22,12,12,Hierarchical-Individual
16,22,12,5,Hierarchical-Collective
11,14,19,17,Hierarchical-Collective
8,22,12,17,Hierarchical-Individual
8,22,12,8,Hierarchical-Collective
11,14,19,21,Hierarchical-Collective
8,22,12,21,Hierarchical-Individual
8,22,12,12,Hierarchical-Collective
20,14,15,12,Hierarchical-Collective
16,22,8,12,Hierarchical-Individual
16,22,8,5,Hierarchical-Collective
11,14,10,17,Hierarchical-Collective
8,22,5,17,Hierarchical-Individual
8,22,5,8,Hierarchical-Collective
11,14,15,25,Hierarchical-Collective
8,22,8,25,Hierarchical-Individual
8,22,8,17,Hierarchical-Collective
11,14,15,17,Hierarchical-Collective
8,22,8,17,Hierarchical-Individual
8,22,8,8,Hierarchical-Collective
12,14,13,17,Distributed-Collective
12,21,6,17,Hierarchical-Individual
12,14,17,25,Distributed-Collective
12,21,10,25,Hierarchical-Individual
12,14,9,21,Distributed-Collective
12,21,5,21,Hierarchical-Individual
11,24,10,21,Distributed-Individual
20,24,15,5,Distributed-Individual
17,16,23,8,Distributed-Individual
12,24,15,17,Distributed-Individual
9,16,23,25,Distributed-Individual
17,22,7,8,Distributed-Collective
16,19,5,8,Distributed-Individual
17,22,7,12,Distributed-Collective
16,19,5,12,Distributed-Individual
9,22,11,21,Distributed-Collective
7,19,9,21,Distributed-Individual
9,22,5,25,Distributed-Collective
7,19,5,25,Distributed-Individual
17,22,5,12,Distributed-Collective
16,19,5,12,Distributed-Individual
9,22,7,25,Distributed-Collective
7,19,5,25,Distributed-Individual
10,12,13,12,Hierarchical-Collective
7,14,18,12,Distributed-Collective
9,23,11,21,Hierarchical-Collective
19,12,13,5,Hierarchical-Collective
15,14,18,5,Distributed-Collective
17,23,11,12,Hierarchical-Collective
10,12,13,17,Hierarchical-Collective
7,14,18,17,Distributed-Collective
9,23,11,25,Hierarchical-Collective
19,12,13,5,Hierarchical-Collective
15,14,18,5,Distributed-Collective
17,23,11,12,Hierarchical-Collective
10,12,13,8,Hierarchical-Collective
7,14,18,8,Distributed-Collective
9,23,11,17,Hierarchical-Collective
20,19,10,5,Distributed-Individual
12,19,10,12,Distributed-Individual
20,19,10,5,Distributed-Individual
11,20,5,8,Distributed-Collective
19,20,5,5,Distributed-Collective
10,21,7,17,Hierarchical-Collective
9,21,5,17,Distributed-Collective
8,12,14,17,Hierarchical-Individual
7,21,5,17,Hierarchical-Collective
19,21,11,8,Hierarchical-Collective
17,21,9,8,Distributed-Collective
16,12,18,8,Hierarchical-Individual
16,21,8,8,Hierarchical-Collective
10,21,7,25,Hierarchical-Collective
9,21,5,25,Distributed-Collective
8,12,14,25,Hierarchical-Individual
7,21,5,25,Hierarchical-Collective
19,21,11,12,Hierarchical-Collective
17,21,9,12,Distributed-Collective
16,12,18,12,Hierarchical-Individual
16,21,8,12,Hierarchical-Collective
14,20,17,25,Hierarchical-Individual
13,12,18,25,Hierarchical-Individual
12,19,11,17,Hierarchical-Individual
12,18,9,25,Distributed-Collective
11,13,18,25,Distributed-Individual
22,20,12,17,Hierarchical-Individual
21,12,13,17,Hierarchical-Individual
20,19,7,8,Hierarchical-Individual
20,18,5,17,Distributed-Collective
20,13,13,17,Distributed-Individual
10,20,15,21,Distributed-Collective
10,20,15,21,Distributed-Collective
16,11,18,12,Distributed-Individual
18,11,20,12,Hierarchical-Individual
8,11,10,25,Distributed-Individual
9,11,11,25,Hierarchical-Individual
8,11,10,21,Distributed-Individual
9,11,11,21,Hierarchical-Individual
8,11,14,21,Distributed-Individual
9,11,15,21,Hierarchical-Individual
8,11,18,21,Distributed-Individual
9,11,20,21,Hierarchical-Individual
8,11,18,25,Distributed-Individual
9,11,20,25,Hierarchical-Individual
15,20,5,17,Hierarchical-Collective
15,20,8,21,Hierarchical-Collective
23,20,8,8,Hierarchical-Collective
20,20,6,12,Hierarchical-Collective
21,20,7,12,Hierarchical-Individual
20,20,6,12,Hierarchical-Collective
21,20,7,12,Hierarchical-Individual
20,20,10,12,Hierarchical-Collective
21,20,11,12,Hierarchical-Individual
20,20,10,12,Hierarchical-Collective
21,20,11,12,Hierarchical-Individual
8,13,10,17,Distributed-Collective
16,13,15,17,Distributed-Collective
8,13,15,25,Distributed-Collective
16,13,15,12,Distributed-Collective
8,13,15,21,Distributed-Collective
16,13,15,8,Distributed-Collective
11,20,13,21,Distributed-Collective
10,12,24,21,Distributed-Collective
9,15,24,21,Hierarchical-Collective
11,20,9,17,Distributed-Collective
10,12,20,17,Distributed-Collective
9,15,20,17,Hierarchical-Collective
11,20,9,21,Distributed-Collective
10,12,20,21,Distributed-Collective
9,15,20,21,Hierarchical-Collective
11,20,5,21,Distributed-Collective
10,12,15,21,Distributed-Collective
9,15,16,21,Hierarchical-Collective
20,20,9,12,Distributed-Collective
18,12,20,12,Distributed-Collective
17,15,20,12,Hierarchical-Collective
11,20,13,25,Distributed-Collective
10,12,24,25,Distributed-Collective
9,15,24,25,Hierarchical-Collective
11,20,9,21,Distributed-Collective
10,12,20,21,Distributed-Collective
9,15,20,21,Hierarchical-Collective
11,20,9,25,Distributed-Collective
10,12,20,25,Distributed-Collective
9,15,20,25,Hierarchical-Collective
11,20,9,25,Distributed-Collective
10,12,20,25,Distributed-Collective
9,15,20,25,Hierarchical-Collective
18,14,20,8,Distributed-Collective
16,23,5,5,Distributed-Collective
18,14,24,8,Distributed-Collective
16,23,9,5,Distributed-Collective
9,14,24,21,Distributed-Collective
8,23,9,12,Distributed-Collective
18,14,16,12,Distributed-Collective
16,23,5,5,Distributed-Collective
16,12,15,5,Distributed-Individual
17,12,15,8,Distributed-Collective
12,13,19,21,Distributed-Collective
20,13,15,8,Distributed-Collective
19,11,20,8,Distributed-Individual
15,11,22,8,Distributed-Collective
10,11,16,21,Distributed-Individual
7,11,18,21,Distributed-Collective
19,11,16,12,Distributed-Individual
15,11,18,12,Distributed-Collective
19,11,12,8,Distributed-Individual
15,11,13,8,Distributed-Collective
21,16,17,12,Distributed-Collective
21,23,8,12,Distributed-Individual
12,16,21,21,Distributed-Collective
13,23,12,21,Distributed-Individual
21,16,17,12,Distributed-Collective
21,23,8,12,Distributed-Individual
21,16,17,12,Distributed-Collective
21,23,8,12,Distributed-Individual
14,22,12,12,Hierarchical-Collective
9,12,24,21,Distributed-Individual
9,21,14,21,Distributed-Collective
9,12,16,17,Distributed-Individual
9,21,5,17,Distributed-Collective
9,12,20,17,Distributed-Individual
9,21,10,17,Distributed-Collective
18,12,20,8,Distributed-Individual
18,21,10,8,Distributed-Collective
9,12,20,17,Distributed-Individual
9,21,10,17,Distributed-Collective
9,12,20,25,Distributed-Individual
9,21,10,25,Distributed-Collective
9,12,16,25,Distributed-Individual
9,21,5,25,Distributed-Collective
18,20,6,5,Hierarchical-Individual
10,20,6,8,Hierarchical-Individual
10,20,6,8,Hierarchical-Individual
11,22,11,21,Distributed-Collective
9,10,24,21,Hierarchical-Collective
8,21,17,25,Distributed-Individual
12,12,19,25,Distributed-Collective
8,21,17,21,Distributed-Individual
12,12,19,21,Distributed-Collective
16,21,17,8,Distributed-Individual
20,12,19,8,Distributed-Collective
12,22,5,12,Distributed-Collective
20,22,5,8,Distributed-Collective
16,10,15,17,Distributed-Collective
16,19,6,17,Distributed-Individual
16,10,19,12,Distributed-Collective
16,19,10,12,Distributed-Individual
16,10,15,8,Distributed-Collective
16,19,6,8,Distributed-Individual
16,10,15,12,Distributed-Collective
16,19,6,12,Distributed-Individual
16,10,11,17,Distributed-Collective
16,19,5,17,Distributed-Individual
20,22,6,12,Hierarchical-Collective
20,22,10,5,Distributed-Collective
11,22,5,17,Hierarchical-Collective
12,22,6,8,Distributed-Collective
21,22,6,12,Distributed-Collective
18,16,20,12,Distributed-Collective
21,22,5,12,Distributed-Collective
18,16,15,12,Distributed-Collective
13,22,6,21,Distributed-Collective
9,16,20,21,Distributed-Collective
12,22,6,21,Distributed-Individual
11,14,15,12,Hierarchical-Individual
12,19,11,21,Distributed-Individual
10,22,5,12,Hierarchical-Individual
20,22,10,8,Distributed-Individual
20,14,19,5,Hierarchical-Individual
20,19,15,8,Distributed-Individual
18,22,8,5,Hierarchical-Individual
20,22,10,17,Distributed-Individual
20,14,19,8,Hierarchical-Individual
20,19,15,17,Distributed-Individual
18,22,8,8,Hierarchical-Individual
19,14,14,12,Distributed-Collective
19,22,12,5,Hierarchical-Collective
21,16,18,8,Hierarchical-Individual
18,21,17,5,Distributed-Collective
20,23,15,8,Hierarchical-Individual
19,13,23,8,Hierarchical-Collective
21,16,14,8,Hierarchical-Individual
18,21,12,5,Distributed-Collective
20,23,11,8,Hierarchical-Individual
19,13,19,8,Hierarchical-Collective
16,20,10,12,Distributed-Individual
16,20,10,8,Distributed-Individual
8,20,14,21,Distributed-Individual
8,20,10,17,Distributed-Individual
8,20,10,25,Distributed-Individual
16,20,5,12,Distributed-Individual
9,21,9,21,Hierarchical-Collective
6,23,5,21,Distributed-Collective
18,21,9,12,Hierarchical-Collective
15,23,5,12,Distributed-Collective
18,21,5,8,Hierarchical-Collective
15,23,5,8,Distributed-Collective
7,23,12,17,Hierarchical-Individual
9,21,12,17,Distributed-Individual
8,15,20,17,Hierarchical-Individual
9,22,12,17,Hierarchical-Collective
7,23,8,21,Hierarchical-Individual
9,21,8,21,Distributed-Individual
8,15,16,21,Hierarchical-Individual
9,22,8,21,Hierarchical-Collective
7,23,12,17,Hierarchical-Individual
9,21,12,17,Distributed-Individual
8,15,20,17,Hierarchical-Individual
9,22,12,17,Hierarchical-Collective
16,23,12,17,Hierarchical-Individual
17,21,12,17,Distributed-Individual
16,15,20,17,Hierarchical-Individual
17,22,12,17,Hierarchical-Collective
18,19,8,17,Hierarchical-Collective
21,12,8,8,Hierarchical-Individual
10,19,12,25,Hierarchical-Collective
13,12,12,17,Hierarchical-Individual
11,23,10,17,Distributed-Individual
7,24,14,8,Distributed-Collective
19,23,5,8,Distributed-Individual
15,24,10,5,Distributed-Collective
11,23,5,21,Distributed-Individual
7,24,5,12,Distributed-Collective
19,23,5,12,Distributed-Individual
15,24,10,5,Distributed-Collective
10,21,5,25,Distributed-Individual
18,21,5,12,Distributed-Individual
10,21,5,17,Distributed-Individual
18,21,9,17,Distributed-Individual
10,21,5,17,Distributed-Individual
11,14,22,25,Hierarchical-Collective
11,24,9,25,Hierarchical-Individual
11,12,17,21,Distributed-Individual
11,13,14,12,Hierarchical-Collective
11,12,21,21,Distributed-Individual
11,13,18,12,Hierarchical-Collective
16,13,14,5,Distributed-Collective
16,12,14,12,Hierarchical-Individual
16,13,18,8,Distributed-Collective
16,12,18,17,Hierarchical-Individual
8,13,18,8,Distributed-Collective
8,12,18,17,Hierarchical-Individual
16,13,18,5,Distributed-Collective
16,12,18,12,Hierarchical-Individual
8,13,22,12,Distributed-Collective
8,12,22,21,Hierarchical-Individual
8,13,14,12,Distributed-Collective
8,12,14,21,Hierarchical-Individual
16,12,25,5,Hierarchical-Collective
8,12,21,12,Hierarchical-Collective
16,12,25,8,Hierarchical-Collective
16,12,21,5,Hierarchical-Collective
8,12,21,12,Hierarchical-Collective
8,12,17,17,Hierarchical-Collective
8,23,8,21,Distributed-Individual
10,24,6,21,Hierarchical-Individual
8,23,8,21,Distributed-Individual
10,24,6,21,Hierarchical-Individual
8,23,8,25,Distributed-Individual
10,24,6,25,Hierarchical-Individual
8,23,8,17,Distributed-Individual
10,24,6,17,Hierarchical-Individual
17,23,12,12,Distributed-Individual
18,24,10,12,Hierarchical-Individual
20,23,8,5,Distributed-Individual
16,22,13,12,Distributed-Individual
6,20,12,8,Distributed-Individual
5,20,12,17,Distributed-Individual
9,21,5,17,Distributed-Individual
12,22,5,17,Distributed-Individual
10,12,13,17,Hierarchical-Collective
12,14,9,17,Distributed-Collective
9,19,5,17,Hierarchical-Collective
13,10,16,17,Distributed-Collective
8,20,5,8,Hierarchical-Collective
19,22,10,12,Hierarchical-Collective
17,23,11,12,Distributed-Collective
16,11,21,12,Distributed-Individual
18,23,5,5,Distributed-Individual
21,13,19,12,Distributed-Individual
20,14,19,5,Distributed-Individual
9,23,15,25,Distributed-Collective
8,11,25,25,Distributed-Individual
9,23,9,17,Distributed-Individual
13,13,23,25,Distributed-Individual
12,14,23,17,Distributed-Individual
9,23,11,17,Distributed-Collective
8,11,21,17,Distributed-Individual
9,23,5,8,Distributed-Individual
13,13,19,17,Distributed-Individual
12,14,19,8,Distributed-Individual
17,23,15,12,Distributed-Collective
16,11,25,12,Distributed-Individual
18,23,9,5,Distributed-Individual
21,13,23,12,Distributed-Individual
20,14,23,5,Distributed-Individual
17,23,15,17,Distributed-Collective
16,11,25,17,Distributed-Individual
18,23,9,8,Distributed-Individual
21,13,23,17,Distributed-Individual
20,14,23,8,Distributed-Individual
17,23,11,8,Distributed-Collective
16,11,21,8,Distributed-Individual
18,23,5,5,Distributed-Individual
21,13,19,8,Distributed-Individual
20,14,19,5,Distributed-Individual
9,23,15,21,Distributed-Collective
8,11,25,21,Distributed-Individual
9,23,9,12,Distributed-Individual
13,13,23,21,Distributed-Individual
12,14,23,12,Distributed-Individual
19,12,19,12,Distributed-Individual
19,21,14,12,Distributed-Individual
17,20,17,12,Hierarchical-Collective
19,12,10,8,Distributed-Individual
19,21,5,8,Distributed-Individual
17,20,8,8,Hierarchical-Collective
10,12,15,17,Distributed-Individual
11,21,10,17,Distributed-Individual
8,20,12,17,Hierarchical-Collective
8,23,5,21,Hierarchical-Individual
7,13,13,21,Hierarchical-Individual
10,14,16,12,Distributed-Collective
9,14,15,12,Hierarchical-Individual
11,24,5,21,Hierarchical-Individual
16,23,5,8,Hierarchical-Individual
15,13,13,8,Hierarchical-Individual
18,14,16,5,Distributed-Collective
17,14,15,5,Hierarchical-Individual
20,24,5,8,Hierarchical-Individual
8,23,5,17,Hierarchical-Individual
7,13,17,17,Hierarchical-Individual
10,14,20,8,Distributed-Collective
9,14,19,8,Hierarchical-Individual
11,24,5,17,Hierarchical-Individual
21,10,14,12,Distributed-Individual
20,14,21,12,Distributed-Individual
13,10,10,21,Distributed-Individual
11,14,17,21,Distributed-Individual
13,10,10,17,Distributed-Individual
11,14,17,17,Distributed-Individual
17,14,23,8,Distributed-Individual
18,21,9,8,Hierarchical-Collective
17,14,19,12,Distributed-Individual
18,21,5,12,Hierarchical-Collective
8,14,23,21,Distributed-Individual
10,21,9,21,Hierarchical-Collective
17,14,23,12,Distributed-Individual
18,21,9,12,Hierarchical-Collective
7,15,14,17,Hierarchical-Individual
7,15,10,21,Hierarchical-Individual
7,15,18,21,Hierarchical-Individual
16,15,14,12,Hierarchical-Individual
16,15,14,8,Hierarchical-Individual
11,15,13,21,Hierarchical-Individual
11,13,15,21,Distributed-Individual
13,13,12,21,Hierarchical-Collective
11,15,21,17,Hierarchical-Individual
11,13,24,17,Distributed-Individual
13,13,20,17,Hierarchical-Collective
19,15,21,12,Hierarchical-Individual
19,13,24,12,Distributed-Individual
21,13,20,12,Hierarchical-Collective
11,15,17,21,Hierarchical-Individual
11,13,20,21,Distributed-Individual
13,13,16,21,Hierarchical-Collective
11,15,21,17,Hierarchical-Individual
11,13,24,17,Distributed-Individual
13,13,20,17,Hierarchical-Collective
11,15,13,25,Hierarchical-Individual
11,13,15,25,Distributed-Individual
13,13,12,25,Hierarchical-Collective
11,15,21,17,Hierarchical-Individual
11,13,24,17,Distributed-Individual
13,13,20,17,Hierarchical-Collective
11,15,21,21,Hierarchical-Individual
11,13,24,21,Distributed-Individual
13,13,20,21,Hierarchical-Collective
9,23,9,8,Distributed-Individual
9,19,5,17,Distributed-Individual
9,22,9,8,Hierarchical-Collective
8,12,17,8,Distributed-Individual
11,19,8,17,Distributed-Collective
9,23,13,12,Distributed-Individual
9,19,9,21,Distributed-Individual
9,22,13,12,Hierarchical-Collective
8,12,21,12,Distributed-Individual
11,19,12,21,Distributed-Collective
9,23,5,17,Distributed-Individual
9,19,5,25,Distributed-Individual
9,22,5,17,Hierarchical-Collective
8,12,12,17,Distributed-Individual
11,19,5,25,Distributed-Collective
9,23,9,12,Distributed-Individual
9,19,5,21,Distributed-Individual
9,22,9,12,Hierarchical-Collective
8,12,17,12,Distributed-Individual
11,19,8,21,Distributed-Collective
9,23,5,12,Distributed-Individual
9,19,5,21,Distributed-Individual
9,22,5,12,Hierarchical-Collective
8,12,12,12,Distributed-Individual
11,19,5,21,Distributed-Collective
21,12,13,17,Distributed-Collective
17,22,14,8,Hierarchical-Collective
20,13,18,5,Hierarchical-Collective
9,22,14,17,Hierarchical-Collective
11,13,18,8,Hierarchical-Collective
9,22,5,17,Hierarchical-Collective
11,13,10,8,Hierarchical-Collective
17,19,8,12,Distributed-Collective
21,10,18,12,Distributed-Collective
20,13,12,5,Distributed-Collective
9,19,8,25,Distributed-Collective
12,10,18,25,Distributed-Collective
12,13,12,17,Distributed-Collective
17,19,12,17,Distributed-Collective
21,10,22,17,Distributed-Collective
20,13,17,8,Distributed-Collective
9,19,12,21,Distributed-Collective
12,10,22,21,Distributed-Collective
12,13,17,12,Distributed-Collective
21,11,23,8,Distributed-Individual
17,21,13,5,Distributed-Individual
17,21,15,8,Distributed-Collective
18,12,17,5,Distributed-Collective
12,11,19,17,Distributed-Individual
9,21,9,8,Distributed-Individual
9,21,11,17,Distributed-Collective
10,12,13,8,Distributed-Collective
12,11,19,17,Distributed-Individual
9,21,9,8,Distributed-Individual
9,21,11,17,Distributed-Collective
10,12,13,8,Distributed-Collective
21,11,19,17,Distributed-Individual
17,21,9,8,Distributed-Individual
17,21,11,17,Distributed-Collective
18,12,13,8,Distributed-Collective
12,11,15,21,Distributed-Individual
9,21,5,12,Distributed-Individual
9,21,7,21,Distributed-Collective
10,12,9,12,Distributed-Collective
22,23,11,5,Distributed-Collective
22,20,6,12,Hierarchical-Collective
21,14,15,12,Hierarchical-Collective
13,23,7,12,Distributed-Collective
13,20,5,21,Hierarchical-Collective
13,14,11,21,Hierarchical-Collective
22,23,15,5,Distributed-Collective
22,20,10,8,Hierarchical-Collective
21,14,20,8,Hierarchical-Collective
9,24,8,17,Hierarchical-Collective
18,24,12,8,Hierarchical-Collective
9,24,12,21,Hierarchical-Collective
9,24,12,25,Hierarchical-Collective
13,22,5,17,Distributed-Individual
12,20,11,8,Distributed-Individual
12,21,5,8,Distributed-Collective
13,24,8,17,Distributed-Individual
10,20,7,8,Hierarchical-Collective
13,22,5,25,Distributed-Individual
12,20,7,17,Distributed-Individual
12,21,5,17,Distributed-Collective
13,24,5,25,Distributed-Individual
10,20,5,17,Hierarchical-Collective
21,22,5,12,Distributed-Individual
20,20,11,5,Distributed-Individual
20,21,5,5,Distributed-Collective
22,24,8,12,Distributed-Individual
18,20,7,5,Hierarchical-Collective
21,22,5,8,Distributed-Individual
20,20,11,5,Distributed-Individual
20,21,5,5,Distributed-Collective
22,24,8,8,Distributed-Individual
18,20,7,5,Hierarchical-Collective
7,12,17,21,Hierarchical-Collective
7,13,16,21,Hierarchical-Individual
10,13,20,21,Distributed-Collective
7,12,12,21,Hierarchical-Collective
7,13,12,21,Hierarchical-Individual
10,13,15,21,Distributed-Collective
7,12,17,21,Hierarchical-Collective
7,13,16,21,Hierarchical-Individual
10,13,20,21,Distributed-Collective
9,22,5,25,Hierarchical-Collective
9,22,5,21,Hierarchical-Collective
18,22,12,17,Hierarchical-Collective
18,22,8,17,Hierarchical-Collective
9,22,8,21,Hierarchical-Collective
18,21,14,12,Hierarchical-Collective
17,22,9,12,Hierarchical-Collective
18,21,5,8,Hierarchical-Collective
17,22,5,8,Hierarchical-Collective
18,21,14,17,Hierarchical-Collective
17,22,9,17,Hierarchical-Collective
10,21,14,25,Hierarchical-Collective
9,22,9,25,Hierarchical-Collective
18,21,10,12,Hierarchical-Collective
17,22,5,12,Hierarchical-Collective
10,21,5,21,Hierarchical-Collective
9,22,5,21,Hierarchical-Collective
11,11,23,17,Hierarchical-Collective
9,20,14,17,Distributed-Individual
11,11,19,17,Hierarchical-Individual
10,13,22,8,Hierarchical-Individual
11,11,23,21,Hierarchical-Collective
9,20,14,21,Distributed-Individual
11,11,19,21,Hierarchical-Individual
10,13,22,12,Hierarchical-Individual
19,11,19,12,Hierarchical-Collective
17,20,10,12,Distributed-Individual
19,11,15,12,Hierarchical-Individual
19,13,18,5,Hierarchical-Individual
19,11,19,12,Hierarchical-Collective
17,20,10,12,Distributed-Individual
19,11,15,12,Hierarchical-Individual
19,13,18,5,Hierarchical-Individual
9,15,17,17,Hierarchical-Collective
9,15,8,21,Hierarchical-Collective
17,15,12,12,Hierarchical-Collective
10,20,5,12,Distributed-Individual
10,20,13,8,Distributed-Individual
10,20,5,17,Distributed-Individual
10,20,13,12,Distributed-Individual
19,21,16,5,Hierarchical-Individual
16,21,16,5,Distributed-Individual
19,21,16,5,Hierarchical-Individual
16,21,16,5,Distributed-Individual
19,21,8,5,Hierarchical-Individual
16,21,8,5,Distributed-Individual
11,21,16,12,Hierarchical-Individual
8,21,16,12,Distributed-Individual
11,21,12,8,Hierarchical-Individual
8,21,12,8,Distributed-Individual
20,25,5,8,Distributed-Individual
11,25,5,17,Distributed-Individual
16,11,20,8,Distributed-Collective
16,11,13,8,Distributed-Collective
7,11,24,17,Distributed-Collective
8,11,17,17,Distributed-Collective
16,11,20,5,Distributed-Collective
16,11,13,5,Distributed-Collective
7,11,20,8,Distributed-Collective
8,11,13,8,Distributed-Collective
18,23,5,8,Distributed-Collective
17,19,8,5,Distributed-Individual
19,11,17,8,Distributed-Individual
9,23,10,21,Distributed-Collective
9,19,12,12,Distributed-Individual
11,11,21,21,Distributed-Individual
18,23,5,17,Distributed-Collective
17,19,8,8,Distributed-Individual
19,11,17,17,Distributed-Individual
18,23,5,12,Distributed-Collective
17,19,5,5,Distributed-Individual
19,11,12,12,Distributed-Individual
9,22,9,12,Hierarchical-Individual
7,22,16,12,Distributed-Individual
9,22,5,12,Hierarchical-Individual
7,22,8,12,Distributed-Individual
9,22,9,12,Hierarchical-Individual
7,22,16,12,Distributed-Individual
9,22,9,12,Hierarchical-Individual
7,22,16,12,Distributed-Individual
9,22,9,17,Hierarchical-Individual
7,22,16,17,Distributed-Individual
19,20,15,8,Hierarchical-Individual
17,21,15,8,Distributed-Individual
17,13,18,8,Distributed-Individual
17,20,16,8,Hierarchical-Individual
18,20,14,8,Hierarchical-Individual
18,20,15,8,Distributed-Individual
17,21,7,12,Distributed-Individual
17,13,9,12,Distributed-Individual
17,20,8,12,Hierarchical-Individual
18,20,5,12,Hierarchical-Individual
18,20,6,12,Distributed-Individual
9,21,7,17,Distributed-Individual
9,13,9,17,Distributed-Individual
9,20,8,17,Hierarchical-Individual
10,20,5,17,Hierarchical-Individual
9,20,6,17,Distributed-Individual
9,21,11,21,Distributed-Individual
9,13,13,21,Distributed-Individual
9,20,12,21,Hierarchical-Individual
10,20,10,21,Hierarchical-Individual
9,20,10,21,Distributed-Individual
14,20,14,17,Distributed-Collective
14,20,10,17,Distributed-Collective
19,20,6,8,Hierarchical-Individual
15,19,7,17,Distributed-Individual
11,20,10,8,Hierarchical-Individual
7,19,11,17,Distributed-Individual
11,20,15,12,Hierarchical-Individual
7,19,15,21,Distributed-Individual
11,20,15,8,Hierarchical-Individual
7,19,15,17,Distributed-Individual
11,20,6,12,Hierarchical-Individual
7,19,7,21,Distributed-Individual
19,20,10,5,Hierarchical-Individual
15,19,11,12,Distributed-Individual
16,11,20,12,Distributed-Collective
16,11,16,17,Distributed-Collective
8,11,16,17,Distributed-Collective
22,11,18,12,Hierarchical-Individual
22,20,12,5,Hierarchical-Individual
21,20,6,12,Hierarchical-Collective
21,21,6,12,Distributed-Individual
20,22,11,12,Hierarchical-Collective
14,11,18,17,Hierarchical-Individual
13,20,12,8,Hierarchical-Individual
12,20,6,17,Hierarchical-Collective
13,21,6,17,Distributed-Individual
12,22,11,17,Hierarchical-Collective
21,18,13,8,Hierarchical-Individual
20,18,9,8,Distributed-Individual
21,18,9,17,Hierarchical-Individual
20,18,5,17,Distributed-Individual
21,18,13,12,Hierarchical-Individual
20,18,9,12,Distributed-Individual
21,18,9,12,Hierarchical-Individual
20,18,5,12,Distributed-Individual
12,18,5,17,Hierarchical-Individual
12,18,5,17,Distributed-Individual
21,18,13,12,Hierarchical-Individual
20,18,9,12,Distributed-Individual
12,18,9,25,Hierarchical-Individual
12,18,5,25,Distributed-Individual
12,18,13,21,Hierarchical-Individual
12,18,9,21,Distributed-Individual
17,10,17,8,Distributed-Collective
18,12,14,5,Distributed-Individual
17,19,5,5,Distributed-Collective
9,10,21,21,Distributed-Collective
10,12,18,12,Distributed-Individual
8,19,7,12,Distributed-Collective
17,10,21,12,Distributed-Collective
18,12,18,5,Distributed-Individual
17,19,7,5,Distributed-Collective
9,10,21,17,Distributed-Collective
10,12,18,8,Distributed-Individual
8,19,7,8,Distributed-Collective
17,10,25,12,Distributed-Collective
18,12,22,5,Distributed-Individual
17,19,11,5,Distributed-Collective
17,10,25,17,Distributed-Collective
18,12,22,8,Distributed-Individual
17,19,11,8,Distributed-Collective
9,10,21,21,Distributed-Collective
10,12,18,12,Distributed-Individual
8,19,7,12,Distributed-Collective
9,10,21,17,Distributed-Collective
10,12,18,8,Distributed-Individual
8,19,7,8,Distributed-Collective
9,10,21,25,Distributed-Collective
10,12,18,17,Distributed-Individual
8,19,7,17,Distributed-Collective
21,22,9,12,Distributed-Collective
20,10,17,12,Distributed-Individual
19,19,10,12,Distributed-Individual
20,18,8,12,Distributed-Collective
13,22,9,25,Distributed-Collective
11,10,17,25,Distributed-Individual
11,19,10,25,Distributed-Individual
12,18,8,25,Distributed-Collective
17,23,5,12,Hierarchical-Collective
20,22,8,12,Hierarchical-Collective
20,14,8,12,Distributed-Collective
20,11,11,5,Distributed-Collective
17,23,14,12,Hierarchical-Collective
20,22,17,12,Hierarchical-Collective
20,14,17,12,Distributed-Collective
20,11,20,5,Distributed-Collective
17,23,5,12,Hierarchical-Collective
20,22,8,12,Hierarchical-Collective
20,14,8,12,Distributed-Collective
20,11,11,5,Distributed-Collective
9,23,5,21,Hierarchical-Collective
11,22,8,21,Hierarchical-Collective
11,14,8,21,Distributed-Collective
12,11,11,12,Distributed-Collective
9,23,14,17,Hierarchical-Collective
11,22,17,17,Hierarchical-Collective
11,14,17,17,Distributed-Collective
12,11,20,8,Distributed-Collective
16,22,5,12,Hierarchical-Individual
7,22,12,21,Hierarchical-Individual
16,22,5,12,Hierarchical-Individual
7,22,8,21,Hierarchical-Individual
16,22,8,12,Hierarchical-Individual
7,22,12,21,Hierarchical-Individual
16,22,8,8,Hierarchical-Individual
7,22,5,17,Hierarchical-Individual
16,22,5,12,Hierarchical-Individual
9,11,23,17,Hierarchical-Individual
8,18,16,17,Hierarchical-Collective
5,21,12,8,Distributed-Collective
18,11,23,12,Hierarchical-Individual
16,18,16,12,Hierarchical-Collective
13,21,12,5,Distributed-Collective
18,22,13,5,Hierarchical-Collective
19,21,12,5,Distributed-Individual
19,23,8,5,Distributed-Collective
6,13,16,21,Distributed-Collective
10,24,9,21,Hierarchical-Individual
10,23,12,12,Hierarchical-Collective
6,12,18,21,Distributed-Individual
9,20,12,21,Hierarchical-Collective
6,13,12,17,Distributed-Collective
10,24,5,17,Hierarchical-Individual
10,23,8,8,Hierarchical-Collective
6,12,14,17,Distributed-Individual
9,20,8,17,Hierarchical-Collective
6,13,12,21,Distributed-Collective
10,24,5,21,Hierarchical-Individual
10,23,8,12,Hierarchical-Collective
6,12,14,21,Distributed-Individual
9,20,8,21,Hierarchical-Collective
14,13,20,12,Distributed-Collective
18,24,13,12,Hierarchical-Individual
19,23,16,5,Hierarchical-Collective
14,12,22,12,Distributed-Individual
18,20,16,12,Hierarchical-Collective
8,20,5,8,Distributed-Individual
8,20,5,17,Distributed-Individual
13,23,12,21,Distributed-Individual
21,23,5,8,Distributed-Individual
21,23,5,12,Distributed-Individual
13,23,12,21,Distributed-Individual
14,15,19,21,Distributed-Collective
15,21,6,21,Distributed-Collective
12,20,16,17,Distributed-Collective
11,22,9,17,Hierarchical-Individual
10,11,21,8,Hierarchical-Individual
12,20,12,21,Distributed-Collective
11,22,5,21,Hierarchical-Individual
10,11,17,12,Hierarchical-Individual
12,20,12,21,Distributed-Collective
11,22,5,21,Hierarchical-Individual
10,11,17,12,Hierarchical-Individual
12,20,8,21,Distributed-Collective
11,22,5,21,Hierarchical-Individual
10,11,12,12,Hierarchical-Individual
20,20,12,8,Distributed-Collective
19,22,5,8,Hierarchical-Individual
19,11,17,5,Hierarchical-Individual
12,20,12,21,Distributed-Collective
11,22,5,21,Hierarchical-Individual
10,11,17,12,Hierarchical-Individual
20,20,12,8,Distributed-Collective
19,22,5,8,Hierarchical-Individual
19,11,17,5,Hierarchical-Individual
18,24,9,5,Hierarchical-Individual
21,13,15,5,Distributed-Individual
17,21,7,8,Distributed-Collective
18,21,7,8,Hierarchical-Individual
10,24,9,12,Hierarchical-Individual
13,13,15,12,Distributed-Individual
8,21,7,21,Distributed-Collective
10,21,7,21,Hierarchical-Individual
18,24,13,5,Hierarchical-Individual
21,13,19,5,Distributed-Individual
17,21,11,12,Distributed-Collective
18,21,11,12,Hierarchical-Individual
10,11,24,17,Hierarchical-Individual
18,11,20,5,Hierarchical-Individual
10,11,20,12,Hierarchical-Individual
18,11,24,5,Hierarchical-Individual
17,22,10,17,Distributed-Collective
16,21,11,17,Distributed-Individual
19,11,20,8,Distributed-Individual
16,13,18,17,Distributed-Collective
16,10,16,17,Distributed-Individual
17,22,5,17,Distributed-Collective
16,21,7,17,Distributed-Individual
19,11,16,8,Distributed-Individual
16,13,13,17,Distributed-Collective
16,10,12,17,Distributed-Individual
8,22,14,21,Distributed-Collective
8,21,15,21,Distributed-Individual
10,11,24,12,Distributed-Individual
8,13,22,21,Distributed-Collective
7,10,20,21,Distributed-Individual
17,22,10,12,Distributed-Collective
16,21,11,12,Distributed-Individual
19,11,20,5,Distributed-Individual
16,13,18,12,Distributed-Collective
16,10,16,12,Distributed-Individual
9,20,10,17,Distributed-Collective
9,20,10,21,Distributed-Collective
9,20,14,21,Distributed-Collective
18,19,11,12,Hierarchical-Collective
21,20,14,5,Hierarchical-Collective
9,19,7,21,Hierarchical-Collective
13,20,10,12,Hierarchical-Collective
18,19,11,12,Hierarchical-Collective
21,20,14,5,Hierarchical-Collective
18,19,7,12,Hierarchical-Collective
21,20,10,5,Hierarchical-Collective
8,18,10,17,Distributed-Collective
6,12,23,25,Distributed-Collective
6,9,23,17,Hierarchical-Collective
6,12,17,25,Hierarchical-Individual
8,22,5,17,Distributed-Individual
17,22,5,12,Distributed-Individual
8,22,8,25,Distributed-Collective
12,14,20,25,Distributed-Individual
17,22,12,8,Distributed-Collective
20,14,24,8,Distributed-Individual
17,22,8,12,Distributed-Collective
20,14,20,12,Distributed-Individual
8,22,12,17,Distributed-Collective
12,14,24,17,Distributed-Individual
17,22,12,12,Distributed-Collective
20,14,24,12,Distributed-Individual
17,22,12,12,Distributed-Collective
20,14,24,12,Distributed-Individual
17,22,8,12,Distributed-Collective
20,14,20,12,Distributed-Individual
18,21,11,5,Distributed-Individual
10,21,11,12,Distributed-Individual
18,21,11,5,Distributed-Individual
18,21,15,5,Distributed-Individual
10,21,7,17,Distributed-Individual
18,21,15,5,Distributed-Individual
20,20,13,8,Distributed-Individual
16,19,17,8,Distributed-Collective
11,20,5,17,Distributed-Individual
8,19,8,17,Distributed-Collective
20,20,5,5,Distributed-Individual
16,19,8,5,Distributed-Collective
11,20,5,12,Distributed-Individual
8,19,8,12,Distributed-Collective
11,20,13,8,Distributed-Individual
8,19,17,8,Distributed-Collective
16,22,10,17,Distributed-Collective
15,11,25,17,Hierarchical-Collective
8,22,10,17,Distributed-Collective
7,11,25,17,Hierarchical-Collective
16,22,6,12,Distributed-Collective
15,11,21,12,Hierarchical-Collective
16,22,6,12,Distributed-Collective
15,11,21,12,Hierarchical-Collective
10,19,5,25,Distributed-Individual
8,21,10,25,Hierarchical-Individual
10,19,5,21,Distributed-Individual
8,21,6,21,Hierarchical-Individual
10,19,5,25,Distributed-Individual
8,21,10,25,Hierarchical-Individual
10,19,5,17,Distributed-Individual
8,21,6,17,Hierarchical-Individual
18,19,5,12,Distributed-Individual
16,21,10,12,Hierarchical-Individual
18,19,5,12,Distributed-Individual
16,21,10,12,Hierarchical-Individual
10,19,5,25,Distributed-Individual
8,21,10,25,Hierarchical-Individual
9,23,5,21,Hierarchical-Individual
10,12,13,21,Hierarchical-Collective
9,14,15,21,Distributed-Collective
5,23,8,12,Hierarchical-Individual
7,16,18,21,Hierarchical-Individual
9,23,5,21,Hierarchical-Individual
10,12,13,21,Hierarchical-Collective
9,14,15,21,Distributed-Collective
5,23,8,12,Hierarchical-Individual
7,16,18,21,Hierarchical-Individual
18,23,9,8,Hierarchical-Individual
19,12,17,8,Hierarchical-Collective
17,14,19,8,Distributed-Collective
14,23,12,5,Hierarchical-Individual
15,16,22,8,Hierarchical-Individual
16,20,9,17,Hierarchical-Collective
17,21,15,17,Distributed-Individual
18,22,11,8,Hierarchical-Collective
17,13,25,17,Distributed-Collective
16,20,9,8,Hierarchical-Collective
17,21,15,8,Distributed-Individual
18,22,11,5,Hierarchical-Collective
17,13,25,8,Distributed-Collective
16,20,5,17,Hierarchical-Collective
17,21,10,17,Distributed-Individual
18,22,7,8,Hierarchical-Collective
17,13,20,17,Distributed-Collective
10,19,8,25,Distributed-Individual
10,20,5,25,Distributed-Collective
18,19,8,17,Distributed-Individual
19,20,5,17,Distributed-Collective
10,19,5,21,Distributed-Individual
10,20,5,21,Distributed-Collective
10,19,8,17,Distributed-Individual
10,20,5,17,Distributed-Collective
10,19,12,17,Distributed-Individual
10,20,10,17,Distributed-Collective
10,19,12,21,Distributed-Individual
10,20,10,21,Distributed-Collective
18,19,8,12,Distributed-Individual
19,20,5,12,Distributed-Collective
19,13,17,5,Hierarchical-Collective
19,13,15,12,Hierarchical-Individual
11,13,17,8,Hierarchical-Collective
10,13,15,17,Hierarchical-Individual
7,24,5,17,Hierarchical-Collective
7,24,5,8,Hierarchical-Collective
16,24,5,5,Hierarchical-Collective
16,24,5,5,Hierarchical-Collective
16,24,5,5,Hierarchical-Collective
16,24,5,5,Hierarchical-Collective
7,24,9,17,Hierarchical-Collective
16,24,5,5,Hierarchical-Collective
8,12,14,12,Hierarchical-Collective
12,14,17,21,Hierarchical-Individual
17,12,18,8,Hierarchical-Collective
20,14,21,17,Hierarchical-Individual
8,12,22,17,Hierarchical-Collective
12,14,25,25,Hierarchical-Individual
17,12,22,5,Hierarchical-Collective
20,14,25,12,Hierarchical-Individual
17,12,18,5,Hierarchical-Collective
20,14,21,12,Hierarchical-Individual
11,22,14,17,Hierarchical-Collective
10,23,9,17,Distributed-Individual
7,20,15,8,Hierarchical-Individual
20,22,5,8,Hierarchical-Collective
19,23,5,8,Distributed-Individual
16,20,6,5,Hierarchical-Individual
14,22,8,5,Hierarchical-Collective
15,19,11,12,Hierarchical-Collective
6,22,8,12,Hierarchical-Collective
6,19,11,21,Hierarchical-Collective
6,22,5,8,Hierarchical-Collective
6,19,7,17,Hierarchical-Collective
14,22,8,8,Hierarchical-Collective
15,19,11,17,Hierarchical-Collective
14,10,17,17,Distributed-Individual
14,12,15,17,Hierarchical-Collective
9,20,8,17,Distributed-Individual
13,19,6,8,Distributed-Individual
11,11,14,17,Distributed-Individual
14,22,10,8,Hierarchical-Collective
17,22,8,8,Distributed-Collective
17,10,16,5,Hierarchical-Collective
8,22,12,25,Distributed-Collective
8,10,20,17,Hierarchical-Collective
8,22,8,21,Distributed-Collective
8,10,16,12,Hierarchical-Collective
19,20,12,5,Hierarchical-Individual
19,10,13,8,Hierarchical-Collective
20,19,6,8,Distributed-Collective
11,20,8,12,Hierarchical-Individual
11,10,9,21,Hierarchical-Collective
11,19,5,21,Distributed-Collective
19,20,8,8,Hierarchical-Individual
19,10,9,17,Hierarchical-Collective
20,19,5,17,Distributed-Collective
9,12,10,17,Hierarchical-Individual
10,12,12,17,Hierarchical-Collective
17,12,14,12,Hierarchical-Individual
19,12,16,12,Hierarchical-Collective
9,12,14,21,Hierarchical-Individual
10,12,16,21,Hierarchical-Collective
17,12,14,17,Hierarchical-Individual
19,12,16,17,Hierarchical-Collective
17,12,14,8,Hierarchical-Individual
19,12,16,8,Hierarchical-Collective
10,13,22,21,Hierarchical-Collective
13,16,21,21,Distributed-Collective
10,13,22,17,Hierarchical-Collective
13,16,21,17,Distributed-Collective
19,13,13,12,Hierarchical-Collective
22,16,13,12,Distributed-Collective
10,13,18,17,Hierarchical-Collective
13,16,17,17,Distributed-Collective
19,13,18,8,Hierarchical-Collective
22,16,17,8,Distributed-Collective
20,15,12,8,Distributed-Individual
19,22,5,5,Distributed-Collective
12,15,17,21,Distributed-Individual
10,22,8,12,Distributed-Collective
20,15,17,12,Distributed-Individual
19,22,8,5,Distributed-Collective
20,15,8,8,Distributed-Individual
19,22,5,5,Distributed-Collective
12,15,12,25,Distributed-Individual
10,22,5,17,Distributed-Collective
8,20,5,8,Hierarchical-Collective
10,12,13,17,Hierarchical-Collective
10,22,6,8,Distributed-Individual
11,22,12,17,Distributed-Individual
10,20,12,17,Hierarchical-Collective
8,20,5,12,Hierarchical-Collective
10,12,13,21,Hierarchical-Collective
10,22,6,12,Distributed-Individual
11,22,12,21,Distributed-Individual
10,20,12,21,Hierarchical-Collective
17,20,5,5,Hierarchical-Collective
18,12,13,8,Hierarchical-Collective
19,22,6,5,Distributed-Individual
19,22,12,8,Distributed-Individual
19,20,12,8,Hierarchical-Collective
17,20,9,8,Hierarchical-Collective
18,12,17,17,Hierarchical-Collective
19,22,10,8,Distributed-Individual
19,22,17,17,Distributed-Individual
19,20,17,17,Hierarchical-Collective
17,20,9,5,Hierarchical-Collective
18,12,17,12,Hierarchical-Collective
19,22,10,5,Distributed-Individual
19,22,17,12,Distributed-Individual
19,20,17,12,Hierarchical-Collective
17,20,5,5,Hierarchical-Collective
18,12,13,12,Hierarchical-Collective
19,22,6,5,Distributed-Individual
19,22,12,12,Distributed-Individual
19,20,12,12,Hierarchical-Collective
19,21,9,12,Hierarchical-Individual
18,24,5,8,Hierarchical-Individual
19,24,5,5,Hierarchical-Collective
17,22,5,8,Hierarchical-Individual
9,24,8,21,Hierarchical-Individual
10,24,6,12,Hierarchical-Collective
9,22,7,21,Hierarchical-Individual
18,24,8,8,Hierarchical-Individual
19,24,6,5,Hierarchical-Collective
17,22,7,8,Hierarchical-Individual
9,24,12,21,Hierarchical-Individual
10,24,10,12,Hierarchical-Collective
9,22,11,21,Hierarchical-Individual
12,24,12,21,Hierarchical-Individual
8,24,5,21,Hierarchical-Individual
8,13,18,21,Distributed-Collective
9,23,6,12,Distributed-Individual
12,24,8,21,Hierarchical-Individual
8,24,5,21,Hierarchical-Individual
8,13,13,21,Distributed-Collective
9,23,5,12,Distributed-Individual
12,24,8,21,Hierarchical-Individual
8,24,5,21,Hierarchical-Individual
8,13,13,21,Distributed-Collective
9,23,5,12,Distributed-Individual
12,24,16,21,Hierarchical-Individual
8,24,10,21,Hierarchical-Individual
8,13,22,21,Distributed-Collective
9,23,10,12,Distributed-Individual
12,24,16,25,Hierarchical-Individual
8,24,10,25,Hierarchical-Individual
8,13,22,25,Distributed-Collective
9,23,10,17,Distributed-Individual
11,19,5,21,Hierarchical-Collective
10,21,5,21,Distributed-Collective
13,10,15,21,Hierarchical-Collective
11,22,8,12,Hierarchical-Individual
16,10,18,8,Distributed-Collective
17,20,11,8,Hierarchical-Collective
16,10,14,8,Distributed-Collective
17,20,7,8,Hierarchical-Collective
10,20,14,21,Distributed-Individual
9,19,8,21,Hierarchical-Individual
10,20,10,21,Distributed-Individual
9,19,5,21,Hierarchical-Individual
19,20,14,8,Distributed-Individual
17,19,8,8,Hierarchical-Individual
10,20,6,21,Distributed-Individual
9,19,5,21,Hierarchical-Individual
10,20,6,21,Distributed-Individual
9,19,5,21,Hierarchical-Individual
10,20,10,21,Distributed-Individual
9,19,5,21,Hierarchical-Individual
10,20,14,17,Distributed-Individual
9,19,8,17,Hierarchical-Individual
10,20,6,17,Distributed-Individual
9,19,5,17,Hierarchical-Individual
14,20,5,17,Distributed-Individual
14,23,6,17,Distributed-Collective
13,22,6,17,Distributed-Collective
7,14,23,17,Distributed-Collective
9,22,11,25,Distributed-Individual
6,14,18,17,Distributed-Collective
15,14,19,5,Distributed-Collective
18,22,7,12,Distributed-Individual
15,14,14,5,Distributed-Collective
13,12,17,21,Hierarchical-Individual
21,12,12,12,Hierarchical-Individual
19,14,16,8,Hierarchical-Individual
19,20,10,8,Distributed-Individual
21,24,7,5,Distributed-Individual
21,21,9,8,Hierarchical-Collective
21,14,20,8,Hierarchical-Collective
22,14,20,8,Distributed-Individual
19,14,16,12,Hierarchical-Individual
19,20,10,12,Distributed-Individual
21,24,7,5,Distributed-Individual
21,21,9,12,Hierarchical-Collective
21,14,20,12,Hierarchical-Collective
22,14,20,12,Distributed-Individual
11,14,16,21,Hierarchical-Individual
11,20,10,21,Distributed-Individual
13,24,7,12,Distributed-Individual
13,21,9,21,Hierarchical-Collective
13,14,20,21,Hierarchical-Collective
13,14,20,21,Distributed-Individual
19,22,9,5,Distributed-Individual
18,14,21,5,Hierarchical-Individual
19,14,24,12,Distributed-Collective
11,22,5,8,Distributed-Individual
10,14,12,8,Hierarchical-Individual
11,14,16,17,Distributed-Collective
19,22,5,5,Distributed-Individual
18,14,17,5,Hierarchical-Individual
19,14,20,8,Distributed-Collective
13,10,23,12,Distributed-Individual
12,21,8,21,Hierarchical-Individual
21,10,15,5,Distributed-Individual
20,21,5,12,Hierarchical-Individual
21,10,19,5,Distributed-Individual
20,21,5,12,Hierarchical-Individual
13,10,23,8,Distributed-Individual
12,21,8,17,Hierarchical-Individual
13,10,19,8,Distributed-Individual
12,21,5,17,Hierarchical-Individual
21,10,19,8,Distributed-Individual
20,21,5,17,Hierarchical-Individual
19,19,12,5,Hierarchical-Collective
15,12,14,12,Hierarchical-Individual
16,11,19,12,Hierarchical-Collective
19,12,18,12,Distributed-Individual
10,19,16,12,Hierarchical-Collective
7,12,18,21,Hierarchical-Individual
7,11,23,21,Hierarchical-Collective
10,12,22,21,Distributed-Individual
10,19,12,12,Hierarchical-Collective
7,12,14,21,Hierarchical-Individual
7,11,19,21,Hierarchical-Collective
10,12,18,21,Distributed-Individual
10,19,12,12,Hierarchical-Collective
7,12,14,21,Hierarchical-Individual
7,11,19,21,Hierarchical-Collective
10,12,18,21,Distributed-Individual
19,19,16,5,Hierarchical-Collective
15,12,18,12,Hierarchical-Individual
16,11,23,12,Hierarchical-Collective
19,12,22,12,Distributed-Individual
19,19,9,12,Distributed-Individual
16,21,7,12,Distributed-Individual
19,19,13,12,Distributed-Individual
16,21,11,12,Distributed-Individual
10,19,5,17,Distributed-Individual
8,21,5,17,Distributed-Individual
19,19,13,12,Distributed-Individual
16,21,11,12,Distributed-Individual
10,19,5,21,Distributed-Individual
8,21,5,21,Distributed-Individual
10,13,20,21,Distributed-Individual
18,13,15,12,Distributed-Individual
10,13,11,21,Distributed-Individual
18,13,15,17,Distributed-Individual
21,12,17,8,Distributed-Collective
16,21,6,8,Hierarchical-Collective
16,22,5,8,Hierarchical-Collective
19,14,15,5,Distributed-Individual
19,20,12,8,Distributed-Individual
18,15,19,8,Distributed-Individual
19,19,6,8,Distributed-Collective
20,22,9,5,Distributed-Individual
19,20,9,8,Hierarchical-Collective
21,12,17,12,Distributed-Collective
16,21,6,12,Hierarchical-Collective
16,22,5,12,Hierarchical-Collective
19,14,15,5,Distributed-Individual
19,20,12,12,Distributed-Individual
18,15,19,12,Distributed-Individual
19,19,6,12,Distributed-Collective
20,22,9,5,Distributed-Individual
19,20,9,12,Hierarchical-Collective
12,12,17,21,Distributed-Collective
8,21,6,21,Hierarchical-Collective
8,22,5,21,Hierarchical-Collective
11,14,15,12,Distributed-Individual
10,20,12,21,Distributed-Individual
10,15,19,21,Distributed-Individual
11,19,6,21,Distributed-Collective
12,22,9,12,Distributed-Individual
11,20,9,21,Hierarchical-Collective
12,12,21,21,Distributed-Collective
8,21,10,21,Hierarchical-Collective
8,22,9,21,Hierarchical-Collective
11,14,19,12,Distributed-Individual
10,20,16,21,Distributed-Individual
10,15,23,21,Distributed-Individual
11,19,10,21,Distributed-Collective
12,22,13,12,Distributed-Individual
11,20,13,21,Hierarchical-Collective
9,21,9,25,Distributed-Individual
9,21,13,21,Distributed-Individual
18,21,13,17,Distributed-Individual
9,21,13,17,Distributed-Individual
12,14,19,25,Distributed-Collective
12,14,15,21,Distributed-Collective
10,22,8,17,Distributed-Individual
8,22,10,17,Hierarchical-Individual
10,22,8,17,Distributed-Individual
8,22,10,17,Hierarchical-Individual
9,23,7,25,Hierarchical-Collective
16,19,10,17,Distributed-Individual
19,21,6,17,Hierarchical-Collective
20,11,16,17,Distributed-Collective
16,13,19,17,Hierarchical-Collective
20,21,5,17,Hierarchical-Individual
7,19,10,17,Distributed-Individual
10,21,6,17,Hierarchical-Collective
12,11,16,17,Distributed-Collective
7,13,19,17,Hierarchical-Collective
12,21,5,17,Hierarchical-Individual
7,19,5,25,Distributed-Individual
10,21,5,25,Hierarchical-Collective
12,11,12,25,Distributed-Collective
7,13,15,25,Hierarchical-Collective
12,21,5,25,Hierarchical-Individual
7,19,14,21,Distributed-Individual
10,21,10,21,Hierarchical-Collective
12,11,20,21,Distributed-Collective
7,13,23,21,Hierarchical-Collective
12,21,8,21,Hierarchical-Individual
7,19,10,25,Distributed-Individual
10,21,6,25,Hierarchical-Collective
12,11,16,25,Distributed-Collective
7,13,19,25,Hierarchical-Collective
12,21,5,25,Hierarchical-Individual
7,19,10,21,Distributed-Individual
10,21,6,21,Hierarchical-Collective
12,11,16,21,Distributed-Collective
7,13,19,21,Hierarchical-Collective
12,21,5,21,Hierarchical-Individual
7,19,14,21,Distributed-Individual
10,21,10,21,Hierarchical-Collective
12,11,20,21,Distributed-Collective
7,13,23,21,Hierarchical-Collective
12,21,8,21,Hierarchical-Individual
7,19,14,21,Distributed-Individual
10,21,10,21,Hierarchical-Collective
12,11,20,21,Distributed-Collective
7,13,23,21,Hierarchical-Collective
12,21,8,21,Hierarchical-Individual
16,19,14,8,Distributed-Individual
19,21,10,8,Hierarchical-Collective
20,11,20,8,Distributed-Collective
16,13,23,8,Hierarchical-Collective
20,21,8,8,Hierarchical-Individual
7,19,10,17,Distributed-Individual
10,21,6,17,Hierarchical-Collective
12,11,16,17,Distributed-Collective
7,13,19,17,Hierarchical-Collective
12,21,5,17,Hierarchical-Individual
10,21,7,21,Hierarchical-Collective
10,21,7,25,Hierarchical-Collective
7,13,9,21,Distributed-Individual
15,13,13,12,Distributed-Individual
7,13,13,17,Distributed-Individual
7,20,6,25,Distributed-Collective
7,20,5,21,Distributed-Collective
7,20,6,21,Distributed-Collective
10,20,11,12,Hierarchical-Collective
6,15,13,12,Distributed-Individual
10,20,8,21,Distributed-Collective
10,20,11,8,Hierarchical-Collective
6,15,13,8,Distributed-Individual
10,20,8,17,Distributed-Collective
10,20,7,8,Hierarchical-Collective
6,15,9,8,Distributed-Individual
10,20,5,17,Distributed-Collective
10,20,15,8,Hierarchical-Collective
6,15,18,8,Distributed-Individual
10,20,12,17,Distributed-Collective
19,12,18,5,Distributed-Collective
11,12,9,17,Distributed-Collective
19,12,18,5,Distributed-Collective
9,19,10,25,Distributed-Individual
8,12,23,25,Hierarchical-Individual
9,19,5,21,Distributed-Individual
8,12,19,21,Hierarchical-Individual
18,19,10,8,Distributed-Individual
16,12,23,8,Hierarchical-Individual
9,19,5,21,Distributed-Individual
8,12,19,21,Hierarchical-Individual
13,12,15,21,Distributed-Collective
10,21,8,21,Distributed-Collective
13,12,23,21,Distributed-Collective
10,21,16,21,Distributed-Collective
21,12,19,12,Distributed-Collective
18,21,12,12,Distributed-Collective
22,20,5,5,Hierarchical-Collective
11,12,19,21,Hierarchical-Individual
12,22,15,21,Distributed-Individual
9,19,8,12,Hierarchical-Collective
20,12,19,8,Hierarchical-Individual
21,22,15,8,Distributed-Individual
17,19,8,5,Hierarchical-Collective
20,12,15,8,Hierarchical-Individual
21,22,11,8,Distributed-Individual
17,19,5,5,Hierarchical-Collective
20,12,15,17,Hierarchical-Individual
21,22,11,17,Distributed-Individual
17,19,5,8,Hierarchical-Collective
20,12,15,8,Hierarchical-Individual
21,22,11,8,Distributed-Individual
17,19,5,5,Hierarchical-Collective
11,12,19,21,Hierarchical-Individual
12,22,15,21,Distributed-Individual
9,19,8,12,Hierarchical-Collective
10,21,11,21,Distributed-Individual
12,14,13,21,Distributed-Collective
15,24,5,12,Hierarchical-Individual
15,22,12,12,Distributed-Individual
15,14,19,5,Hierarchical-Collective
15,24,5,8,Hierarchical-Individual
15,22,12,8,Distributed-Individual
15,14,19,5,Hierarchical-Collective
15,24,9,12,Hierarchical-Individual
15,22,16,12,Distributed-Individual
15,14,23,5,Hierarchical-Collective
6,24,5,21,Hierarchical-Individual
7,22,12,21,Distributed-Individual
7,14,19,12,Hierarchical-Collective
9,14,22,25,Hierarchical-Individual
8,12,22,25,Distributed-Collective
7,20,11,25,Hierarchical-Individual
6,22,9,25,Hierarchical-Collective
6,14,18,25,Distributed-Collective
9,23,10,25,Distributed-Collective
9,14,18,25,Hierarchical-Individual
8,12,18,25,Distributed-Collective
7,20,7,25,Hierarchical-Individual
6,22,5,25,Hierarchical-Collective
6,14,14,25,Distributed-Collective
9,23,6,25,Distributed-Collective
17,14,18,12,Hierarchical-Individual
16,12,18,12,Distributed-Collective
15,20,7,12,Hierarchical-Individual
15,22,5,12,Hierarchical-Collective
14,14,14,12,Distributed-Collective
17,23,6,12,Distributed-Collective
7,12,12,21,Hierarchical-Collective
5,22,5,12,Hierarchical-Collective
10,22,12,21,Hierarchical-Individual
6,20,10,12,Distributed-Individual
8,19,6,21,Distributed-Individual
11,20,15,8,Distributed-Individual
11,10,24,8,Distributed-Individual
20,20,15,8,Hierarchical-Collective
19,14,23,5,Hierarchical-Individual
20,20,15,17,Hierarchical-Collective
19,14,23,8,Hierarchical-Individual
12,20,11,17,Hierarchical-Collective
11,14,19,8,Hierarchical-Individual
20,20,11,12,Hierarchical-Collective
19,14,19,5,Hierarchical-Individual
20,20,11,12,Hierarchical-Collective
19,14,19,5,Hierarchical-Individual
19,19,5,12,Distributed-Collective
19,10,10,5,Hierarchical-Individual
21,19,7,12,Distributed-Collective
19,18,5,12,Distributed-Individual
17,14,14,12,Distributed-Collective
21,19,5,12,Distributed-Individual
22,11,13,12,Distributed-Collective
19,19,10,8,Distributed-Collective
19,10,18,5,Hierarchical-Individual
21,19,15,8,Distributed-Collective
19,18,14,8,Distributed-Individual
17,14,22,8,Distributed-Collective
21,19,13,8,Distributed-Individual
22,11,22,8,Distributed-Collective
10,19,5,21,Distributed-Collective
11,10,14,12,Hierarchical-Individual
12,19,11,21,Distributed-Collective
11,18,10,21,Distributed-Individual
9,14,18,21,Distributed-Collective
12,19,9,21,Distributed-Individual
13,11,18,21,Distributed-Collective
16,24,7,5,Hierarchical-Individual
8,24,11,17,Hierarchical-Individual
8,24,5,12,Hierarchical-Individual
8,24,7,17,Hierarchical-Individual
8,21,5,8,Hierarchical-Individual
8,21,8,17,Hierarchical-Individual
16,21,5,5,Hierarchical-Individual
16,21,5,8,Hierarchical-Individual
16,21,5,5,Hierarchical-Individual
8,21,8,17,Hierarchical-Individual
8,21,5,12,Hierarchical-Individual
7,23,9,21,Hierarchical-Collective
7,22,14,21,Distributed-Individual
10,21,15,12,Distributed-Individual
10,13,24,21,Distributed-Collective
7,22,11,12,Hierarchical-Collective
7,23,9,25,Hierarchical-Collective
7,22,14,25,Distributed-Individual
10,21,15,17,Distributed-Individual
10,13,24,25,Distributed-Collective
7,22,11,17,Hierarchical-Collective
9,23,5,25,Hierarchical-Collective
9,23,5,17,Hierarchical-Collective
9,23,5,21,Hierarchical-Collective
17,23,8,12,Hierarchical-Collective
9,23,8,25,Hierarchical-Collective
11,21,12,21,Distributed-Collective
11,21,17,17,Distributed-Collective
11,21,8,21,Distributed-Collective
19,21,12,12,Distributed-Collective
19,21,12,12,Distributed-Collective
11,21,12,25,Distributed-Collective
9,11,17,17,Distributed-Collective
9,21,14,17,Hierarchical-Individual
9,11,17,17,Distributed-Collective
9,21,14,17,Hierarchical-Individual
17,11,17,8,Distributed-Collective
17,21,14,8,Hierarchical-Individual
17,11,17,12,Distributed-Collective
17,21,14,12,Hierarchical-Individual
9,20,13,12,Hierarchical-Individual
10,22,16,12,Distributed-Individual
9,15,22,21,Distributed-Individual
11,21,10,12,Hierarchical-Individual
17,20,5,5,Hierarchical-Individual
18,22,8,5,Distributed-Individual
17,15,14,12,Distributed-Individual
19,21,5,5,Hierarchical-Individual
17,20,9,5,Hierarchical-Individual
18,22,12,5,Distributed-Individual
17,15,18,8,Distributed-Individual
19,21,6,5,Hierarchical-Individual
17,20,9,5,Hierarchical-Individual
18,22,12,5,Distributed-Individual
17,15,18,12,Distributed-Individual
19,21,6,5,Hierarchical-Individual
17,20,9,5,Hierarchical-Individual
18,22,12,5,Distributed-Individual
17,15,18,12,Distributed-Individual
19,21,6,5,Hierarchical-Individual
9,11,13,17,Distributed-Individual
8,13,14,25,Distributed-Collective
13,21,5,17,Distributed-Individual
17,12,24,17,Hierarchical-Individual
17,20,9,17,Hierarchical-Individual
18,20,10,17,Distributed-Individual
9,12,20,21,Hierarchical-Individual
8,20,5,21,Hierarchical-Individual
10,20,5,21,Distributed-Individual
9,12,20,21,Hierarchical-Individual
8,20,5,21,Hierarchical-Individual
10,20,5,21,Distributed-Individual
9,12,20,17,Hierarchical-Individual
8,20,5,17,Hierarchical-Individual
10,20,5,17,Distributed-Individual
9,12,24,17,Hierarchical-Individual
8,20,9,17,Hierarchical-Individual
10,20,10,17,Distributed-Individual
8,12,18,17,Distributed-Individual
7,20,12,25,Hierarchical-Individual
7,10,13,25,Hierarchical-Individual
8,12,18,12,Distributed-Individual
7,20,12,21,Hierarchical-Individual
7,10,13,21,Hierarchical-Individual
8,12,13,12,Distributed-Individual
7,20,8,21,Hierarchical-Individual
7,10,9,21,Hierarchical-Individual
8,12,22,12,Distributed-Individual
7,20,16,21,Hierarchical-Individual
7,10,18,21,Hierarchical-Individual
7,23,7,21,Distributed-Individual
7,23,7,21,Distributed-Individual
7,23,11,17,Distributed-Individual
18,21,9,17,Hierarchical-Collective
18,10,17,8,Distributed-Individual
18,21,13,12,Hierarchical-Collective
18,10,21,5,Distributed-Individual
18,19,5,5,Distributed-Collective
19,19,10,12,Hierarchical-Individual
18,19,8,5,Distributed-Individual
10,19,8,8,Distributed-Collective
10,19,15,17,Hierarchical-Individual
10,19,12,8,Distributed-Individual
18,11,19,5,Hierarchical-Collective
18,11,19,5,Hierarchical-Collective
10,11,19,12,Hierarchical-Collective
20,21,10,5,Hierarchical-Individual
21,13,20,8,Hierarchical-Individual
18,13,21,8,Hierarchical-Individual
21,23,12,8,Distributed-Collective
18,22,9,8,Hierarchical-Collective
12,21,5,12,Hierarchical-Individual
13,13,15,21,Hierarchical-Individual
10,13,17,21,Hierarchical-Individual
13,23,8,21,Distributed-Collective
10,22,5,21,Hierarchical-Collective
20,21,5,8,Hierarchical-Individual
21,13,15,17,Hierarchical-Individual
18,13,17,17,Hierarchical-Individual
21,23,8,17,Distributed-Collective
18,22,5,17,Hierarchical-Collective
6,22,7,25,Distributed-Individual
14,22,7,8,Distributed-Individual
6,22,5,17,Distributed-Individual
6,22,7,25,Distributed-Individual
14,22,8,5,Hierarchical-Individual
18,20,8,8,Hierarchical-Individual
9,20,17,25,Hierarchical-Individual
18,20,12,12,Hierarchical-Individual
9,20,12,17,Hierarchical-Individual
10,11,16,12,Hierarchical-Individual
18,11,16,5,Hierarchical-Individual
18,11,12,5,Hierarchical-Individual
18,11,16,8,Hierarchical-Individual
10,11,16,12,Hierarchical-Individual
9,11,14,17,Distributed-Individual
9,11,18,21,Distributed-Individual
7,10,18,17,Hierarchical-Collective
7,12,22,17,Hierarchical-Individual
9,19,15,17,Hierarchical-Collective
7,10,18,17,Hierarchical-Collective
7,12,22,17,Hierarchical-Individual
9,19,15,17,Hierarchical-Collective
15,10,9,12,Hierarchical-Collective
15,12,14,12,Hierarchical-Individual
17,19,7,12,Hierarchical-Collective
15,10,13,8,Hierarchical-Collective
15,12,18,8,Hierarchical-Individual
17,19,11,8,Hierarchical-Collective
7,20,12,25,Distributed-Individual
6,18,8,17,Hierarchical-Individual
9,11,16,25,Distributed-Collective
17,19,16,8,Hierarchical-Collective
19,22,11,8,Hierarchical-Collective
8,19,12,25,Hierarchical-Collective
11,22,7,25,Hierarchical-Collective
17,19,12,17,Hierarchical-Collective
19,22,7,17,Hierarchical-Collective
8,19,12,21,Hierarchical-Collective
11,22,7,21,Hierarchical-Collective
17,19,12,12,Hierarchical-Collective
19,22,7,12,Hierarchical-Collective
8,19,12,21,Hierarchical-Collective
11,22,7,21,Hierarchical-Collective
21,12,14,12,Hierarchical-Collective
19,11,16,5,Distributed-Individual
12,12,14,25,Hierarchical-Collective
11,11,16,17,Distributed-Individual
12,12,18,21,Hierarchical-Collective
11,11,20,12,Distributed-Individual
12,12,10,21,Hierarchical-Collective
11,11,12,12,Distributed-Individual
21,12,18,8,Hierarchical-Collective
19,11,20,5,Distributed-Individual
12,12,14,21,Hierarchical-Collective
11,11,16,12,Distributed-Individual
19,19,8,12,Hierarchical-Collective
20,23,15,5,Hierarchical-Individual
20,20,15,12,Hierarchical-Individual
10,19,8,21,Hierarchical-Collective
11,23,15,12,Hierarchical-Individual
11,20,15,21,Hierarchical-Individual
10,19,8,17,Hierarchical-Collective
11,23,15,8,Hierarchical-Individual
11,20,15,17,Hierarchical-Individual
10,19,5,21,Hierarchical-Collective
11,23,6,12,Hierarchical-Individual
11,20,7,21,Hierarchical-Individual
10,19,5,17,Hierarchical-Collective
11,23,10,8,Hierarchical-Individual
11,20,11,17,Hierarchical-Individual
19,19,5,12,Hierarchical-Collective
20,23,6,5,Hierarchical-Individual
20,20,7,12,Hierarchical-Individual
9,15,19,21,Hierarchical-Individual
9,15,19,21,Hierarchical-Individual
9,15,19,21,Hierarchical-Individual
9,15,23,21,Hierarchical-Individual
9,15,19,21,Hierarchical-Individual
21,12,19,5,Hierarchical-Collective
12,12,23,8,Hierarchical-Collective
12,12,15,12,Hierarchical-Collective
16,23,8,8,Hierarchical-Individual
17,23,6,5,Distributed-Individual
19,18,8,8,Hierarchical-Collective
19,18,8,8,Hierarchical-Collective
9,22,8,8,Hierarchical-Individual
9,22,16,12,Hierarchical-Individual
9,22,16,12,Hierarchical-Individual
9,22,16,12,Hierarchical-Individual
16,23,9,5,Hierarchical-Collective
7,23,5,12,Hierarchical-Collective
7,23,5,12,Hierarchical-Collective
12,23,5,17,Distributed-Collective
13,14,19,25,Hierarchical-Individual
20,23,9,8,Distributed-Collective
21,14,23,17,Hierarchical-Individual
20,23,9,5,Distributed-Collective
21,14,23,12,Hierarchical-Individual
20,23,5,5,Distributed-Collective
21,14,15,12,Hierarchical-Individual
20,23,5,5,Distributed-Collective
21,14,19,12,Hierarchical-Individual
12,23,5,8,Distributed-Collective
13,14,19,17,Hierarchical-Individual
11,22,7,21,Hierarchical-Collective
12,23,10,21,Hierarchical-Individual
14,19,5,21,Hierarchical-Collective
19,22,11,8,Hierarchical-Collective
20,23,14,8,Hierarchical-Individual
22,19,8,8,Hierarchical-Collective
11,22,11,17,Hierarchical-Collective
12,23,14,17,Hierarchical-Individual
14,19,8,17,Hierarchical-Collective
10,16,25,21,Distributed-Collective
11,24,17,12,Distributed-Individual
10,16,21,21,Distributed-Collective
11,24,12,12,Distributed-Individual
17,22,10,17,Hierarchical-Individual
15,20,6,17,Hierarchical-Collective
18,12,15,8,Distributed-Collective
8,22,14,21,Hierarchical-Individual
7,20,10,21,Hierarchical-Collective
10,12,19,12,Distributed-Collective
17,22,10,12,Hierarchical-Individual
15,20,6,12,Hierarchical-Collective
18,12,15,5,Distributed-Collective
8,22,10,21,Hierarchical-Individual
7,20,6,21,Hierarchical-Collective
10,12,15,12,Distributed-Collective
17,22,10,17,Hierarchical-Individual
15,20,6,17,Hierarchical-Collective
18,12,15,8,Distributed-Collective
20,22,9,8,Distributed-Individual
18,23,9,8,Distributed-Individual
11,22,5,17,Distributed-Individual
10,23,5,17,Distributed-Individual
18,14,21,17,Distributed-Collective
9,14,13,21,Distributed-Collective
9,14,13,25,Distributed-Collective
18,14,13,8,Distributed-Collective
18,14,17,17,Distributed-Collective
9,14,13,17,Distributed-Collective
9,22,6,17,Distributed-Collective
8,11,17,8,Distributed-Individual
10,21,12,17,Distributed-Collective
11,20,11,17,Hierarchical-Individual
9,22,6,25,Distributed-Collective
8,11,17,17,Distributed-Individual
10,21,12,25,Distributed-Collective
11,20,11,25,Hierarchical-Individual
12,22,10,21,Hierarchical-Individual
18,11,13,8,Hierarchical-Collective
17,22,6,8,Distributed-Collective
20,11,13,5,Hierarchical-Collective
19,23,8,5,Distributed-Individual
10,11,13,21,Hierarchical-Collective
9,22,6,21,Distributed-Collective
12,11,13,12,Hierarchical-Collective
11,23,8,12,Distributed-Individual
18,11,9,17,Hierarchical-Collective
17,22,5,17,Distributed-Collective
20,11,9,8,Hierarchical-Collective
19,23,5,8,Distributed-Individual
10,11,13,21,Hierarchical-Collective
9,22,6,21,Distributed-Collective
12,11,13,12,Hierarchical-Collective
11,23,8,12,Distributed-Individual
10,11,13,17,Hierarchical-Collective
9,22,6,17,Distributed-Collective
12,11,13,8,Hierarchical-Collective
11,23,8,8,Distributed-Individual
6,12,15,17,Hierarchical-Collective
6,12,19,21,Hierarchical-Collective
14,12,15,12,Hierarchical-Collective
8,13,25,21,Hierarchical-Collective
7,12,19,12,Distributed-Individual
11,12,20,12,Hierarchical-Collective
8,13,20,25,Hierarchical-Collective
7,12,15,17,Distributed-Individual
11,12,16,17,Hierarchical-Collective
8,13,25,25,Hierarchical-Collective
7,12,19,17,Distributed-Individual
11,12,20,17,Hierarchical-Collective
16,13,20,8,Hierarchical-Collective
15,12,15,5,Distributed-Individual
20,12,16,5,Hierarchical-Collective
20,13,13,8,Hierarchical-Collective
18,23,6,8,Distributed-Collective
11,13,17,25,Hierarchical-Collective
10,23,10,25,Distributed-Collective
11,13,13,17,Hierarchical-Collective
10,23,6,17,Distributed-Collective
20,13,13,12,Hierarchical-Collective
18,23,6,12,Distributed-Collective
8,13,21,17,Distributed-Collective
11,21,13,17,Distributed-Individual
16,13,17,12,Distributed-Collective
20,21,9,12,Distributed-Individual
8,13,17,17,Distributed-Collective
11,21,9,17,Distributed-Individual
20,22,16,5,Distributed-Individual
21,20,12,8,Hierarchical-Collective
21,13,25,5,Hierarchical-Collective
23,14,25,8,Distributed-Individual
10,12,11,21,Distributed-Individual
12,13,11,21,Hierarchical-Collective
11,12,16,12,Hierarchical-Individual
8,14,17,21,Distributed-Collective
12,16,18,25,Hierarchical-Collective
13,25,11,17,Hierarchical-Collective
12,16,18,17,Hierarchical-Collective
13,25,11,8,Hierarchical-Collective
21,22,5,5,Distributed-Individual
21,24,8,8,Distributed-Individual
20,14,15,8,Distributed-Individual
21,22,5,5,Distributed-Individual
21,24,5,12,Distributed-Individual
20,14,11,12,Distributed-Individual
21,22,9,5,Distributed-Individual
21,24,12,12,Distributed-Individual
20,14,20,12,Distributed-Individual
12,22,5,12,Distributed-Individual
12,24,8,21,Distributed-Individual
11,14,15,21,Distributed-Individual
12,22,9,8,Distributed-Individual
12,24,12,17,Distributed-Individual
11,14,20,17,Distributed-Individual
7,22,5,21,Distributed-Individual
9,22,8,12,Distributed-Collective
8,11,18,21,Distributed-Individual
7,22,5,21,Distributed-Individual
9,22,5,12,Distributed-Collective
8,11,13,21,Distributed-Individual
7,22,5,21,Distributed-Individual
9,22,8,12,Distributed-Collective
8,11,18,21,Distributed-Individual
15,22,10,12,Distributed-Individual
17,22,12,5,Distributed-Collective
16,11,22,12,Distributed-Individual
18,23,7,5,Distributed-Collective
19,15,20,5,Hierarchical-Collective
18,23,7,5,Distributed-Collective
19,15,20,5,Hierarchical-Collective
18,23,11,5,Distributed-Collective
19,15,24,5,Hierarchical-Collective
10,23,5,8,Distributed-Collective
10,15,16,8,Hierarchical-Collective
10,23,11,17,Distributed-Collective
10,15,24,17,Hierarchical-Collective
7,21,10,17,Hierarchical-Collective
11,14,19,21,Hierarchical-Collective
11,14,19,21,Hierarchical-Collective
17,11,18,8,Hierarchical-Collective
16,14,19,5,Distributed-Individual
19,22,12,5,Hierarchical-Collective
17,11,14,17,Hierarchical-Collective
16,14,15,8,Distributed-Individual
19,22,8,8,Hierarchical-Collective
17,11,22,12,Hierarchical-Collective
16,14,23,5,Distributed-Individual
19,22,17,5,Hierarchical-Collective
17,11,22,8,Hierarchical-Collective
16,14,23,5,Distributed-Individual
19,22,17,5,Hierarchical-Collective
17,11,22,12,Hierarchical-Collective
16,14,23,5,Distributed-Individual
19,22,17,5,Hierarchical-Collective
9,11,22,21,Hierarchical-Collective
8,14,23,12,Distributed-Individual
11,22,17,12,Hierarchical-Collective
9,11,22,25,Hierarchical-Collective
8,14,23,17,Distributed-Individual
11,22,17,17,Hierarchical-Collective
9,11,22,21,Hierarchical-Collective
8,14,23,12,Distributed-Individual
11,22,17,12,Hierarchical-Collective
9,11,18,25,Hierarchical-Collective
8,14,19,17,Distributed-Individual
11,22,12,17,Hierarchical-Collective
20,21,10,8,Distributed-Collective
18,11,15,17,Distributed-Collective
11,21,10,8,Distributed-Collective
10,11,15,17,Distributed-Collective
11,21,10,12,Distributed-Collective
10,11,15,21,Distributed-Collective
13,24,8,17,Hierarchical-Collective
11,20,15,8,Distributed-Collective
13,24,5,21,Hierarchical-Collective
11,20,11,12,Distributed-Collective
13,24,5,21,Hierarchical-Collective
11,20,11,12,Distributed-Collective
13,24,8,21,Hierarchical-Collective
11,20,15,12,Distributed-Collective
10,15,24,17,Distributed-Collective
10,15,20,17,Distributed-Collective
18,15,24,8,Distributed-Collective
18,21,15,8,Hierarchical-Individual
21,21,12,8,Distributed-Collective
21,23,17,8,Distributed-Collective
10,21,11,21,Hierarchical-Individual
12,21,8,21,Distributed-Collective
12,23,12,21,Distributed-Collective
8,14,18,17,Distributed-Individual
8,11,15,17,Hierarchical-Collective
8,14,18,12,Distributed-Individual
8,11,15,12,Hierarchical-Collective
8,14,18,12,Distributed-Individual
8,11,15,12,Hierarchical-Collective
8,14,18,17,Distributed-Individual
8,11,15,17,Hierarchical-Collective
13,25,5,17,Hierarchical-Individual
11,23,6,17,Distributed-Collective
11,24,12,17,Hierarchical-Individual
21,25,10,12,Hierarchical-Individual
19,23,10,12,Distributed-Collective
20,24,17,12,Hierarchical-Individual
22,14,19,8,Hierarchical-Collective
22,13,21,17,Distributed-Individual
19,13,18,8,Distributed-Collective
20,14,21,17,Distributed-Individual
21,13,25,17,Distributed-Collective
12,20,9,21,Hierarchical-Individual
10,22,11,21,Distributed-Collective
8,20,10,12,Distributed-Collective
12,20,9,21,Hierarchical-Individual
10,22,11,21,Distributed-Collective
8,20,10,12,Distributed-Collective
21,20,13,8,Hierarchical-Individual
19,22,15,8,Distributed-Collective
16,20,14,5,Distributed-Collective
21,20,9,17,Hierarchical-Individual
19,22,11,17,Distributed-Collective
16,20,10,8,Distributed-Collective
18,14,13,5,Hierarchical-Individual
15,23,11,12,Distributed-Individual
18,14,18,5,Hierarchical-Individual
15,23,15,8,Distributed-Individual
10,14,13,12,Hierarchical-Individual
7,23,11,21,Distributed-Individual
17,12,18,8,Hierarchical-Individual
9,12,10,17,Hierarchical-Individual
17,12,18,17,Hierarchical-Individual
17,12,18,17,Hierarchical-Individual
9,12,10,21,Hierarchical-Individual
10,23,11,21,Hierarchical-Collective
10,23,11,21,Hierarchical-Collective
17,24,12,12,Hierarchical-Collective
18,20,9,12,Hierarchical-Collective
17,22,8,12,Distributed-Individual
9,13,18,8,Distributed-Collective
11,13,21,8,Hierarchical-Collective
9,13,18,12,Distributed-Collective
11,13,21,12,Hierarchical-Collective
9,13,13,12,Distributed-Collective
11,13,17,12,Hierarchical-Collective
12,22,5,25,Distributed-Collective
20,22,10,17,Distributed-Collective
20,22,6,17,Distributed-Collective
18,11,13,12,Hierarchical-Individual
22,19,7,12,Distributed-Collective
10,11,18,21,Hierarchical-Individual
14,19,11,21,Distributed-Collective
18,11,18,12,Hierarchical-Individual
22,19,11,12,Distributed-Collective
18,11,9,17,Hierarchical-Individual
22,19,5,17,Distributed-Collective
10,23,11,21,Distributed-Collective
8,19,7,21,Hierarchical-Collective
19,23,7,12,Distributed-Collective
16,19,5,12,Hierarchical-Collective
16,22,5,8,Hierarchical-Collective
16,22,12,12,Hierarchical-Collective
16,22,5,8,Hierarchical-Collective
8,22,12,25,Hierarchical-Collective
16,22,8,8,Hierarchical-Collective
12,23,5,21,Hierarchical-Collective
9,22,7,17,Hierarchical-Individual
9,22,15,17,Hierarchical-Individual
17,22,15,8,Hierarchical-Individual
17,22,11,8,Hierarchical-Individual
9,22,15,21,Hierarchical-Individual
9,22,7,25,Hierarchical-Individual
17,22,11,12,Hierarchical-Individual
13,13,13,25,Hierarchical-Individual
10,10,17,25,Hierarchical-Individual
14,22,5,17,Hierarchical-Collective
6,12,15,12,Hierarchical-Collective
10,20,11,12,Distributed-Collective
13,12,13,21,Hierarchical-Individual
13,20,8,21,Hierarchical-Individual
11,20,10,21,Distributed-Collective
10,23,15,21,Distributed-Individual
10,23,15,21,Distributed-Individual
10,23,15,21,Distributed-Individual
11,13,8,17,Hierarchical-Individual
19,24,10,17,Hierarchical-Individual
21,22,10,17,Distributed-Collective
21,24,11,17,Hierarchical-Collective
10,24,10,25,Hierarchical-Individual
12,22,10,25,Distributed-Collective
13,24,11,25,Hierarchical-Collective
10,24,10,17,Hierarchical-Individual
12,22,10,17,Distributed-Collective
13,24,11,17,Hierarchical-Collective
10,24,10,21,Hierarchical-Individual
12,22,10,21,Distributed-Collective
13,24,11,21,Hierarchical-Collective
19,24,10,12,Hierarchical-Individual
21,22,10,12,Distributed-Collective
21,24,11,12,Hierarchical-Collective
10,24,14,21,Hierarchical-Individual
12,22,14,21,Distributed-Collective
13,24,15,21,Hierarchical-Collective
10,10,16,17,Hierarchical-Collective
9,20,5,25,Distributed-Individual
13,13,18,25,Distributed-Collective
10,19,7,25,Hierarchical-Collective
10,10,20,12,Hierarchical-Collective
9,20,8,21,Distributed-Individual
13,13,22,21,Distributed-Collective
10,19,11,21,Hierarchical-Collective
10,10,12,17,Hierarchical-Collective
9,20,5,25,Distributed-Individual
13,13,14,25,Distributed-Collective
10,19,5,25,Hierarchical-Collective
10,10,16,12,Hierarchical-Collective
9,20,5,21,Distributed-Individual
13,13,18,21,Distributed-Collective
10,19,7,21,Hierarchical-Collective
10,10,16,8,Hierarchical-Collective
9,20,5,17,Distributed-Individual
13,13,18,17,Distributed-Collective
10,19,7,17,Hierarchical-Collective
19,10,16,5,Hierarchical-Collective
18,20,5,12,Distributed-Individual
22,13,18,12,Distributed-Collective
18,19,7,12,Hierarchical-Collective
10,10,20,17,Hierarchical-Collective
9,20,8,25,Distributed-Individual
13,13,22,25,Distributed-Collective
10,19,11,25,Hierarchical-Collective
17,12,21,8,Distributed-Collective
16,12,18,8,Hierarchical-Individual
19,20,9,17,Distributed-Collective
20,18,12,8,Hierarchical-Individual
17,12,21,5,Distributed-Collective
16,12,18,5,Hierarchical-Individual
19,20,9,8,Distributed-Collective
20,18,12,5,Hierarchical-Individual
9,12,21,12,Distributed-Collective
7,12,18,12,Hierarchical-Individual
11,20,9,21,Distributed-Collective
11,18,12,12,Hierarchical-Individual
13,22,11,25,Hierarchical-Collective
11,20,6,25,Hierarchical-Individual
11,15,17,25,Distributed-Collective
8,20,5,17,Distributed-Individual
9,20,6,17,Hierarchical-Individual
22,22,15,8,Hierarchical-Collective
20,20,10,8,Hierarchical-Individual
19,15,21,8,Distributed-Collective
17,20,8,5,Distributed-Individual
17,20,10,5,Hierarchical-Individual
22,22,11,17,Hierarchical-Collective
20,20,6,17,Hierarchical-Individual
19,15,17,17,Distributed-Collective
17,20,5,8,Distributed-Individual
17,20,6,8,Hierarchical-Individual
13,22,11,21,Hierarchical-Collective
11,20,6,21,Hierarchical-Individual
11,15,17,21,Distributed-Collective
8,20,5,12,Distributed-Individual
9,20,6,12,Hierarchical-Individual
9,21,8,25,Distributed-Individual
13,18,10,25,Hierarchical-Individual
10,18,13,25,Distributed-Collective
14,19,10,17,Distributed-Individual
9,20,16,17,Hierarchical-Individual
12,21,16,17,Distributed-Individual
12,20,15,17,Hierarchical-Collective
18,11,13,5,Distributed-Collective
10,11,9,12,Distributed-Collective
10,12,18,21,Hierarchical-Individual
9,24,6,21,Hierarchical-Individual
11,24,12,21,Hierarchical-Collective
10,12,22,21,Hierarchical-Individual
9,24,10,21,Hierarchical-Individual
11,24,17,21,Hierarchical-Collective
16,11,15,12,Hierarchical-Collective
19,10,15,12,Hierarchical-Collective
16,11,11,12,Hierarchical-Collective
19,10,11,12,Hierarchical-Collective
8,11,15,17,Hierarchical-Collective
10,10,15,17,Hierarchical-Collective
22,13,18,12,Hierarchical-Individual
18,19,12,12,Distributed-Collective
19,11,18,8,Distributed-Collective
19,10,20,8,Hierarchical-Collective
21,11,16,8,Hierarchical-Individual
19,11,18,12,Distributed-Collective
19,10,20,12,Hierarchical-Collective
21,11,16,12,Hierarchical-Individual
10,11,22,25,Distributed-Collective
11,10,24,25,Hierarchical-Collective
13,11,20,25,Hierarchical-Individual
19,11,13,12,Distributed-Collective
19,10,16,12,Hierarchical-Collective
21,11,12,12,Hierarchical-Individual
8,14,19,17,Distributed-Collective
10,22,8,17,Hierarchical-Individual
16,14,15,5,Distributed-Collective
18,22,5,5,Hierarchical-Individual
8,14,19,12,Distributed-Collective
10,22,8,12,Hierarchical-Individual
8,14,23,8,Distributed-Collective
10,22,12,8,Hierarchical-Individual
8,14,19,12,Distributed-Collective
10,22,8,12,Hierarchical-Individual
9,13,10,21,Hierarchical-Collective
8,12,14,12,Distributed-Collective
10,15,15,21,Distributed-Collective
12,15,17,8,Distributed-Individual
20,15,17,5,Distributed-Individual
12,15,17,17,Distributed-Individual
12,15,13,12,Distributed-Individual
12,15,21,12,Distributed-Individual
12,15,17,12,Distributed-Individual
20,15,21,5,Distributed-Individual
17,23,8,12,Distributed-Collective
17,23,12,17,Distributed-Collective
9,23,5,25,Distributed-Collective
17,23,8,17,Distributed-Collective
17,23,5,12,Distributed-Collective
17,18,8,12,Distributed-Individual
14,10,17,12,Hierarchical-Collective
17,15,19,5,Distributed-Collective
17,15,23,5,Distributed-Collective
8,15,23,8,Distributed-Collective
8,15,23,8,Distributed-Collective
7,23,7,17,Hierarchical-Collective
9,15,16,8,Distributed-Individual
6,14,18,8,Hierarchical-Individual
6,22,5,17,Hierarchical-Individual
15,23,7,17,Hierarchical-Collective
18,15,16,8,Distributed-Individual
15,14,18,8,Hierarchical-Individual
15,22,5,17,Hierarchical-Individual
15,23,5,17,Hierarchical-Collective
18,15,12,8,Distributed-Individual
15,14,14,8,Hierarchical-Individual
15,22,5,17,Hierarchical-Individual
7,23,11,17,Hierarchical-Collective
9,15,20,8,Distributed-Individual
6,14,22,8,Hierarchical-Individual
6,22,9,17,Hierarchical-Individual
10,21,8,17,Distributed-Collective
11,21,5,17,Hierarchical-Collective
11,22,5,8,Hierarchical-Collective
11,12,12,17,Distributed-Individual
11,20,5,17,Hierarchical-Collective
18,21,12,8,Distributed-Collective
19,21,5,8,Hierarchical-Collective
19,22,8,5,Hierarchical-Collective
19,12,16,8,Distributed-Individual
20,20,5,8,Hierarchical-Collective
10,21,12,21,Distributed-Collective
11,21,5,21,Hierarchical-Collective
11,22,8,12,Hierarchical-Collective
11,12,16,21,Distributed-Individual
11,20,5,21,Hierarchical-Collective
18,21,17,12,Distributed-Collective
19,21,10,12,Hierarchical-Collective
19,22,12,5,Hierarchical-Collective
19,12,20,12,Distributed-Individual
20,20,9,12,Hierarchical-Collective
11,13,17,21,Distributed-Collective
13,20,5,21,Distributed-Collective
12,12,13,12,Distributed-Individual
19,13,17,12,Distributed-Collective
21,20,5,12,Distributed-Collective
20,12,13,5,Distributed-Individual
10,18,5,12,Distributed-Individual
8,13,13,21,Distributed-Collective
9,19,6,12,Distributed-Collective
10,18,5,12,Distributed-Individual
8,13,13,21,Distributed-Collective
9,19,6,12,Distributed-Collective
17,24,8,12,Hierarchical-Collective
17,22,5,12,Hierarchical-Collective
21,16,20,12,Hierarchical-Individual
8,24,8,25,Hierarchical-Collective
8,22,5,25,Hierarchical-Collective
13,16,20,25,Hierarchical-Individual
8,24,5,21,Hierarchical-Collective
8,22,5,21,Hierarchical-Collective
13,16,16,21,Hierarchical-Individual
17,24,12,12,Hierarchical-Collective
17,22,8,12,Hierarchical-Collective
21,16,25,12,Hierarchical-Individual
8,24,12,21,Hierarchical-Collective
8,22,8,21,Hierarchical-Collective
13,16,25,21,Hierarchical-Individual
8,24,8,17,Hierarchical-Collective
8,22,5,17,Hierarchical-Collective
13,16,20,17,Hierarchical-Individual
12,22,11,12,Distributed-Individual
21,22,15,5,Distributed-Individual
21,22,11,5,Distributed-Individual
9,12,13,25,Distributed-Individual
11,21,5,25,Distributed-Collective
7,11,12,17,Distributed-Collective
8,18,5,17,Hierarchical-Individual
17,12,22,8,Distributed-Individual
19,21,13,8,Distributed-Collective
15,11,20,5,Distributed-Collective
16,18,8,5,Hierarchical-Individual
9,12,18,17,Distributed-Individual
11,21,9,17,Distributed-Collective
7,11,16,8,Distributed-Collective
8,18,5,8,Hierarchical-Individual
17,12,13,12,Distributed-Individual
19,21,5,12,Distributed-Collective
15,11,12,5,Distributed-Collective
16,18,5,5,Hierarchical-Individual
17,12,18,17,Distributed-Individual
19,21,9,17,Distributed-Collective
15,11,16,8,Distributed-Collective
16,18,5,8,Hierarchical-Individual
16,18,9,12,Hierarchical-Individual
16,22,10,12,Distributed-Collective
8,18,5,17,Hierarchical-Individual
8,22,5,17,Distributed-Collective
16,18,5,12,Hierarchical-Individual
16,22,5,12,Distributed-Collective
8,18,5,25,Hierarchical-Individual
8,22,5,25,Distributed-Collective
10,13,15,25,Distributed-Individual
18,13,15,12,Distributed-Individual
10,13,15,25,Distributed-Individual
10,13,20,21,Distributed-Individual
10,13,15,21,Distributed-Individual
18,13,20,17,Distributed-Individual
10,13,20,21,Distributed-Individual
10,13,15,17,Distributed-Individual
10,13,15,21,Distributed-Individual
10,13,15,21,Distributed-Individual
13,21,13,8,Distributed-Individual
13,21,9,8,Distributed-Individual
21,21,9,5,Distributed-Individual
13,21,13,12,Distributed-Individual
21,21,13,8,Distributed-Individual
21,21,9,5,Distributed-Individual
13,21,9,12,Distributed-Individual
21,21,5,5,Distributed-Individual
8,12,20,21,Hierarchical-Collective
10,20,9,21,Distributed-Collective
10,22,8,12,Hierarchical-Individual
16,12,20,17,Hierarchical-Collective
18,20,9,17,Distributed-Collective
18,22,8,8,Hierarchical-Individual
9,13,13,17,Distributed-Collective
9,13,18,21,Distributed-Collective
9,13,13,17,Distributed-Collective
9,13,18,21,Distributed-Collective
9,13,13,25,Distributed-Collective
9,14,20,17,Distributed-Collective
9,14,20,21,Distributed-Collective
9,22,12,21,Distributed-Individual
19,13,19,8,Distributed-Individual
19,19,11,5,Hierarchical-Individual
16,21,5,5,Distributed-Collective
10,13,23,21,Distributed-Individual
10,19,15,12,Hierarchical-Individual
8,21,9,12,Distributed-Collective
19,13,19,12,Distributed-Individual
19,19,11,5,Hierarchical-Individual
16,21,5,5,Distributed-Collective
10,13,23,21,Distributed-Individual
10,19,15,12,Hierarchical-Individual
8,21,9,12,Distributed-Collective
10,13,15,21,Distributed-Individual
10,19,7,12,Hierarchical-Individual
8,21,5,12,Distributed-Collective
19,13,19,12,Distributed-Individual
19,19,11,5,Hierarchical-Individual
16,21,5,5,Distributed-Collective
10,13,19,21,Distributed-Individual
10,19,11,12,Hierarchical-Individual
8,21,5,12,Distributed-Collective
10,13,23,17,Distributed-Individual
10,19,15,8,Hierarchical-Individual
8,21,9,8,Distributed-Collective
10,13,15,21,Distributed-Individual
10,19,7,12,Hierarchical-Individual
8,21,5,12,Distributed-Collective
20,13,21,8,Distributed-Individual
17,12,14,8,Distributed-Collective
18,13,13,8,Distributed-Collective
19,18,8,8,Hierarchical-Collective
20,13,17,12,Distributed-Individual
17,12,10,12,Distributed-Collective
18,13,9,12,Distributed-Collective
19,18,5,12,Hierarchical-Collective
11,13,17,17,Distributed-Individual
8,12,10,17,Distributed-Collective
9,13,9,17,Distributed-Collective
11,18,5,17,Hierarchical-Collective
11,13,21,21,Distributed-Individual
8,12,14,21,Distributed-Collective
9,13,13,21,Distributed-Collective
11,18,8,21,Hierarchical-Collective
20,13,21,12,Distributed-Individual
17,12,14,12,Distributed-Collective
18,13,13,12,Distributed-Collective
19,18,8,12,Hierarchical-Collective
12,13,20,21,Distributed-Individual
21,13,20,8,Distributed-Individual
21,13,20,8,Distributed-Individual
21,13,20,17,Distributed-Individual
12,13,20,21,Distributed-Individual
12,13,15,17,Distributed-Individual
20,19,5,8,Distributed-Individual
12,19,5,17,Distributed-Individual
12,19,5,12,Distributed-Individual
12,19,5,12,Distributed-Individual
20,19,5,8,Distributed-Individual
11,13,10,25,Distributed-Individual
9,19,7,17,Distributed-Collective
8,20,5,25,Distributed-Individual
11,13,18,21,Distributed-Individual
9,19,15,12,Distributed-Collective
8,20,10,21,Distributed-Individual
11,13,18,21,Distributed-Individual
9,19,15,12,Distributed-Collective
8,20,10,21,Distributed-Individual
19,13,10,8,Distributed-Individual
17,19,7,5,Distributed-Collective
17,20,5,8,Distributed-Individual
11,13,10,17,Distributed-Individual
9,19,7,8,Distributed-Collective
8,20,5,17,Distributed-Individual
19,13,10,12,Distributed-Individual
17,19,7,5,Distributed-Collective
17,20,5,12,Distributed-Individual
19,13,18,8,Distributed-Individual
17,19,15,5,Distributed-Collective
17,20,10,8,Distributed-Individual
11,13,14,25,Distributed-Individual
9,19,11,17,Distributed-Collective
8,20,6,25,Distributed-Individual
9,14,22,21,Distributed-Collective
12,22,17,21,Distributed-Individual
9,16,22,21,Distributed-Collective
11,15,25,21,Hierarchical-Individual
9,14,13,21,Distributed-Collective
12,22,8,21,Distributed-Individual
9,16,13,21,Distributed-Collective
11,15,17,21,Hierarchical-Individual
9,14,18,21,Distributed-Collective
12,22,12,21,Distributed-Individual
9,16,18,21,Distributed-Collective
11,15,21,21,Hierarchical-Individual
9,14,22,21,Distributed-Collective
12,22,17,21,Distributed-Individual
9,16,22,21,Distributed-Collective
11,15,25,21,Hierarchical-Individual
9,14,18,21,Distributed-Collective
12,22,12,21,Distributed-Individual
9,16,18,21,Distributed-Collective
11,15,21,21,Hierarchical-Individual
19,15,17,17,Distributed-Individual
17,14,18,17,Hierarchical-Collective
11,15,17,21,Distributed-Individual
9,14,18,21,Hierarchical-Collective
11,15,21,21,Distributed-Individual
9,14,22,21,Hierarchical-Collective
19,15,17,8,Distributed-Individual
17,14,18,8,Hierarchical-Collective
19,15,13,12,Distributed-Individual
17,14,14,12,Hierarchical-Collective
11,15,21,21,Distributed-Individual
9,14,22,21,Hierarchical-Collective
11,15,13,21,Distributed-Individual
9,14,14,21,Hierarchical-Collective
16,21,16,8,Distributed-Collective
7,21,12,17,Distributed-Collective
7,21,12,17,Distributed-Collective
7,21,12,12,Distributed-Collective
7,21,16,8,Distributed-Collective
16,21,12,5,Distributed-Collective
9,13,20,8,Hierarchical-Collective
12,18,12,17,Hierarchical-Collective
8,20,7,17,Hierarchical-Individual
8,10,20,8,Hierarchical-Individual
9,13,24,12,Hierarchical-Collective
12,18,17,21,Hierarchical-Collective
8,20,11,21,Hierarchical-Individual
8,10,24,12,Hierarchical-Individual
18,13,24,5,Hierarchical-Collective
21,18,17,8,Hierarchical-Collective
17,20,11,8,Hierarchical-Individual
17,10,24,5,Hierarchical-Individual
9,13,20,12,Hierarchical-Collective
12,18,12,21,Hierarchical-Collective
8,20,7,21,Hierarchical-Individual
8,10,20,12,Hierarchical-Individual
9,13,20,17,Hierarchical-Collective
12,18,12,25,Hierarchical-Collective
8,20,7,25,Hierarchical-Individual
8,10,20,17,Hierarchical-Individual
9,13,15,8,Hierarchical-Collective
12,18,8,17,Hierarchical-Collective
8,20,5,17,Hierarchical-Individual
8,10,15,8,Hierarchical-Individual
18,13,20,8,Hierarchical-Collective
21,18,12,17,Hierarchical-Collective
17,20,7,17,Hierarchical-Individual
17,10,20,8,Hierarchical-Individual
9,13,15,8,Hierarchical-Collective
12,18,8,17,Hierarchical-Collective
8,20,5,17,Hierarchical-Individual
8,10,15,8,Hierarchical-Individual
9,13,24,12,Hierarchical-Collective
12,18,17,21,Hierarchical-Collective
8,20,11,21,Hierarchical-Individual
8,10,24,12,Hierarchical-Individual
9,13,24,12,Hierarchical-Collective
12,18,17,21,Hierarchical-Collective
8,20,11,21,Hierarchical-Individual
8,10,24,12,Hierarchical-Individual
9,22,5,17,Distributed-Collective
12,12,10,25,Distributed-Individual
12,23,8,25,Distributed-Individual
9,22,14,8,Distributed-Collective
12,12,18,17,Distributed-Individual
12,23,16,17,Distributed-Individual
17,22,10,5,Distributed-Collective
20,12,14,8,Distributed-Individual
20,23,12,8,Distributed-Individual
17,22,5,5,Distributed-Collective
20,12,10,12,Distributed-Individual
20,23,8,12,Distributed-Individual
9,22,14,8,Distributed-Collective
12,12,18,17,Distributed-Individual
12,23,16,17,Distributed-Individual
17,22,14,5,Distributed-Collective
20,12,18,12,Distributed-Individual
20,23,16,12,Distributed-Individual
5,22,7,12,Hierarchical-Collective
7,22,5,21,Hierarchical-Collective
12,22,7,17,Distributed-Individual
13,19,10,17,Distributed-Collective
11,22,7,17,Distributed-Individual
11,22,7,21,Distributed-Individual
11,22,7,21,Distributed-Individual
20,22,5,12,Distributed-Individual
11,22,11,21,Distributed-Individual
11,22,7,21,Distributed-Individual
6,13,16,17,Hierarchical-Individual
6,21,5,17,Hierarchical-Individual
8,22,5,17,Distributed-Collective
8,21,5,17,Hierarchical-Collective
11,14,9,8,Distributed-Individual
6,13,25,21,Hierarchical-Individual
6,21,12,21,Hierarchical-Individual
8,22,9,21,Distributed-Collective
8,21,10,21,Hierarchical-Collective
11,14,18,12,Distributed-Individual
15,13,20,12,Hierarchical-Individual
14,21,8,12,Hierarchical-Individual
16,22,5,12,Distributed-Collective
16,21,6,12,Hierarchical-Collective
19,14,13,5,Distributed-Individual
6,13,25,21,Hierarchical-Individual
6,21,12,21,Hierarchical-Individual
8,22,9,21,Distributed-Collective
8,21,10,21,Hierarchical-Collective
11,14,18,12,Distributed-Individual
6,13,20,21,Hierarchical-Individual
6,21,8,21,Hierarchical-Individual
8,22,5,21,Distributed-Collective
8,21,6,21,Hierarchical-Collective
11,14,13,12,Distributed-Individual
8,14,18,12,Distributed-Collective
9,20,15,21,Distributed-Collective
16,14,14,5,Distributed-Collective
18,20,10,12,Distributed-Collective
16,14,18,5,Distributed-Collective
18,20,15,12,Distributed-Collective
12,13,22,21,Hierarchical-Collective
11,10,17,21,Distributed-Collective
12,22,13,12,Distributed-Collective
13,13,22,21,Distributed-Collective
12,13,18,21,Hierarchical-Collective
11,10,12,21,Distributed-Collective
12,22,9,12,Distributed-Collective
13,13,18,21,Distributed-Collective
12,13,18,25,Hierarchical-Collective
11,10,12,25,Distributed-Collective
12,22,9,17,Distributed-Collective
13,13,18,25,Distributed-Collective
13,24,9,25,Hierarchical-Collective
14,16,19,25,Hierarchical-Collective
20,23,8,12,Hierarchical-Collective
20,23,5,12,Distributed-Collective
20,14,9,5,Distributed-Collective
20,23,12,8,Hierarchical-Collective
20,23,8,8,Distributed-Collective
20,14,13,5,Distributed-Collective
20,23,12,17,Hierarchical-Collective
20,23,8,17,Distributed-Collective
20,14,13,8,Distributed-Collective
20,23,16,17,Hierarchical-Collective
20,23,12,17,Distributed-Collective
20,14,17,8,Distributed-Collective
6,22,5,12,Distributed-Collective
7,15,12,21,Distributed-Collective
14,22,12,5,Distributed-Collective
15,15,21,8,Distributed-Collective
19,24,8,8,Distributed-Individual
19,23,5,17,Hierarchical-Collective
20,16,15,17,Hierarchical-Collective
10,24,8,12,Distributed-Individual
11,23,5,21,Hierarchical-Collective
11,16,15,21,Hierarchical-Collective
10,18,15,25,Hierarchical-Individual
8,19,15,25,Distributed-Collective
11,10,18,25,Distributed-Individual
19,18,6,12,Hierarchical-Individual
17,19,6,12,Distributed-Collective
20,10,10,12,Distributed-Individual
10,18,6,21,Hierarchical-Individual
8,19,6,21,Distributed-Collective
11,10,10,21,Distributed-Individual
13,19,13,12,Hierarchical-Collective
9,21,10,21,Distributed-Collective
13,19,5,17,Hierarchical-Collective
9,21,5,25,Distributed-Collective
13,19,9,8,Hierarchical-Collective
9,21,6,17,Distributed-Collective
13,19,9,8,Hierarchical-Collective
9,21,6,17,Distributed-Collective
13,19,9,12,Hierarchical-Collective
9,21,6,21,Distributed-Collective
8,21,12,21,Distributed-Collective
8,21,8,17,Distributed-Collective
8,21,12,25,Distributed-Collective
8,21,8,25,Distributed-Collective
17,21,8,12,Distributed-Collective
16,13,16,17,Hierarchical-Individual
18,13,15,8,Hierarchical-Individual
7,13,16,21,Hierarchical-Individual
9,13,15,12,Hierarchical-Individual
7,13,16,21,Hierarchical-Individual
9,13,15,12,Hierarchical-Individual
7,13,16,25,Hierarchical-Individual
9,13,15,17,Hierarchical-Individual
16,13,16,12,Hierarchical-Individual
18,13,15,5,Hierarchical-Individual
12,19,16,17,Distributed-Collective
9,15,17,25,Distributed-Individual
10,21,15,25,Hierarchical-Collective
17,15,9,12,Distributed-Individual
18,21,7,12,Hierarchical-Collective
10,24,10,17,Distributed-Collective
19,24,10,12,Distributed-Collective
10,24,14,21,Distributed-Collective
19,24,14,12,Distributed-Collective
12,20,9,21,Distributed-Collective
12,13,16,21,Distributed-Individual
12,20,9,17,Distributed-Collective
12,13,16,17,Distributed-Individual
18,22,12,12,Hierarchical-Individual
16,22,9,5,Distributed-Individual
10,11,10,17,Hierarchical-Individual
12,12,15,8,Distributed-Collective
9,19,5,8,Distributed-Collective
18,11,14,12,Hierarchical-Individual
20,12,20,5,Distributed-Collective
17,19,10,5,Distributed-Collective
18,11,18,12,Hierarchical-Individual
20,12,24,5,Distributed-Collective
17,19,14,5,Distributed-Collective
10,11,18,21,Hierarchical-Individual
12,12,24,12,Distributed-Collective
9,19,14,12,Distributed-Collective
20,13,17,17,Distributed-Individual
12,13,13,25,Distributed-Individual
20,13,17,12,Distributed-Individual
20,13,17,12,Distributed-Individual
12,13,21,21,Distributed-Individual
12,13,13,21,Distributed-Individual
20,13,17,12,Distributed-Individual
12,13,17,21,Distributed-Individual
12,13,17,25,Distributed-Individual
21,21,9,17,Distributed-Individual
19,21,12,8,Distributed-Individual
13,21,9,21,Distributed-Individual
10,21,12,12,Distributed-Individual
21,21,13,12,Distributed-Individual
19,21,16,5,Distributed-Individual
21,21,9,12,Distributed-Individual
19,21,12,5,Distributed-Individual
15,21,9,21,Hierarchical-Individual
12,18,8,21,Distributed-Collective
15,19,12,12,Distributed-Collective
14,19,5,12,Hierarchical-Collective
16,21,14,12,Distributed-Individual
17,21,9,12,Distributed-Individual
16,21,10,17,Distributed-Individual
17,21,5,17,Distributed-Individual
8,21,5,21,Distributed-Individual
9,21,5,21,Distributed-Individual
12,21,8,17,Distributed-Individual
12,21,5,21,Distributed-Individual
20,21,8,12,Distributed-Individual
12,21,8,21,Distributed-Individual
12,21,5,21,Distributed-Individual
20,21,5,12,Distributed-Individual
18,21,12,8,Distributed-Collective
18,22,10,8,Hierarchical-Collective
10,21,8,25,Distributed-Collective
9,22,5,25,Hierarchical-Collective
18,21,17,12,Distributed-Collective
18,22,14,12,Hierarchical-Collective
10,21,12,21,Distributed-Collective
9,22,10,21,Hierarchical-Collective
18,21,12,12,Distributed-Collective
18,22,10,12,Hierarchical-Collective
10,21,12,17,Distributed-Collective
9,22,10,17,Hierarchical-Collective
10,21,8,25,Distributed-Collective
9,22,5,25,Hierarchical-Collective
18,21,11,17,Hierarchical-Collective
10,21,11,21,Hierarchical-Collective
18,21,15,8,Hierarchical-Collective
18,22,12,17,Hierarchical-Collective
18,22,12,17,Distributed-Individual
17,21,15,17,Distributed-Collective
16,24,16,12,Distributed-Collective
13,14,17,5,Hierarchical-Collective
16,24,8,12,Distributed-Collective
13,14,9,5,Hierarchical-Collective
8,20,11,8,Hierarchical-Collective
7,11,20,8,Hierarchical-Collective
9,20,5,17,Distributed-Individual
17,20,11,5,Hierarchical-Collective
15,11,20,5,Hierarchical-Collective
17,20,5,8,Distributed-Individual
17,20,11,5,Hierarchical-Collective
15,11,20,5,Hierarchical-Collective
17,20,5,8,Distributed-Individual
8,20,15,17,Hierarchical-Collective
7,11,25,17,Hierarchical-Collective
9,20,10,25,Distributed-Individual
8,20,11,12,Hierarchical-Collective
7,11,20,12,Hierarchical-Collective
9,20,5,21,Distributed-Individual
17,20,11,5,Hierarchical-Collective
15,11,20,5,Hierarchical-Collective
17,20,5,12,Distributed-Individual
12,23,11,8,Distributed-Collective
9,23,9,17,Distributed-Individual
12,23,11,17,Distributed-Collective
9,23,9,25,Distributed-Individual
12,23,11,12,Distributed-Collective
9,23,9,21,Distributed-Individual
12,23,7,12,Distributed-Collective
9,23,5,21,Distributed-Individual
12,23,15,17,Distributed-Collective
9,23,13,25,Distributed-Individual
20,23,15,5,Distributed-Collective
17,23,13,12,Distributed-Individual
8,13,18,17,Distributed-Collective
8,13,14,21,Distributed-Collective
8,13,14,25,Distributed-Collective
8,13,18,21,Distributed-Collective
17,13,14,8,Distributed-Collective
8,21,6,17,Distributed-Individual
11,22,8,17,Hierarchical-Collective
9,19,5,17,Hierarchical-Collective
13,21,5,8,Distributed-Collective
12,22,10,17,Hierarchical-Individual
8,21,5,17,Distributed-Individual
11,22,5,17,Hierarchical-Collective
9,19,5,17,Hierarchical-Collective
13,21,5,8,Distributed-Collective
12,22,6,17,Hierarchical-Individual
16,21,6,12,Distributed-Individual
19,22,8,12,Hierarchical-Collective
17,19,5,12,Hierarchical-Collective
21,21,5,5,Distributed-Collective
20,22,10,12,Hierarchical-Individual
8,21,5,21,Distributed-Individual
11,22,5,21,Hierarchical-Collective
9,19,5,21,Hierarchical-Collective
13,21,5,12,Distributed-Collective
12,22,6,21,Hierarchical-Individual
8,22,8,25,Distributed-Individual
8,22,8,21,Distributed-Individual
16,22,12,12,Distributed-Individual
8,22,8,25,Distributed-Individual
8,19,7,21,Hierarchical-Individual
9,11,16,21,Distributed-Collective
11,10,17,21,Hierarchical-Individual
9,12,13,21,Distributed-Individual
8,19,11,21,Hierarchical-Individual
9,11,20,21,Distributed-Collective
11,10,21,21,Hierarchical-Individual
9,12,18,21,Distributed-Individual
8,19,15,21,Hierarchical-Individual
9,11,24,21,Distributed-Collective
11,10,25,21,Hierarchical-Individual
9,12,22,21,Distributed-Individual
9,13,12,12,Hierarchical-Collective
11,22,9,12,Hierarchical-Individual
9,13,8,8,Hierarchical-Collective
11,22,5,8,Hierarchical-Individual
13,16,16,8,Distributed-Collective
12,15,17,17,Distributed-Individual
9,23,8,17,Hierarchical-Individual
21,16,16,5,Distributed-Collective
20,15,17,12,Distributed-Individual
17,23,8,12,Hierarchical-Individual
15,22,5,5,Distributed-Individual
6,22,5,8,Distributed-Individual
15,22,5,5,Distributed-Individual
21,19,5,5,Distributed-Collective
13,19,8,12,Distributed-Collective
13,19,12,12,Distributed-Collective
11,13,19,21,Hierarchical-Collective
11,20,7,21,Hierarchical-Collective
11,13,19,21,Hierarchical-Collective
11,20,7,21,Hierarchical-Collective
11,13,19,21,Hierarchical-Collective
11,20,7,21,Hierarchical-Collective
19,13,23,12,Hierarchical-Collective
19,20,11,12,Hierarchical-Collective
19,13,19,12,Hierarchical-Collective
19,20,7,12,Hierarchical-Collective
8,23,7,17,Hierarchical-Collective
8,19,7,25,Distributed-Collective
11,20,12,17,Hierarchical-Individual
8,23,11,8,Hierarchical-Collective
8,19,11,17,Distributed-Collective
11,20,16,8,Hierarchical-Individual
8,23,11,12,Hierarchical-Collective
8,19,11,21,Distributed-Collective
11,20,16,12,Hierarchical-Individual
8,23,5,8,Hierarchical-Collective
8,19,5,17,Distributed-Collective
11,20,8,8,Hierarchical-Individual
17,23,5,5,Hierarchical-Collective
16,19,5,12,Distributed-Collective
19,20,8,5,Hierarchical-Individual
19,19,6,5,Hierarchical-Collective
16,12,15,5,Hierarchical-Collective
11,19,6,8,Hierarchical-Collective
8,12,15,8,Hierarchical-Collective
19,19,6,5,Hierarchical-Collective
16,12,15,5,Hierarchical-Collective
11,19,6,12,Hierarchical-Collective
8,12,15,12,Hierarchical-Collective
17,16,8,12,Distributed-Collective
20,15,10,12,Hierarchical-Collective
22,14,15,12,Distributed-Individual
19,24,8,5,Hierarchical-Individual
20,21,7,12,Hierarchical-Collective
20,15,9,5,Hierarchical-Individual
9,16,12,21,Distributed-Collective
11,15,14,21,Hierarchical-Collective
13,14,19,21,Distributed-Individual
11,24,12,12,Hierarchical-Individual
12,21,11,21,Hierarchical-Collective
11,15,13,12,Hierarchical-Individual
9,16,17,17,Distributed-Collective
11,15,18,17,Hierarchical-Collective
13,14,23,17,Distributed-Individual
11,24,16,8,Hierarchical-Individual
12,21,15,17,Hierarchical-Collective
11,15,17,8,Hierarchical-Individual
17,16,17,17,Distributed-Collective
20,15,18,17,Hierarchical-Collective
22,14,23,17,Distributed-Individual
19,24,16,8,Hierarchical-Individual
20,21,15,17,Hierarchical-Collective
20,15,17,8,Hierarchical-Individual
17,16,8,12,Distributed-Collective
20,15,10,12,Hierarchical-Collective
22,14,15,12,Distributed-Individual
19,24,8,5,Hierarchical-Individual
20,21,7,12,Hierarchical-Collective
20,15,9,5,Hierarchical-Individual
22,15,14,5,Hierarchical-Individual
22,15,21,12,Distributed-Individual
20,20,6,5,Distributed-Individual
14,15,14,12,Hierarchical-Individual
14,15,21,21,Distributed-Individual
11,20,6,12,Distributed-Individual
20,15,19,5,Distributed-Individual
20,23,15,12,Distributed-Individual
6,15,19,21,Distributed-Individual
8,13,16,21,Hierarchical-Individual
10,14,15,21,Distributed-Collective
11,13,14,8,Distributed-Collective
13,21,5,8,Distributed-Collective
11,14,9,17,Distributed-Collective
11,13,22,17,Distributed-Collective
13,21,13,17,Distributed-Collective
11,14,17,25,Distributed-Collective
11,13,18,12,Distributed-Collective
13,21,9,12,Distributed-Collective
11,14,13,21,Distributed-Collective
7,21,5,17,Distributed-Collective
16,21,5,8,Distributed-Collective
7,21,6,21,Distributed-Collective
7,21,6,21,Distributed-Collective
7,21,6,21,Distributed-Collective
18,22,5,5,Hierarchical-Individual
17,12,12,8,Hierarchical-Collective
19,22,5,8,Hierarchical-Individual
10,22,12,17,Hierarchical-Individual
8,12,21,25,Hierarchical-Collective
11,22,13,25,Hierarchical-Individual
10,22,8,12,Hierarchical-Individual
8,12,17,21,Hierarchical-Collective
11,22,9,21,Hierarchical-Individual
20,24,12,8,Distributed-Collective
19,10,18,8,Distributed-Collective
20,18,9,8,Distributed-Collective
11,10,22,17,Distributed-Collective
12,18,13,17,Distributed-Collective
11,10,22,25,Distributed-Collective
12,18,13,25,Distributed-Collective
19,10,18,8,Distributed-Collective
20,18,9,8,Distributed-Collective
19,10,18,12,Distributed-Collective
20,18,9,12,Distributed-Collective
19,10,18,12,Distributed-Collective
20,18,9,12,Distributed-Collective
19,10,22,8,Distributed-Collective
20,18,13,8,Distributed-Collective
11,10,22,25,Distributed-Collective
12,18,13,25,Distributed-Collective
8,19,8,17,Distributed-Collective
11,21,11,17,Distributed-Collective
16,19,5,12,Distributed-Collective
19,21,7,12,Distributed-Collective
16,19,8,12,Distributed-Collective
19,21,11,12,Distributed-Collective
16,19,8,12,Distributed-Collective
19,21,11,12,Distributed-Collective
16,12,19,5,Hierarchical-Individual
16,12,15,8,Hierarchical-Individual
8,12,23,8,Hierarchical-Individual
16,12,19,5,Hierarchical-Individual
16,12,19,5,Hierarchical-Individual
14,14,13,12,Distributed-Collective
16,23,11,12,Distributed-Collective
11,14,22,21,Hierarchical-Individual
9,21,15,21,Distributed-Collective
13,13,17,21,Hierarchical-Collective
11,14,18,21,Hierarchical-Individual
9,21,11,21,Distributed-Collective
13,13,13,21,Hierarchical-Collective
11,14,22,21,Hierarchical-Individual
9,21,15,21,Distributed-Collective
13,13,17,21,Hierarchical-Collective
19,21,9,12,Hierarchical-Individual
10,21,13,17,Hierarchical-Individual
10,21,9,25,Hierarchical-Individual
19,21,9,8,Hierarchical-Individual
10,21,9,17,Hierarchical-Individual
10,21,9,25,Hierarchical-Individual
16,15,12,8,Distributed-Collective
7,15,12,17,Distributed-Collective
7,15,20,12,Distributed-Collective
7,15,20,17,Distributed-Collective
7,15,12,8,Distributed-Collective
9,21,10,21,Hierarchical-Collective
12,12,18,21,Hierarchical-Collective
17,21,5,12,Hierarchical-Collective
20,12,10,12,Hierarchical-Collective
9,21,5,21,Hierarchical-Collective
12,12,10,21,Hierarchical-Collective
9,21,5,17,Hierarchical-Collective
12,12,14,17,Hierarchical-Collective
9,21,5,21,Hierarchical-Collective
12,12,14,21,Hierarchical-Collective
9,21,10,17,Hierarchical-Collective
12,12,18,17,Hierarchical-Collective
12,13,15,12,Hierarchical-Individual
9,22,8,21,Hierarchical-Individual
10,20,5,21,Distributed-Collective
20,13,20,5,Hierarchical-Individual
17,22,12,12,Hierarchical-Individual
18,20,6,12,Distributed-Collective
12,13,20,17,Hierarchical-Individual
9,22,12,25,Hierarchical-Individual
10,20,6,25,Distributed-Collective
20,13,20,5,Hierarchical-Individual
17,22,12,8,Hierarchical-Individual
18,20,6,8,Distributed-Collective
20,13,24,5,Hierarchical-Individual
17,22,16,12,Hierarchical-Individual
18,20,10,12,Distributed-Collective
12,13,20,8,Hierarchical-Individual
9,22,12,17,Hierarchical-Individual
10,20,6,17,Distributed-Collective
7,10,20,21,Distributed-Collective
10,13,15,21,Hierarchical-Individual
7,10,25,21,Distributed-Collective
10,13,19,21,Hierarchical-Individual
7,10,25,17,Distributed-Collective
10,13,19,17,Hierarchical-Individual
18,18,10,5,Hierarchical-Individual
19,11,18,12,Distributed-Individual
10,18,10,8,Hierarchical-Individual
11,11,18,17,Distributed-Individual
10,18,10,17,Hierarchical-Individual
11,11,18,25,Distributed-Individual
19,21,8,12,Hierarchical-Collective
11,21,8,21,Hierarchical-Collective
20,12,18,5,Hierarchical-Collective
17,11,17,12,Distributed-Individual
11,12,10,17,Hierarchical-Collective
9,11,8,25,Distributed-Individual
20,12,10,5,Hierarchical-Collective
17,11,8,12,Distributed-Individual
11,21,13,21,Hierarchical-Individual
10,23,12,21,Distributed-Collective
11,21,13,21,Hierarchical-Collective
19,21,5,8,Hierarchical-Individual
19,23,5,8,Distributed-Collective
19,21,5,8,Hierarchical-Collective
7,23,12,21,Distributed-Collective
6,13,12,21,Distributed-Collective
6,11,15,12,Distributed-Collective
20,20,12,8,Distributed-Individual
18,13,22,17,Distributed-Individual
12,20,12,17,Distributed-Individual
10,13,22,25,Distributed-Individual
12,20,8,8,Distributed-Individual
10,13,18,17,Distributed-Individual
12,20,5,17,Distributed-Individual
10,13,14,25,Distributed-Individual
12,20,8,17,Distributed-Individual
10,13,18,25,Distributed-Individual
20,20,5,5,Distributed-Individual
18,13,14,8,Distributed-Individual
21,15,16,12,Hierarchical-Individual
19,24,12,5,Distributed-Individual
12,15,16,17,Hierarchical-Individual
11,24,12,8,Distributed-Individual
21,15,12,8,Hierarchical-Individual
19,24,8,5,Distributed-Individual
13,23,9,21,Hierarchical-Individual
11,13,12,21,Hierarchical-Collective
13,23,9,25,Hierarchical-Individual
11,13,12,25,Hierarchical-Collective
22,23,9,12,Hierarchical-Individual
19,13,12,12,Hierarchical-Collective
13,23,13,25,Hierarchical-Individual
11,13,17,25,Hierarchical-Collective
13,23,9,21,Hierarchical-Individual
11,13,12,21,Hierarchical-Collective
22,23,5,17,Hierarchical-Individual
19,13,8,17,Hierarchical-Collective
12,22,6,12,Distributed-Individual
9,13,15,12,Distributed-Individual
13,21,7,21,Hierarchical-Collective
11,19,16,12,Hierarchical-Individual
10,13,21,12,Distributed-Collective
19,21,10,12,Distributed-Individual
18,21,6,5,Distributed-Individual
16,24,9,12,Hierarchical-Individual
19,21,10,8,Distributed-Individual
18,21,6,5,Distributed-Individual
16,24,9,8,Hierarchical-Individual
17,18,8,5,Distributed-Collective
15,11,15,12,Distributed-Collective
9,18,12,12,Distributed-Collective
7,11,19,21,Distributed-Collective
9,18,8,12,Distributed-Collective
7,11,15,21,Distributed-Collective
9,18,5,12,Distributed-Collective
7,11,11,21,Distributed-Collective
11,22,5,25,Distributed-Individual
7,19,5,25,Distributed-Collective
19,22,11,8,Distributed-Individual
16,19,10,8,Distributed-Collective
19,22,11,12,Distributed-Individual
16,19,10,12,Distributed-Collective
19,22,7,17,Distributed-Individual
16,19,6,17,Distributed-Collective
11,22,7,21,Distributed-Individual
7,19,6,21,Distributed-Collective
10,21,13,17,Hierarchical-Individual
18,21,13,8,Hierarchical-Individual
18,15,17,5,Distributed-Individual
13,14,19,12,Hierarchical-Collective
18,14,18,12,Distributed-Individual
15,22,12,12,Hierarchical-Individual
17,12,20,12,Distributed-Individual
18,15,17,5,Distributed-Individual
13,14,19,12,Hierarchical-Collective
18,14,18,12,Distributed-Individual
15,22,12,12,Hierarchical-Individual
17,12,20,12,Distributed-Individual
10,15,17,12,Distributed-Individual
5,14,19,21,Hierarchical-Collective
9,14,18,21,Distributed-Individual
7,22,12,21,Hierarchical-Individual
9,12,20,21,Distributed-Individual
16,15,20,12,Hierarchical-Collective
17,23,16,12,Distributed-Individual
18,20,11,12,Distributed-Collective
19,15,24,12,Hierarchical-Collective
7,15,15,25,Hierarchical-Collective
9,23,12,25,Distributed-Individual
9,20,7,25,Distributed-Collective
10,15,20,25,Hierarchical-Collective
16,15,15,12,Hierarchical-Collective
17,23,12,12,Distributed-Individual
18,20,7,12,Distributed-Collective
19,15,20,12,Hierarchical-Collective
7,15,11,25,Hierarchical-Collective
9,23,8,25,Distributed-Individual
9,20,5,25,Distributed-Collective
10,15,16,25,Hierarchical-Collective
7,14,14,21,Hierarchical-Collective
8,23,8,21,Hierarchical-Collective
7,14,10,21,Hierarchical-Collective
8,23,5,21,Hierarchical-Collective
7,14,14,21,Hierarchical-Collective
8,23,8,21,Hierarchical-Collective
7,14,18,21,Hierarchical-Collective
8,23,12,21,Hierarchical-Collective
7,14,10,17,Hierarchical-Collective
8,23,5,17,Hierarchical-Collective
15,14,10,17,Hierarchical-Collective
17,23,5,17,Hierarchical-Collective
7,14,14,21,Hierarchical-Collective
8,23,8,21,Hierarchical-Collective
7,14,14,21,Hierarchical-Collective
8,23,8,21,Hierarchical-Collective
7,14,14,21,Hierarchical-Collective
8,23,8,21,Hierarchical-Collective
7,14,14,21,Hierarchical-Collective
8,23,8,21,Hierarchical-Collective
21,20,12,12,Hierarchical-Individual
20,15,15,12,Hierarchical-Individual
22,14,20,12,Hierarchical-Individual
18,22,8,12,Distributed-Collective
8,18,9,8,Distributed-Individual
7,13,13,17,Distributed-Collective
17,18,9,5,Distributed-Individual
16,13,13,8,Distributed-Collective
8,18,13,12,Distributed-Individual
7,13,17,21,Distributed-Collective
8,18,9,12,Distributed-Individual
7,13,13,21,Distributed-Collective
8,18,9,8,Distributed-Individual
7,13,13,17,Distributed-Collective
17,18,5,5,Distributed-Individual
16,13,9,12,Distributed-Collective
17,12,21,17,Distributed-Individual
17,16,17,17,Distributed-Collective
19,15,18,17,Distributed-Individual
16,12,17,17,Hierarchical-Collective
14,15,22,8,Hierarchical-Collective
17,12,21,12,Distributed-Individual
17,16,17,12,Distributed-Collective
19,15,18,12,Distributed-Individual
16,12,17,12,Hierarchical-Collective
14,15,22,5,Hierarchical-Collective
7,13,15,25,Hierarchical-Individual
7,11,20,25,Distributed-Collective
14,22,17,17,Distributed-Collective
16,22,15,17,Distributed-Individual
14,22,12,12,Distributed-Collective
16,22,11,12,Distributed-Individual
18,21,5,12,Hierarchical-Collective
18,21,10,12,Hierarchical-Collective
17,21,5,17,Hierarchical-Collective
9,20,10,8,Hierarchical-Collective
9,20,10,12,Hierarchical-Collective
9,20,10,12,Hierarchical-Collective
17,20,6,5,Hierarchical-Collective
9,20,5,17,Hierarchical-Collective
17,20,10,5,Hierarchical-Collective
9,20,10,12,Hierarchical-Collective
17,20,10,5,Hierarchical-Collective
20,22,8,17,Hierarchical-Collective
17,15,17,8,Distributed-Individual
16,22,11,17,Distributed-Individual
17,23,5,17,Distributed-Individual
21,21,10,17,Hierarchical-Individual
8,23,5,21,Distributed-Individual
13,21,10,21,Hierarchical-Individual
8,23,10,21,Distributed-Individual
13,21,15,21,Hierarchical-Individual
17,14,13,12,Distributed-Collective
18,22,9,12,Distributed-Individual
18,15,17,12,Hierarchical-Collective
16,14,18,12,Distributed-Collective
9,14,18,21,Distributed-Collective
10,22,13,21,Distributed-Individual
10,15,21,21,Hierarchical-Collective
8,14,22,21,Distributed-Collective
17,14,9,12,Distributed-Collective
18,22,5,12,Distributed-Individual
18,15,13,12,Hierarchical-Collective
16,14,13,12,Distributed-Collective
8,20,5,21,Distributed-Individual
8,20,8,25,Distributed-Individual
17,20,5,8,Distributed-Individual
17,20,5,12,Distributed-Individual
9,22,6,21,Distributed-Individual
7,22,5,21,Distributed-Individual
6,12,10,12,Distributed-Collective
9,22,10,17,Distributed-Individual
7,22,6,17,Distributed-Individual
6,12,15,8,Distributed-Collective
10,12,17,21,Distributed-Collective
13,14,15,21,Hierarchical-Individual
18,12,16,8,Hierarchical-Collective
16,21,11,17,Hierarchical-Collective
18,12,20,5,Hierarchical-Collective
16,21,15,12,Hierarchical-Collective
18,12,16,5,Hierarchical-Collective
16,21,11,12,Hierarchical-Collective
9,12,16,17,Hierarchical-Collective
8,21,11,25,Hierarchical-Collective
8,21,5,25,Distributed-Collective
16,21,10,12,Distributed-Collective
16,21,10,12,Distributed-Collective
16,21,6,12,Distributed-Collective
11,21,12,17,Distributed-Individual
9,23,10,8,Hierarchical-Individual
20,21,12,17,Distributed-Individual
17,23,10,8,Hierarchical-Individual
20,12,20,12,Hierarchical-Collective
19,14,20,12,Distributed-Collective
12,12,11,21,Hierarchical-Collective
11,14,11,21,Distributed-Collective
18,11,15,12,Hierarchical-Collective
19,18,6,12,Hierarchical-Individual
18,21,9,12,Distributed-Collective
9,11,15,17,Hierarchical-Collective
11,18,6,17,Hierarchical-Individual
10,21,9,17,Distributed-Collective
9,13,18,12,Distributed-Collective
9,21,7,21,Hierarchical-Collective
11,14,16,12,Distributed-Collective
9,13,22,12,Distributed-Collective
9,21,11,21,Hierarchical-Collective
11,14,20,12,Distributed-Collective
9,13,22,8,Distributed-Collective
9,21,11,17,Hierarchical-Collective
11,14,20,8,Distributed-Collective
20,22,10,8,Hierarchical-Individual
20,21,9,5,Distributed-Individual
20,22,10,17,Hierarchical-Individual
20,21,9,8,Distributed-Individual
11,22,10,21,Hierarchical-Individual
12,21,9,12,Distributed-Individual
20,22,5,17,Hierarchical-Individual
20,21,5,8,Distributed-Individual
9,23,5,17,Distributed-Collective
9,23,8,8,Distributed-Collective
13,16,18,12,Distributed-Collective
13,16,22,12,Distributed-Collective
13,16,13,12,Distributed-Collective
9,21,8,21,Hierarchical-Individual
10,13,17,21,Distributed-Individual
7,21,5,17,Distributed-Individual
10,14,15,8,Hierarchical-Individual
7,12,20,17,Distributed-Collective
7,22,5,8,Hierarchical-Individual
15,21,5,8,Distributed-Individual
18,14,15,5,Hierarchical-Individual
15,12,20,8,Distributed-Collective
15,22,5,5,Hierarchical-Individual
15,21,10,12,Distributed-Individual
18,14,19,5,Hierarchical-Individual
15,12,24,12,Distributed-Collective
15,22,8,5,Hierarchical-Individual
15,21,10,8,Distributed-Individual
18,14,19,5,Hierarchical-Individual
15,12,24,8,Distributed-Collective
15,22,8,5,Hierarchical-Individual
7,21,5,17,Distributed-Individual
10,14,11,8,Hierarchical-Individual
7,12,15,17,Distributed-Collective
7,22,5,8,Hierarchical-Individual
7,21,10,21,Distributed-Individual
10,14,19,12,Hierarchical-Individual
7,12,24,21,Distributed-Collective
7,22,8,12,Hierarchical-Individual
17,19,5,12,Distributed-Individual
15,22,5,12,Hierarchical-Individual
17,21,5,12,Distributed-Collective
14,21,5,5,Hierarchical-Individual
17,14,13,12,Distributed-Individual
12,12,16,21,Distributed-Individual
11,22,5,21,Distributed-Collective
13,13,12,21,Distributed-Collective
12,12,16,21,Distributed-Individual
11,22,5,21,Distributed-Collective
13,13,12,21,Distributed-Collective
12,12,16,21,Distributed-Individual
11,22,5,21,Distributed-Collective
13,13,12,21,Distributed-Collective
9,19,5,25,Distributed-Collective
11,20,8,17,Hierarchical-Individual
10,14,20,25,Distributed-Individual
8,18,12,25,Hierarchical-Collective
10,18,8,25,Hierarchical-Individual
8,10,18,25,Hierarchical-Individual
17,19,5,12,Distributed-Collective
19,20,5,5,Hierarchical-Individual
18,14,15,12,Distributed-Individual
17,18,8,12,Hierarchical-Collective
18,18,5,12,Hierarchical-Individual
16,10,14,12,Hierarchical-Individual
17,19,5,12,Distributed-Collective
19,20,8,5,Hierarchical-Individual
18,14,20,12,Distributed-Individual
17,18,12,12,Hierarchical-Collective
18,18,8,12,Hierarchical-Individual
16,10,18,12,Hierarchical-Individual
9,19,9,21,Distributed-Collective
11,20,12,12,Hierarchical-Individual
10,14,24,21,Distributed-Individual
8,18,16,21,Hierarchical-Collective
10,18,12,21,Hierarchical-Individual
8,10,22,21,Hierarchical-Individual
7,22,10,17,Distributed-Individual
10,13,20,17,Hierarchical-Individual
7,22,10,21,Distributed-Individual
10,13,20,21,Hierarchical-Individual
7,22,5,17,Distributed-Individual
10,13,12,17,Hierarchical-Individual
16,22,10,8,Distributed-Individual
18,13,20,8,Hierarchical-Individual
7,22,5,17,Distributed-Individual
10,13,16,17,Hierarchical-Individual
7,22,5,25,Distributed-Individual
10,13,16,25,Hierarchical-Individual
7,20,10,25,Hierarchical-Individual
7,23,7,25,Hierarchical-Individual
10,23,8,17,Distributed-Collective
20,14,18,5,Hierarchical-Collective
12,14,18,12,Hierarchical-Collective
12,14,18,12,Hierarchical-Collective
12,14,22,8,Hierarchical-Collective
12,14,22,12,Hierarchical-Collective
20,14,22,5,Hierarchical-Collective
20,14,18,8,Hierarchical-Collective
12,14,22,8,Hierarchical-Collective
20,14,18,5,Hierarchical-Collective
19,12,25,5,Distributed-Collective
20,21,16,12,Distributed-Collective
16,22,11,12,Distributed-Individual
11,12,21,12,Distributed-Collective
12,21,12,21,Distributed-Collective
7,22,7,21,Distributed-Individual
11,12,25,8,Distributed-Collective
12,21,16,17,Distributed-Collective
7,22,11,17,Distributed-Individual
11,12,17,12,Distributed-Collective
12,21,8,21,Distributed-Collective
7,22,5,21,Distributed-Individual
11,12,21,12,Distributed-Collective
12,21,12,21,Distributed-Collective
7,22,7,21,Distributed-Individual
19,12,25,5,Distributed-Collective
20,21,16,8,Distributed-Collective
16,22,11,8,Distributed-Individual
21,20,12,8,Distributed-Collective
21,20,12,8,Distributed-Collective
21,20,12,12,Distributed-Collective
9,20,10,12,Hierarchical-Individual
8,18,8,12,Hierarchical-Collective
7,10,15,21,Hierarchical-Individual
12,12,19,21,Hierarchical-Collective
19,22,11,5,Hierarchical-Individual
20,21,8,12,Distributed-Collective
11,22,11,8,Hierarchical-Individual
12,21,8,17,Distributed-Collective
11,22,7,17,Hierarchical-Individual
12,21,5,25,Distributed-Collective
11,22,11,12,Hierarchical-Individual
12,21,8,21,Distributed-Collective
19,22,15,5,Hierarchical-Individual
20,21,12,12,Distributed-Collective
19,22,7,5,Hierarchical-Individual
20,21,5,12,Distributed-Collective
14,22,12,17,Distributed-Collective
15,22,11,17,Distributed-Individual
5,22,12,25,Distributed-Collective
7,22,11,25,Distributed-Individual
5,22,12,17,Distributed-Collective
7,22,11,17,Distributed-Individual
8,23,5,25,Distributed-Collective
8,23,13,17,Distributed-Collective
13,16,25,21,Hierarchical-Collective
12,16,18,21,Distributed-Individual
10,24,15,21,Hierarchical-Collective
9,14,20,12,Hierarchical-Collective
13,24,16,12,Hierarchical-Collective
11,22,15,12,Distributed-Collective
13,16,17,25,Hierarchical-Collective
12,16,10,25,Distributed-Individual
10,24,7,25,Hierarchical-Collective
9,14,11,17,Hierarchical-Collective
13,24,8,17,Hierarchical-Collective
11,22,7,17,Distributed-Collective
12,21,10,17,Hierarchical-Collective
14,15,23,17,Hierarchical-Individual
10,22,10,17,Distributed-Collective
12,12,17,17,Hierarchical-Collective
12,21,6,25,Hierarchical-Collective
14,15,19,25,Hierarchical-Individual
10,22,6,25,Distributed-Collective
12,12,13,25,Hierarchical-Collective
20,21,6,12,Hierarchical-Collective
23,15,19,12,Hierarchical-Individual
18,22,6,12,Distributed-Collective
20,12,13,12,Hierarchical-Collective
11,12,18,25,Hierarchical-Collective
11,12,14,21,Hierarchical-Collective
20,12,18,12,Hierarchical-Collective
11,12,18,25,Hierarchical-Collective
11,12,18,21,Hierarchical-Collective
8,19,11,21,Hierarchical-Collective
8,21,9,21,Hierarchical-Individual
8,19,15,21,Hierarchical-Collective
8,21,13,21,Hierarchical-Individual
8,19,11,21,Hierarchical-Collective
8,21,9,21,Hierarchical-Individual
17,19,11,8,Hierarchical-Collective
16,21,9,8,Hierarchical-Individual
7,14,18,25,Distributed-Individual
6,13,22,25,Hierarchical-Collective
6,13,19,25,Hierarchical-Individual
5,15,22,25,Distributed-Collective
20,13,22,12,Hierarchical-Collective
20,13,18,8,Hierarchical-Collective
12,13,14,21,Hierarchical-Collective
12,13,14,17,Hierarchical-Collective
20,13,14,12,Hierarchical-Collective
12,13,18,21,Hierarchical-Collective
12,13,22,17,Hierarchical-Collective
20,13,18,12,Hierarchical-Collective
17,23,8,17,Distributed-Collective
21,23,8,17,Hierarchical-Individual
9,23,12,21,Distributed-Collective
12,23,12,21,Hierarchical-Individual
9,23,16,21,Distributed-Collective
12,23,17,21,Hierarchical-Individual
17,23,16,12,Distributed-Collective
21,23,17,12,Hierarchical-Individual
18,22,8,17,Distributed-Collective
18,22,12,8,Distributed-Collective
18,22,12,8,Distributed-Collective
11,13,17,25,Hierarchical-Collective
9,19,11,25,Distributed-Collective
8,19,10,17,Distributed-Collective
11,13,12,21,Hierarchical-Collective
9,19,7,21,Distributed-Collective
8,19,5,12,Distributed-Collective
16,11,17,12,Distributed-Individual
15,19,11,12,Hierarchical-Collective
16,11,12,12,Distributed-Individual
15,19,7,12,Hierarchical-Collective
7,11,21,25,Distributed-Individual
7,19,15,25,Hierarchical-Collective
7,11,12,17,Distributed-Individual
7,19,7,17,Hierarchical-Collective
7,11,17,17,Distributed-Individual
7,19,11,17,Hierarchical-Collective
16,11,17,8,Distributed-Individual
15,19,11,8,Hierarchical-Collective
14,20,7,25,Distributed-Individual
12,12,12,17,Distributed-Individual
12,20,7,25,Hierarchical-Collective
12,22,6,25,Distributed-Individual
18,11,18,17,Hierarchical-Collective
16,21,14,17,Distributed-Collective
18,10,19,8,Hierarchical-Individual
8,20,11,17,Distributed-Collective
12,16,15,17,Distributed-Collective
8,22,8,8,Hierarchical-Individual
8,13,13,17,Hierarchical-Collective
16,20,11,12,Distributed-Collective
20,16,15,12,Distributed-Collective
16,22,8,5,Hierarchical-Individual
17,13,13,12,Hierarchical-Collective
8,20,11,21,Distributed-Collective
12,16,15,21,Distributed-Collective
8,22,8,12,Hierarchical-Individual
8,13,13,21,Hierarchical-Collective
8,20,15,21,Distributed-Collective
12,16,19,21,Distributed-Collective
8,22,12,12,Hierarchical-Individual
8,13,17,21,Hierarchical-Collective
8,20,11,17,Distributed-Collective
12,16,15,17,Distributed-Collective
8,22,8,8,Hierarchical-Individual
8,13,13,17,Hierarchical-Collective
8,20,11,17,Distributed-Collective
12,16,15,17,Distributed-Collective
8,22,8,8,Hierarchical-Individual
8,13,13,17,Hierarchical-Collective
16,20,11,8,Distributed-Collective
20,16,15,8,Distributed-Collective
16,22,8,5,Hierarchical-Individual
17,13,13,8,Hierarchical-Collective
8,20,7,17,Distributed-Collective
12,16,10,17,Distributed-Collective
8,22,5,8,Hierarchical-Individual
8,13,9,17,Hierarchical-Collective
20,15,16,5,Distributed-Collective
15,20,6,12,Distributed-Individual
16,21,5,5,Distributed-Collective
12,15,24,8,Distributed-Collective
7,20,14,17,Distributed-Individual
7,21,10,8,Distributed-Collective
20,15,20,5,Distributed-Collective
15,20,10,12,Distributed-Individual
16,21,6,5,Distributed-Collective
20,15,24,5,Distributed-Collective
15,20,14,8,Distributed-Individual
16,21,10,5,Distributed-Collective
17,14,12,12,Hierarchical-Individual
17,13,10,12,Hierarchical-Collective
20,13,12,12,Distributed-Individual
17,14,17,12,Hierarchical-Individual
17,13,14,12,Hierarchical-Collective
20,13,16,12,Distributed-Individual
9,14,21,25,Hierarchical-Individual
8,13,18,25,Hierarchical-Collective
12,13,20,25,Distributed-Individual
9,14,12,25,Hierarchical-Individual
8,13,10,25,Hierarchical-Collective
12,13,12,25,Distributed-Individual
17,14,21,12,Hierarchical-Individual
17,13,18,12,Hierarchical-Collective
20,13,20,12,Distributed-Individual
7,12,16,21,Hierarchical-Collective
7,12,16,17,Hierarchical-Collective
7,12,20,17,Hierarchical-Collective
7,12,16,25,Hierarchical-Collective
16,12,16,12,Hierarchical-Collective
16,12,16,8,Hierarchical-Collective
16,12,16,17,Hierarchical-Collective
7,12,20,25,Hierarchical-Collective
7,12,20,17,Hierarchical-Collective
7,12,16,17,Hierarchical-Collective
6,10,24,21,Hierarchical-Collective
8,19,10,21,Hierarchical-Collective
7,18,12,12,Hierarchical-Individual
6,13,22,21,Distributed-Collective
5,11,23,21,Hierarchical-Individual
7,19,8,12,Distributed-Collective
10,18,9,12,Hierarchical-Collective
9,23,5,8,Hierarchical-Collective
9,23,8,8,Hierarchical-Collective
18,23,5,8,Hierarchical-Collective
13,13,23,21,Distributed-Collective
11,24,9,21,Distributed-Collective
11,21,9,21,Distributed-Collective
14,23,11,21,Hierarchical-Individual
13,21,15,21,Hierarchical-Collective
8,12,18,21,Distributed-Collective
9,12,20,21,Hierarchical-Individual
10,22,14,21,Distributed-Collective
17,12,14,8,Distributed-Collective
17,12,15,8,Hierarchical-Individual
18,22,10,8,Distributed-Collective
8,14,15,21,Hierarchical-Collective
8,13,16,21,Hierarchical-Collective
12,23,11,12,Distributed-Individual
8,14,11,21,Hierarchical-Collective
8,13,12,21,Hierarchical-Collective
12,23,7,12,Distributed-Individual
10,21,12,21,Hierarchical-Individual
11,13,14,21,Distributed-Collective
18,21,16,12,Hierarchical-Individual
19,13,18,12,Distributed-Collective
10,21,12,25,Hierarchical-Individual
11,13,14,25,Distributed-Collective
10,21,12,17,Hierarchical-Individual
11,13,14,17,Distributed-Collective
10,21,8,21,Hierarchical-Individual
11,13,10,21,Distributed-Collective
18,21,16,8,Hierarchical-Individual
19,13,18,8,Distributed-Collective
10,21,16,21,Hierarchical-Individual
11,13,18,21,Distributed-Collective
10,21,16,17,Hierarchical-Individual
11,13,18,17,Distributed-Collective
17,23,12,8,Hierarchical-Collective
17,24,12,8,Distributed-Individual
9,23,8,21,Hierarchical-Collective
9,24,8,21,Distributed-Individual
8,21,5,17,Hierarchical-Collective
9,20,11,8,Hierarchical-Individual
8,12,12,17,Distributed-Collective
9,20,10,17,Distributed-Individual
8,20,5,17,Distributed-Collective
11,20,10,17,Hierarchical-Individual
8,21,5,21,Hierarchical-Collective
9,20,11,12,Hierarchical-Individual
8,12,12,21,Distributed-Collective
9,20,10,21,Distributed-Individual
8,20,5,21,Distributed-Collective
11,20,10,21,Hierarchical-Individual
8,21,5,21,Hierarchical-Collective
9,20,7,12,Hierarchical-Individual
8,12,8,21,Distributed-Collective
9,20,6,21,Distributed-Individual
8,20,5,21,Distributed-Collective
11,20,6,21,Hierarchical-Individual
8,22,5,21,Hierarchical-Individual
10,19,10,12,Hierarchical-Collective
13,21,8,12,Hierarchical-Collective
12,23,10,12,Distributed-Collective
11,20,5,12,Distributed-Collective
8,22,5,21,Hierarchical-Individual
10,19,10,12,Hierarchical-Collective
13,21,8,12,Hierarchical-Collective
12,23,10,12,Distributed-Collective
11,20,5,12,Distributed-Collective
11,24,6,21,Distributed-Individual
12,24,5,21,Hierarchical-Collective
11,24,5,17,Distributed-Individual
12,24,5,17,Hierarchical-Collective
19,24,10,12,Distributed-Individual
20,24,9,12,Hierarchical-Collective
11,24,10,21,Distributed-Individual
12,24,9,21,Hierarchical-Collective
11,24,6,17,Distributed-Individual
12,24,5,17,Hierarchical-Collective
19,20,8,8,Hierarchical-Collective
19,19,7,8,Hierarchical-Individual
19,20,8,5,Hierarchical-Collective
19,19,7,5,Hierarchical-Individual
20,15,11,12,Distributed-Collective
16,24,5,12,Hierarchical-Collective
20,15,15,12,Distributed-Collective
16,24,8,12,Hierarchical-Collective
20,15,15,8,Distributed-Collective
16,24,8,8,Hierarchical-Collective
10,22,17,17,Hierarchical-Individual
8,14,18,17,Hierarchical-Individual
18,22,8,17,Hierarchical-Individual
16,14,9,17,Hierarchical-Individual
10,22,17,25,Hierarchical-Individual
8,14,18,25,Hierarchical-Individual
18,22,17,12,Hierarchical-Individual
16,14,18,12,Hierarchical-Individual
10,24,5,21,Hierarchical-Individual
7,22,8,21,Hierarchical-Individual
8,22,10,12,Distributed-Individual
10,24,9,25,Hierarchical-Individual
7,22,12,25,Hierarchical-Individual
8,22,14,17,Distributed-Individual
10,24,9,25,Hierarchical-Individual
7,22,12,25,Hierarchical-Individual
8,22,14,17,Distributed-Individual
10,24,5,17,Hierarchical-Individual
7,22,8,17,Hierarchical-Individual
8,22,10,8,Distributed-Individual
10,24,5,21,Hierarchical-Individual
7,22,8,21,Hierarchical-Individual
8,22,10,12,Distributed-Individual
18,24,5,8,Hierarchical-Individual
15,22,8,8,Hierarchical-Individual
16,22,10,5,Distributed-Individual
19,13,15,12,Distributed-Individual
18,22,5,12,Hierarchical-Individual
18,13,14,12,Hierarchical-Collective
11,13,15,25,Distributed-Individual
9,22,5,25,Hierarchical-Individual
10,13,14,25,Hierarchical-Collective
19,13,15,8,Distributed-Individual
18,22,5,8,Hierarchical-Individual
18,13,14,8,Hierarchical-Collective
19,13,11,12,Distributed-Individual
18,22,5,12,Hierarchical-Individual
18,13,10,12,Hierarchical-Collective
11,13,15,17,Distributed-Individual
9,22,5,17,Hierarchical-Individual
10,13,14,17,Hierarchical-Collective
19,13,20,12,Distributed-Individual
18,22,9,12,Hierarchical-Individual
18,13,18,12,Hierarchical-Collective
8,18,8,17,Distributed-Individual
7,12,20,17,Hierarchical-Individual
18,14,20,5,Hierarchical-Individual
16,20,8,5,Hierarchical-Individual
10,14,20,12,Hierarchical-Individual
8,20,8,12,Hierarchical-Individual
16,22,6,12,Hierarchical-Individual
15,20,12,12,Hierarchical-Individual
16,12,12,5,Hierarchical-Individual
8,22,10,25,Hierarchical-Individual
7,20,16,25,Hierarchical-Individual
7,12,17,17,Hierarchical-Individual
16,22,6,8,Hierarchical-Individual
15,20,12,8,Hierarchical-Individual
16,12,12,5,Hierarchical-Individual
19,21,8,5,Distributed-Individual
19,22,5,8,Hierarchical-Collective
21,13,12,8,Hierarchical-Collective
21,16,11,8,Hierarchical-Collective
19,21,16,5,Distributed-Individual
19,22,8,8,Hierarchical-Collective
21,13,20,8,Hierarchical-Collective
21,16,20,8,Hierarchical-Collective
11,21,12,12,Distributed-Individual
11,22,5,21,Hierarchical-Collective
12,13,16,21,Hierarchical-Collective
12,16,15,21,Hierarchical-Collective
19,21,12,5,Distributed-Individual
19,22,5,12,Hierarchical-Collective
21,13,16,12,Hierarchical-Collective
21,16,15,12,Hierarchical-Collective
19,21,12,5,Distributed-Individual
19,22,5,12,Hierarchical-Collective
21,13,16,12,Hierarchical-Collective
21,16,15,12,Hierarchical-Collective
18,12,22,5,Distributed-Collective
17,14,25,12,Distributed-Individual
18,23,10,5,Distributed-Individual
13,13,20,12,Distributed-Collective
10,12,13,8,Distributed-Collective
9,14,16,17,Distributed-Individual
10,23,5,8,Distributed-Individual
5,13,12,17,Distributed-Collective
10,14,19,21,Distributed-Individual
8,22,8,21,Distributed-Individual
7,10,12,21,Hierarchical-Collective
10,14,19,21,Distributed-Individual
8,22,8,21,Distributed-Individual
7,10,12,21,Hierarchical-Collective
10,14,19,17,Distributed-Individual
8,22,8,17,Distributed-Individual
7,10,12,17,Hierarchical-Collective
10,14,19,17,Distributed-Individual
8,22,8,17,Distributed-Individual
7,10,12,17,Hierarchical-Collective
18,14,23,8,Distributed-Individual
16,22,12,8,Distributed-Individual
15,10,17,8,Hierarchical-Collective
8,22,11,8,Distributed-Individual
12,13,17,17,Hierarchical-Individual
8,22,7,12,Distributed-Individual
12,13,13,21,Hierarchical-Individual
8,22,11,12,Distributed-Individual
12,13,17,21,Hierarchical-Individual
17,22,11,5,Distributed-Individual
21,13,17,8,Hierarchical-Individual
8,22,11,17,Distributed-Individual
12,13,17,25,Hierarchical-Individual
17,22,11,5,Distributed-Individual
21,13,17,12,Hierarchical-Individual
19,12,24,8,Hierarchical-Collective
19,12,20,12,Hierarchical-Collective
19,12,20,17,Hierarchical-Collective
20,14,15,12,Distributed-Collective
19,16,10,12,Distributed-Individual
22,23,5,12,Hierarchical-Collective
11,14,19,17,Distributed-Collective
10,16,14,17,Distributed-Individual
14,23,7,17,Hierarchical-Collective
20,14,23,12,Distributed-Collective
19,16,18,12,Distributed-Individual
22,23,11,12,Hierarchical-Collective
16,13,24,5,Hierarchical-Individual
19,11,23,12,Hierarchical-Collective
21,22,14,12,Distributed-Individual
17,13,22,12,Distributed-Individual
16,13,20,5,Hierarchical-Individual
19,11,19,12,Hierarchical-Collective
21,22,10,12,Distributed-Individual
17,13,18,12,Distributed-Individual
16,13,24,5,Hierarchical-Individual
19,11,23,12,Hierarchical-Collective
21,22,14,12,Distributed-Individual
17,13,22,12,Distributed-Individual
16,13,20,5,Hierarchical-Individual
19,11,19,12,Hierarchical-Collective
21,22,10,12,Distributed-Individual
17,13,18,12,Distributed-Individual
15,13,15,25,Distributed-Individual
8,12,16,21,Distributed-Individual
8,11,20,12,Hierarchical-Individual
7,20,6,12,Hierarchical-Individual
16,12,12,12,Distributed-Individual
16,11,16,5,Hierarchical-Individual
15,20,5,5,Hierarchical-Individual
16,12,16,12,Distributed-Individual
16,11,20,5,Hierarchical-Individual
15,20,6,5,Hierarchical-Individual
15,19,5,5,Distributed-Collective
7,19,10,8,Distributed-Collective
15,19,10,5,Distributed-Collective
15,19,6,5,Distributed-Collective
15,19,6,5,Distributed-Collective
20,15,13,12,Distributed-Individual
20,25,5,5,Hierarchical-Individual
20,15,13,8,Distributed-Individual
20,25,5,5,Hierarchical-Individual
20,15,13,12,Distributed-Individual
20,25,5,5,Hierarchical-Individual
20,22,16,8,Distributed-Collective
21,12,20,5,Distributed-Individual
18,21,14,8,Distributed-Individual
11,22,8,21,Distributed-Collective
12,12,12,12,Distributed-Individual
10,21,6,21,Distributed-Individual
17,20,7,12,Distributed-Collective
19,22,9,12,Distributed-Individual
17,24,6,12,Hierarchical-Collective
17,21,11,12,Distributed-Collective
20,24,10,5,Hierarchical-Collective
8,20,7,21,Distributed-Collective
11,22,9,21,Distributed-Individual
8,24,6,21,Hierarchical-Collective
8,21,11,21,Distributed-Collective
12,24,10,12,Hierarchical-Collective
17,20,7,12,Distributed-Collective
19,22,9,12,Distributed-Individual
17,24,6,12,Hierarchical-Collective
17,21,11,12,Distributed-Collective
20,24,10,5,Hierarchical-Collective
17,20,11,8,Distributed-Collective
19,22,13,8,Distributed-Individual
17,24,10,8,Hierarchical-Collective
17,21,15,8,Distributed-Collective
20,24,14,5,Hierarchical-Collective
17,20,7,12,Distributed-Collective
19,22,9,12,Distributed-Individual
17,24,6,12,Hierarchical-Collective
17,21,11,12,Distributed-Collective
20,24,10,5,Hierarchical-Collective
7,20,9,21,Hierarchical-Individual
8,19,9,21,Distributed-Collective
8,11,23,21,Distributed-Collective
9,22,14,21,Hierarchical-Collective
9,13,22,12,Distributed-Collective
12,19,7,17,Distributed-Individual
12,22,7,25,Hierarchical-Collective
20,19,11,5,Distributed-Individual
20,22,11,12,Hierarchical-Collective
9,20,10,12,Distributed-Individual
8,25,16,21,Hierarchical-Collective
8,21,16,21,Distributed-Collective
8,25,8,17,Hierarchical-Collective
8,21,8,17,Distributed-Collective
8,25,8,21,Hierarchical-Collective
8,21,8,21,Distributed-Collective
17,25,16,17,Hierarchical-Collective
16,21,16,17,Distributed-Collective
17,25,8,8,Hierarchical-Collective
16,21,8,8,Distributed-Collective
8,25,12,17,Hierarchical-Collective
8,21,12,17,Distributed-Collective
11,23,6,21,Hierarchical-Collective
11,19,8,12,Hierarchical-Collective
11,23,6,21,Hierarchical-Collective
11,19,8,12,Hierarchical-Collective
11,23,6,17,Hierarchical-Collective
11,19,8,8,Hierarchical-Collective
19,23,6,17,Hierarchical-Collective
19,19,8,8,Hierarchical-Collective
11,23,10,17,Hierarchical-Collective
11,19,12,8,Hierarchical-Collective
11,23,6,21,Hierarchical-Collective
11,19,8,12,Hierarchical-Collective
11,23,10,25,Hierarchical-Collective
11,19,12,17,Hierarchical-Collective
11,23,6,25,Hierarchical-Collective
11,19,8,17,Hierarchical-Collective
11,23,6,21,Hierarchical-Collective
11,19,8,12,Hierarchical-Collective
11,23,5,17,Hierarchical-Collective
11,19,5,8,Hierarchical-Collective
11,23,10,21,Hierarchical-Collective
11,19,12,12,Hierarchical-Collective
11,23,5,25,Hierarchical-Collective
11,19,5,17,Hierarchical-Collective
8,22,5,8,Hierarchical-Collective
10,14,16,17,Hierarchical-Individual
8,15,13,8,Distributed-Individual
8,22,5,17,Hierarchical-Collective
10,14,12,25,Hierarchical-Individual
8,15,9,17,Distributed-Individual
17,22,5,8,Hierarchical-Collective
18,14,16,17,Hierarchical-Individual
16,15,13,8,Distributed-Individual
10,12,18,21,Distributed-Individual
10,12,14,25,Distributed-Individual
18,12,14,12,Distributed-Individual
16,14,24,12,Distributed-Collective
13,21,9,12,Hierarchical-Collective
11,10,25,17,Hierarchical-Collective
10,11,23,8,Hierarchical-Collective
19,10,21,8,Hierarchical-Collective
18,11,19,5,Hierarchical-Collective
19,10,21,8,Hierarchical-Collective
18,11,19,5,Hierarchical-Collective
9,22,8,25,Distributed-Individual
9,19,9,17,Hierarchical-Collective
14,22,5,25,Distributed-Collective
17,22,8,8,Distributed-Individual
18,19,9,5,Hierarchical-Collective
22,22,5,8,Distributed-Collective
17,22,8,12,Distributed-Individual
18,19,9,5,Hierarchical-Collective
22,22,5,12,Distributed-Collective
9,22,12,21,Distributed-Individual
9,19,13,12,Hierarchical-Collective
14,22,9,21,Distributed-Collective
11,12,19,17,Hierarchical-Individual
8,16,18,17,Distributed-Individual
9,21,5,17,Hierarchical-Individual
11,12,15,25,Hierarchical-Individual
8,16,14,25,Distributed-Individual
9,21,5,25,Hierarchical-Individual
11,12,23,21,Hierarchical-Individual
8,16,22,21,Distributed-Individual
9,21,10,21,Hierarchical-Individual
13,20,12,21,Hierarchical-Collective
13,20,8,17,Hierarchical-Collective
21,20,12,12,Hierarchical-Collective
9,20,7,17,Distributed-Individual
10,20,5,17,Distributed-Collective
17,20,5,8,Distributed-Individual
18,20,5,8,Distributed-Collective
9,22,12,17,Distributed-Individual
11,19,11,17,Distributed-Collective
18,22,12,12,Distributed-Individual
20,19,11,12,Distributed-Collective
18,22,16,8,Distributed-Individual
20,19,15,8,Distributed-Collective
9,22,12,17,Distributed-Individual
11,19,11,17,Distributed-Collective
19,13,22,8,Distributed-Collective
19,18,12,8,Hierarchical-Individual
18,13,20,8,Distributed-Collective
17,22,13,8,Hierarchical-Collective
10,13,17,25,Hierarchical-Collective
19,13,17,8,Hierarchical-Collective
10,13,17,25,Hierarchical-Collective
9,22,9,21,Hierarchical-Collective
11,22,6,12,Distributed-Collective
10,14,14,12,Distributed-Individual
9,23,12,21,Hierarchical-Collective
7,22,8,12,Hierarchical-Collective
9,22,5,17,Hierarchical-Collective
11,22,5,8,Distributed-Collective
10,14,10,8,Distributed-Individual
9,23,8,17,Hierarchical-Collective
7,22,5,8,Hierarchical-Collective
9,22,9,21,Hierarchical-Collective
11,22,6,12,Distributed-Collective
10,14,14,12,Distributed-Individual
9,23,12,21,Hierarchical-Collective
7,22,8,12,Hierarchical-Collective
7,11,19,21,Hierarchical-Individual
9,21,13,12,Hierarchical-Individual
7,11,15,21,Hierarchical-Individual
9,21,9,12,Hierarchical-Individual
7,11,19,25,Hierarchical-Individual
9,21,13,17,Hierarchical-Individual
7,11,15,21,Hierarchical-Individual
9,21,9,12,Hierarchical-Individual
7,11,15,25,Hierarchical-Individual
9,21,9,17,Hierarchical-Individual
9,18,7,12,Distributed-Collective
9,19,11,21,Hierarchical-Individual
9,18,7,8,Distributed-Collective
9,19,11,17,Hierarchical-Individual
18,18,7,5,Distributed-Collective
18,19,11,12,Hierarchical-Individual
18,18,7,5,Distributed-Collective
18,19,11,8,Hierarchical-Individual
19,10,15,5,Hierarchical-Collective
17,21,8,5,Distributed-Individual
11,10,19,17,Hierarchical-Collective
9,21,12,17,Distributed-Individual
14,20,10,25,Hierarchical-Individual
11,10,17,25,Hierarchical-Individual
12,18,5,17,Distributed-Collective
9,21,12,21,Distributed-Collective
11,21,8,21,Hierarchical-Individual
11,13,18,12,Distributed-Individual
17,21,5,8,Distributed-Collective
19,21,5,8,Hierarchical-Individual
19,13,10,5,Distributed-Individual
9,21,5,25,Distributed-Collective
11,21,5,25,Hierarchical-Individual
11,13,10,17,Distributed-Individual
10,13,15,17,Hierarchical-Collective
9,14,19,17,Hierarchical-Individual
10,13,15,17,Hierarchical-Collective
9,14,19,17,Hierarchical-Individual
18,13,15,12,Hierarchical-Collective
17,14,19,12,Hierarchical-Individual
18,13,11,17,Hierarchical-Collective
17,14,15,17,Hierarchical-Individual
10,13,15,21,Hierarchical-Collective
9,14,19,21,Hierarchical-Individual
7,21,5,8,Hierarchical-Individual
7,21,8,17,Hierarchical-Individual
15,21,12,8,Hierarchical-Individual
13,19,14,21,Distributed-Individual
18,23,9,12,Distributed-Collective
19,24,7,12,Distributed-Individual
15,23,12,5,Distributed-Individual
16,21,12,12,Hierarchical-Collective
18,15,12,5,Hierarchical-Collective
18,23,9,12,Distributed-Collective
19,24,7,12,Distributed-Individual
15,23,12,5,Distributed-Individual
16,21,12,12,Hierarchical-Collective
18,15,12,5,Hierarchical-Collective
8,22,11,17,Distributed-Individual
9,14,21,17,Hierarchical-Collective
8,11,21,17,Hierarchical-Individual
16,11,12,17,Hierarchical-Individual
17,11,13,17,Distributed-Individual
17,23,8,17,Distributed-Collective
9,15,22,8,Distributed-Individual
9,15,18,12,Distributed-Individual
9,15,18,8,Distributed-Individual
11,11,21,8,Hierarchical-Collective
12,13,20,8,Hierarchical-Individual
13,22,8,8,Distributed-Collective
10,22,11,17,Distributed-Collective
19,11,25,5,Hierarchical-Collective
20,13,24,5,Hierarchical-Individual
22,22,12,5,Distributed-Collective
19,22,15,8,Distributed-Collective
11,11,21,12,Hierarchical-Collective
12,13,20,12,Hierarchical-Individual
13,22,8,12,Distributed-Collective
10,22,11,21,Distributed-Collective
9,14,16,8,Distributed-Collective
17,14,20,5,Distributed-Collective
11,23,6,17,Distributed-Individual
11,14,18,17,Distributed-Individual
10,22,8,17,Hierarchical-Individual
11,23,10,17,Distributed-Individual
11,14,22,17,Distributed-Individual
10,22,12,17,Hierarchical-Individual
20,23,5,12,Distributed-Individual
19,14,14,12,Distributed-Individual
18,22,5,12,Hierarchical-Individual
20,23,6,12,Distributed-Individual
19,14,18,12,Distributed-Individual
18,22,8,12,Hierarchical-Individual
9,21,9,12,Hierarchical-Individual
9,21,5,12,Hierarchical-Individual
17,21,5,5,Hierarchical-Individual
17,23,12,8,Hierarchical-Individual
17,23,16,17,Hierarchical-Individual
17,23,12,17,Hierarchical-Individual
19,9,20,12,Hierarchical-Collective
18,19,16,12,Hierarchical-Individual
19,9,20,8,Hierarchical-Collective
18,19,16,8,Hierarchical-Individual
19,12,12,12,Hierarchical-Individual
21,23,5,5,Hierarchical-Individual
23,14,14,12,Hierarchical-Individual
9,13,12,17,Hierarchical-Collective
18,13,8,5,Hierarchical-Collective
18,13,12,5,Hierarchical-Collective
18,13,17,5,Hierarchical-Collective
13,22,5,17,Hierarchical-Individual
13,23,5,17,Hierarchical-Individual
13,16,13,17,Hierarchical-Individual
13,21,5,17,Hierarchical-Individual
13,22,8,21,Hierarchical-Individual
13,23,7,21,Hierarchical-Individual
13,16,18,21,Hierarchical-Individual
13,21,7,21,Hierarchical-Individual
17,22,12,5,Distributed-Collective
20,24,15,8,Distributed-Individual
17,22,8,5,Distributed-Collective
20,24,10,8,Distributed-Individual
17,22,12,5,Distributed-Collective
20,24,15,8,Distributed-Individual
17,22,8,5,Distributed-Collective
20,24,10,8,Distributed-Individual
9,22,8,17,Distributed-Collective
11,24,10,25,Distributed-Individual
11,19,9,17,Distributed-Individual
14,21,6,17,Hierarchical-Collective
19,19,9,8,Distributed-Individual
22,21,6,8,Hierarchical-Collective
7,12,15,12,Distributed-Collective
8,23,11,12,Distributed-Individual
8,16,25,17,Hierarchical-Individual
8,16,16,12,Hierarchical-Individual
8,16,20,17,Hierarchical-Individual
16,16,12,5,Hierarchical-Collective
20,23,5,12,Hierarchical-Individual
20,22,5,12,Distributed-Individual
16,16,20,8,Hierarchical-Collective
20,23,12,17,Hierarchical-Individual
20,22,10,17,Distributed-Individual
8,16,20,12,Hierarchical-Collective
11,23,12,21,Hierarchical-Individual
11,22,10,21,Distributed-Individual
8,16,20,17,Hierarchical-Collective
11,23,12,25,Hierarchical-Individual
11,22,10,25,Distributed-Individual
8,20,11,21,Hierarchical-Collective
10,19,10,12,Distributed-Collective
8,20,11,17,Hierarchical-Collective
10,19,10,8,Distributed-Collective
16,20,15,12,Hierarchical-Collective
19,19,15,5,Distributed-Collective
16,20,11,12,Hierarchical-Collective
19,19,10,5,Distributed-Collective
16,20,15,12,Hierarchical-Collective
19,19,15,5,Distributed-Collective
8,20,15,17,Hierarchical-Collective
10,19,15,8,Distributed-Collective
10,24,10,12,Distributed-Collective
13,12,14,21,Hierarchical-Collective
12,22,8,21,Hierarchical-Individual
10,24,10,17,Distributed-Collective
13,12,14,25,Hierarchical-Collective
12,22,8,25,Hierarchical-Individual
10,24,5,17,Distributed-Collective
13,12,10,25,Hierarchical-Collective
12,22,5,25,Hierarchical-Individual
10,24,14,12,Distributed-Collective
13,12,18,21,Hierarchical-Collective
12,22,12,21,Hierarchical-Individual
10,24,10,17,Distributed-Collective
13,12,14,25,Hierarchical-Collective
12,22,8,25,Hierarchical-Individual
9,22,7,21,Hierarchical-Collective
6,15,15,21,Distributed-Collective
6,19,9,21,Hierarchical-Individual
9,22,5,17,Hierarchical-Collective
6,15,11,17,Distributed-Collective
6,19,5,17,Hierarchical-Individual
12,16,18,21,Distributed-Individual
9,23,5,21,Distributed-Collective
12,16,18,21,Distributed-Individual
9,23,5,21,Distributed-Collective
12,16,13,21,Distributed-Individual
9,23,5,21,Distributed-Collective
14,19,12,21,Hierarchical-Collective
11,20,17,12,Distributed-Individual
11,24,11,12,Distributed-Collective
11,24,11,21,Hierarchical-Individual
11,21,9,21,Distributed-Individual
14,13,13,21,Hierarchical-Collective
11,24,5,12,Distributed-Collective
11,24,11,8,Distributed-Collective
11,24,11,17,Hierarchical-Individual
11,21,9,17,Distributed-Individual
14,13,13,17,Hierarchical-Collective
11,24,5,8,Distributed-Collective
11,24,15,17,Distributed-Collective
11,24,15,25,Hierarchical-Individual
11,21,13,25,Distributed-Individual
14,13,18,25,Hierarchical-Collective
11,24,8,17,Distributed-Collective
21,20,14,12,Distributed-Individual
21,20,14,8,Distributed-Individual
8,12,13,21,Hierarchical-Individual
8,12,18,25,Hierarchical-Individual
12,13,15,25,Distributed-Individual
9,11,18,17,Distributed-Individual
10,19,12,25,Distributed-Individual
16,12,18,17,Hierarchical-Individual
20,13,15,17,Distributed-Individual
17,11,18,8,Distributed-Individual
19,19,12,17,Distributed-Individual
16,12,18,12,Hierarchical-Individual
20,13,15,12,Distributed-Individual
17,11,18,5,Distributed-Individual
19,19,12,12,Distributed-Individual
14,14,18,12,Distributed-Collective
15,15,16,21,Distributed-Collective
11,22,5,21,Hierarchical-Individual
10,15,14,21,Hierarchical-Individual
9,12,20,21,Hierarchical-Collective
11,22,16,21,Distributed-Individual
18,12,20,17,Hierarchical-Collective
19,22,16,17,Distributed-Individual
9,12,12,21,Hierarchical-Collective
11,22,8,21,Distributed-Individual
9,12,12,25,Hierarchical-Collective
11,22,8,25,Distributed-Individual
18,12,16,17,Hierarchical-Collective
19,22,12,17,Distributed-Individual
18,12,20,17,Hierarchical-Collective
19,22,16,17,Distributed-Individual
9,12,16,21,Hierarchical-Collective
11,22,12,21,Distributed-Individual
18,12,20,17,Hierarchical-Collective
19,22,16,17,Distributed-Individual
11,11,25,17,Hierarchical-Individual
13,12,17,8,Distributed-Individual
19,11,25,12,Hierarchical-Individual
21,12,17,5,Distributed-Individual
14,20,9,5,Distributed-Individual
16,22,8,5,Hierarchical-Individual
5,20,9,12,Distributed-Individual
8,22,8,12,Hierarchical-Individual
9,22,5,17,Distributed-Individual
9,12,9,8,Distributed-Individual
6,21,10,12,Hierarchical-Collective
9,14,19,21,Distributed-Individual
6,21,5,12,Hierarchical-Collective
9,14,10,21,Distributed-Individual
6,21,10,12,Hierarchical-Collective
9,14,19,21,Distributed-Individual
11,12,15,17,Hierarchical-Collective
19,12,23,17,Hierarchical-Collective
18,13,17,12,Hierarchical-Collective
10,13,21,21,Hierarchical-Collective
15,21,8,8,Hierarchical-Collective
14,13,14,8,Hierarchical-Collective
14,13,18,8,Distributed-Individual
7,21,12,21,Hierarchical-Collective
6,13,18,21,Hierarchical-Collective
5,13,22,21,Distributed-Individual
7,21,8,21,Hierarchical-Collective
6,13,14,21,Hierarchical-Collective
5,13,18,21,Distributed-Individual
9,21,6,17,Hierarchical-Individual
17,24,15,5,Distributed-Individual
18,22,17,5,Hierarchical-Collective
9,24,15,12,Distributed-Individual
9,22,17,12,Hierarchical-Collective
17,24,15,5,Distributed-Individual
18,22,17,5,Hierarchical-Collective
9,24,11,8,Distributed-Individual
9,22,12,8,Hierarchical-Collective
8,19,5,17,Hierarchical-Individual
17,19,5,17,Hierarchical-Individual
8,19,5,21,Hierarchical-Individual
19,21,7,12,Distributed-Collective
18,21,9,12,Distributed-Collective
20,22,11,12,Distributed-Collective
15,19,11,12,Distributed-Individual
20,21,5,12,Hierarchical-Individual
16,20,5,5,Distributed-Collective
11,21,7,17,Distributed-Collective
10,21,9,17,Distributed-Collective
12,22,11,17,Distributed-Collective
7,19,11,17,Distributed-Individual
12,21,5,17,Hierarchical-Individual
8,20,5,8,Distributed-Collective
11,21,7,21,Distributed-Collective
10,21,9,21,Distributed-Collective
12,22,11,21,Distributed-Collective
7,19,11,21,Distributed-Individual
12,21,5,21,Hierarchical-Individual
8,20,5,12,Distributed-Collective
19,21,7,17,Distributed-Collective
18,21,9,17,Distributed-Collective
20,22,11,17,Distributed-Collective
15,19,11,17,Distributed-Individual
20,21,5,17,Hierarchical-Individual
16,20,5,8,Distributed-Collective
20,14,10,8,Distributed-Collective
11,14,19,21,Distributed-Collective
11,18,9,21,Distributed-Collective
9,19,15,12,Distributed-Individual
7,20,15,21,Hierarchical-Individual
7,21,8,12,Distributed-Individual
9,22,12,21,Distributed-Individual
19,18,5,12,Distributed-Collective
18,19,10,5,Distributed-Individual
15,20,11,12,Hierarchical-Individual
15,21,5,5,Distributed-Individual
17,22,8,12,Distributed-Individual
11,18,5,21,Distributed-Collective
9,19,6,12,Distributed-Individual
7,20,7,21,Hierarchical-Individual
7,21,5,12,Distributed-Individual
9,22,5,21,Distributed-Individual
11,18,9,21,Distributed-Collective
9,19,15,12,Distributed-Individual
7,20,15,21,Hierarchical-Individual
7,21,8,12,Distributed-Individual
9,22,12,21,Distributed-Individual
11,18,5,21,Distributed-Collective
9,19,10,12,Distributed-Individual
7,20,11,21,Hierarchical-Individual
7,21,5,12,Distributed-Individual
9,22,8,21,Distributed-Individual
20,12,18,8,Distributed-Individual
22,19,10,8,Distributed-Individual
20,20,8,5,Hierarchical-Individual
12,12,18,21,Distributed-Individual
14,19,10,21,Distributed-Individual
12,20,8,12,Hierarchical-Individual
10,12,22,21,Hierarchical-Individual
10,16,14,21,Distributed-Individual
13,16,20,21,Hierarchical-Collective
10,16,14,21,Distributed-Individual
13,16,20,21,Hierarchical-Collective
19,16,10,8,Distributed-Individual
21,16,15,8,Hierarchical-Collective
19,16,10,8,Distributed-Individual
21,16,15,8,Hierarchical-Collective
8,14,19,21,Hierarchical-Collective
13,13,20,21,Hierarchical-Individual
10,11,16,21,Hierarchical-Collective
10,23,8,21,Distributed-Individual
10,12,20,21,Distributed-Individual
9,12,14,21,Distributed-Collective
12,14,17,21,Hierarchical-Collective
9,23,9,21,Distributed-Collective
10,20,11,21,Hierarchical-Individual
8,14,19,25,Hierarchical-Collective
13,13,20,25,Hierarchical-Individual
10,11,16,25,Hierarchical-Collective
10,23,8,25,Distributed-Individual
10,12,20,25,Distributed-Individual
9,12,14,25,Distributed-Collective
12,14,17,25,Hierarchical-Collective
9,23,9,25,Distributed-Collective
10,20,11,25,Hierarchical-Individual
16,14,23,12,Hierarchical-Collective
21,13,24,12,Hierarchical-Individual
18,11,20,12,Hierarchical-Collective
18,23,12,12,Distributed-Individual
19,12,25,12,Distributed-Individual
17,12,18,12,Distributed-Collective
20,14,21,12,Hierarchical-Collective
17,23,13,12,Distributed-Collective
18,20,15,12,Hierarchical-Individual
8,14,19,21,Hierarchical-Collective
13,13,20,21,Hierarchical-Individual
10,11,16,21,Hierarchical-Collective
10,23,8,21,Distributed-Individual
10,12,20,21,Distributed-Individual
9,12,14,21,Distributed-Collective
12,14,17,21,Hierarchical-Collective
9,23,9,21,Distributed-Collective
10,20,11,21,Hierarchical-Individual
16,14,15,17,Hierarchical-Collective
21,13,16,17,Hierarchical-Individual
18,11,12,17,Hierarchical-Collective
18,23,5,17,Distributed-Individual
19,12,16,17,Distributed-Individual
17,12,10,17,Distributed-Collective
20,14,12,17,Hierarchical-Collective
17,23,5,17,Distributed-Collective
18,20,7,17,Hierarchical-Individual
10,22,6,17,Distributed-Collective
10,22,15,17,Distributed-Collective
18,22,10,12,Distributed-Collective
17,18,10,5,Hierarchical-Collective
17,18,15,5,Hierarchical-Collective
9,18,6,12,Hierarchical-Collective
20,12,19,8,Distributed-Collective
12,12,11,12,Distributed-Collective
12,12,19,12,Distributed-Collective
20,12,19,5,Distributed-Collective
22,15,19,12,Hierarchical-Individual
22,15,21,12,Hierarchical-Collective
20,15,17,5,Distributed-Collective
19,22,10,12,Hierarchical-Collective
23,21,9,12,Hierarchical-Collective
23,21,5,12,Distributed-Individual
17,24,8,5,Distributed-Collective
18,13,21,8,Hierarchical-Individual
9,24,8,12,Distributed-Collective
9,13,21,21,Hierarchical-Individual
9,24,5,8,Distributed-Collective
9,13,17,17,Hierarchical-Individual
17,24,8,5,Distributed-Collective
18,13,21,8,Hierarchical-Individual
17,24,8,8,Distributed-Collective
18,13,21,17,Hierarchical-Individual
18,12,20,8,Distributed-Collective
21,15,25,8,Hierarchical-Individual
17,22,11,8,Distributed-Individual
17,22,9,5,Hierarchical-Individual
18,12,20,12,Distributed-Collective
21,15,25,12,Hierarchical-Individual
17,22,11,12,Distributed-Individual
17,22,9,5,Hierarchical-Individual
18,12,16,8,Distributed-Collective
21,15,21,8,Hierarchical-Individual
17,22,7,8,Distributed-Individual
17,22,5,5,Hierarchical-Individual
9,12,20,17,Distributed-Collective
13,15,25,17,Hierarchical-Individual
8,22,11,17,Distributed-Individual
9,22,9,8,Hierarchical-Individual
9,12,20,21,Distributed-Collective
13,15,25,21,Hierarchical-Individual
8,22,11,21,Distributed-Individual
9,22,9,12,Hierarchical-Individual
18,12,16,17,Distributed-Collective
21,15,21,17,Hierarchical-Individual
17,22,7,17,Distributed-Individual
17,22,5,8,Hierarchical-Individual
18,12,12,12,Distributed-Collective
21,15,17,12,Hierarchical-Individual
17,22,5,12,Distributed-Individual
17,22,5,5,Hierarchical-Individual
18,21,15,17,Distributed-Collective
21,12,21,17,Distributed-Collective
19,20,11,17,Distributed-Collective
20,13,22,17,Distributed-Individual
21,20,13,17,Hierarchical-Individual
10,21,11,17,Distributed-Collective
12,12,17,17,Distributed-Collective
11,20,7,17,Distributed-Collective
11,13,18,17,Distributed-Individual
13,20,9,17,Hierarchical-Individual
10,21,15,25,Distributed-Collective
12,12,21,25,Distributed-Collective
11,20,11,25,Distributed-Collective
11,13,22,25,Distributed-Individual
13,20,13,25,Hierarchical-Individual
10,21,7,21,Distributed-Collective
12,12,13,21,Distributed-Collective
11,20,5,21,Distributed-Collective
11,13,14,21,Distributed-Individual
13,20,5,21,Hierarchical-Individual
10,21,7,25,Distributed-Collective
12,12,13,25,Distributed-Collective
11,20,5,25,Distributed-Collective
11,13,14,25,Distributed-Individual
13,20,5,25,Hierarchical-Individual
10,21,15,17,Distributed-Collective
12,12,21,17,Distributed-Collective
11,20,11,17,Distributed-Collective
11,13,22,17,Distributed-Individual
13,20,13,17,Hierarchical-Individual
11,22,15,8,Hierarchical-Individual
14,19,15,8,Hierarchical-Individual
13,23,10,17,Hierarchical-Individual
13,23,15,17,Distributed-Collective
13,21,11,17,Distributed-Collective
11,14,19,8,Hierarchical-Collective
12,19,7,12,Distributed-Collective
12,22,6,21,Hierarchical-Individual
13,13,20,21,Hierarchical-Collective
8,21,9,12,Hierarchical-Individual
10,20,5,21,Hierarchical-Individual
13,21,5,12,Hierarchical-Individual
18,20,9,12,Hierarchical-Individual
21,21,6,5,Hierarchical-Individual
10,20,9,21,Hierarchical-Individual
13,21,6,12,Hierarchical-Individual
8,21,9,21,Distributed-Collective
8,14,17,21,Distributed-Collective
10,19,16,21,Hierarchical-Collective
8,21,5,21,Distributed-Collective
8,14,13,21,Distributed-Collective
10,19,12,21,Hierarchical-Collective
8,21,5,25,Distributed-Collective
8,14,13,25,Distributed-Collective
10,19,12,25,Hierarchical-Collective
16,21,9,8,Distributed-Collective
16,14,17,8,Distributed-Collective
18,19,16,8,Hierarchical-Collective
16,21,5,8,Distributed-Collective
16,14,9,8,Distributed-Collective
18,19,8,8,Hierarchical-Collective
16,21,5,12,Distributed-Collective
16,14,13,12,Distributed-Collective
18,19,12,12,Hierarchical-Collective
8,21,9,17,Distributed-Collective
8,14,17,17,Distributed-Collective
10,19,16,17,Hierarchical-Collective
8,21,5,21,Distributed-Collective
8,14,13,21,Distributed-Collective
10,19,12,21,Hierarchical-Collective
8,21,9,21,Distributed-Collective
8,14,17,21,Distributed-Collective
10,19,16,21,Hierarchical-Collective
17,21,8,12,Distributed-Individual
19,20,11,12,Hierarchical-Individual
17,21,5,17,Distributed-Individual
19,20,7,17,Hierarchical-Individual
9,21,8,21,Distributed-Individual
10,20,11,21,Hierarchical-Individual
10,20,13,21,Hierarchical-Collective
10,20,9,17,Hierarchical-Collective
22,23,5,17,Hierarchical-Collective
17,23,11,12,Hierarchical-Individual
18,15,13,5,Distributed-Collective
9,23,7,25,Hierarchical-Individual
10,15,9,17,Distributed-Collective
9,23,7,17,Hierarchical-Individual
10,15,9,8,Distributed-Collective
17,23,7,8,Hierarchical-Individual
18,15,9,5,Distributed-Collective
17,23,7,8,Hierarchical-Individual
18,15,9,5,Distributed-Collective
9,23,11,21,Hierarchical-Individual
10,15,13,12,Distributed-Collective
9,23,7,25,Hierarchical-Individual
10,15,9,17,Distributed-Collective
17,23,11,17,Hierarchical-Individual
18,15,13,8,Distributed-Collective
20,20,16,8,Distributed-Collective
21,9,21,8,Distributed-Individual
19,22,15,8,Distributed-Collective
12,20,8,21,Distributed-Collective
13,9,13,21,Distributed-Individual
11,22,7,21,Distributed-Collective
20,20,16,8,Distributed-Collective
21,9,21,8,Distributed-Individual
19,22,15,8,Distributed-Collective
12,20,16,21,Distributed-Collective
13,9,21,21,Distributed-Individual
11,22,15,21,Distributed-Collective
20,20,12,12,Distributed-Collective
21,9,17,12,Distributed-Individual
19,22,11,12,Distributed-Collective
6,23,9,17,Hierarchical-Collective
8,22,5,8,Hierarchical-Collective
15,16,15,8,Hierarchical-Individual
15,16,19,12,Hierarchical-Individual
7,16,11,21,Hierarchical-Individual
7,16,15,21,Hierarchical-Individual
7,16,15,17,Hierarchical-Individual
7,16,15,21,Hierarchical-Individual
7,16,11,17,Hierarchical-Individual
15,16,11,8,Hierarchical-Individual
12,15,17,12,Distributed-Collective
8,13,16,12,Distributed-Individual
8,24,5,21,Hierarchical-Individual
10,22,12,21,Distributed-Collective
21,15,12,5,Distributed-Collective
16,13,12,5,Distributed-Individual
16,24,5,8,Hierarchical-Individual
18,22,8,8,Distributed-Collective
12,15,17,8,Distributed-Collective
8,13,16,8,Distributed-Individual
8,24,5,17,Hierarchical-Individual
10,22,12,17,Distributed-Collective
12,15,21,17,Distributed-Collective
8,13,20,17,Distributed-Individual
8,24,8,25,Hierarchical-Individual
10,22,17,25,Distributed-Collective
21,15,17,5,Distributed-Collective
16,13,16,5,Distributed-Individual
16,24,5,8,Hierarchical-Individual
18,22,12,8,Distributed-Collective
12,15,17,12,Distributed-Collective
8,13,16,12,Distributed-Individual
8,24,5,21,Hierarchical-Individual
10,22,12,21,Distributed-Collective
5,11,19,12,Distributed-Collective
5,12,22,21,Hierarchical-Collective
20,12,12,5,Distributed-Collective
18,18,12,12,Hierarchical-Individual
20,12,17,5,Distributed-Collective
18,18,16,12,Hierarchical-Individual
20,12,12,5,Distributed-Collective
18,18,12,12,Hierarchical-Individual
9,19,5,8,Distributed-Collective
10,20,8,8,Distributed-Individual
6,20,9,8,Distributed-Collective
17,19,5,5,Distributed-Collective
18,20,8,5,Distributed-Individual
15,20,9,5,Distributed-Collective
17,19,10,5,Distributed-Collective
18,20,12,5,Distributed-Individual
15,20,13,5,Distributed-Collective
18,19,9,8,Distributed-Individual
17,14,22,8,Distributed-Collective
19,12,22,5,Hierarchical-Individual
16,11,24,8,Hierarchical-Individual
10,19,5,21,Distributed-Individual
8,14,18,21,Distributed-Collective
10,12,18,12,Hierarchical-Individual
8,11,20,21,Hierarchical-Individual
10,19,5,17,Distributed-Individual
8,14,18,17,Distributed-Collective
10,12,18,8,Hierarchical-Individual
8,11,20,17,Hierarchical-Individual
10,19,9,17,Distributed-Individual
8,14,22,17,Distributed-Collective
10,12,22,8,Hierarchical-Individual
8,11,24,17,Hierarchical-Individual
18,19,5,12,Distributed-Individual
17,14,14,12,Distributed-Collective
19,12,13,5,Hierarchical-Individual
16,11,16,12,Hierarchical-Individual
10,19,5,17,Distributed-Individual
8,14,18,17,Distributed-Collective
10,12,18,8,Hierarchical-Individual
8,11,20,17,Hierarchical-Individual
18,19,5,17,Distributed-Individual
17,14,18,17,Distributed-Collective
19,12,18,8,Hierarchical-Individual
16,11,20,17,Hierarchical-Individual
14,23,5,5,Hierarchical-Collective
15,14,14,8,Distributed-Collective
6,23,8,12,Hierarchical-Collective
7,14,18,21,Distributed-Collective
14,23,12,8,Hierarchical-Collective
15,14,22,17,Distributed-Collective
10,16,16,17,Hierarchical-Collective
10,21,9,17,Distributed-Individual
11,23,11,25,Distributed-Collective
10,23,11,25,Hierarchical-Individual
14,14,19,25,Hierarchical-Collective
9,22,5,17,Hierarchical-Collective
18,22,7,12,Hierarchical-Collective
18,22,7,17,Hierarchical-Collective
9,22,11,25,Hierarchical-Collective
9,12,18,17,Distributed-Individual
11,22,10,17,Hierarchical-Individual
9,21,8,17,Distributed-Individual
9,12,18,21,Distributed-Individual
11,22,10,21,Hierarchical-Individual
9,21,8,21,Distributed-Individual
17,12,18,17,Distributed-Individual
19,22,10,17,Hierarchical-Individual
18,21,8,17,Distributed-Individual
17,12,18,12,Distributed-Individual
19,22,10,12,Hierarchical-Individual
18,21,8,12,Distributed-Individual
9,12,18,21,Distributed-Individual
11,22,10,21,Hierarchical-Individual
9,21,8,21,Distributed-Individual
17,12,22,8,Distributed-Individual
19,22,14,8,Hierarchical-Individual
18,21,12,8,Distributed-Individual
9,12,22,21,Distributed-Individual
11,22,14,21,Hierarchical-Individual
9,21,12,21,Distributed-Individual
8,21,6,21,Distributed-Individual
7,24,7,21,Hierarchical-Collective
19,21,12,12,Hierarchical-Collective
16,12,25,12,Distributed-Collective
21,21,10,12,Distributed-Collective
10,21,12,21,Hierarchical-Collective
8,12,25,21,Distributed-Collective
13,21,10,21,Distributed-Collective
10,21,8,21,Hierarchical-Collective
8,12,20,21,Distributed-Collective
13,21,6,21,Distributed-Collective
19,21,8,17,Hierarchical-Collective
16,12,20,17,Distributed-Collective
21,21,6,17,Distributed-Collective
17,14,20,5,Distributed-Collective
18,10,20,8,Hierarchical-Collective
9,14,16,17,Distributed-Collective
10,10,15,25,Hierarchical-Collective
10,22,10,12,Hierarchical-Individual
7,19,10,21,Hierarchical-Collective
10,22,14,8,Hierarchical-Individual
7,19,15,17,Hierarchical-Collective
6,14,13,21,Distributed-Collective
8,21,5,12,Distributed-Collective
20,23,10,12,Distributed-Individual
20,22,10,12,Hierarchical-Collective
11,23,6,21,Distributed-Individual
12,22,6,21,Hierarchical-Collective
11,23,6,21,Distributed-Individual
12,22,6,21,Hierarchical-Collective
20,23,10,12,Distributed-Individual
20,22,10,12,Hierarchical-Collective
11,11,18,21,Hierarchical-Individual
19,11,14,12,Hierarchical-Individual
19,11,18,17,Hierarchical-Individual
13,13,19,12,Hierarchical-Collective
21,13,10,5,Hierarchical-Collective
13,13,10,12,Hierarchical-Collective
17,14,16,12,Hierarchical-Collective
19,23,5,12,Distributed-Collective
16,14,9,12,Distributed-Individual
16,22,8,5,Hierarchical-Collective
9,14,20,17,Hierarchical-Collective
10,23,8,17,Distributed-Collective
8,14,13,17,Distributed-Individual
8,22,12,8,Hierarchical-Collective
17,14,20,8,Hierarchical-Collective
19,23,8,8,Distributed-Collective
16,14,13,8,Distributed-Individual
16,22,12,5,Hierarchical-Collective
7,20,12,8,Hierarchical-Individual
9,22,15,8,Distributed-Collective
7,20,8,8,Hierarchical-Individual
9,22,11,8,Distributed-Collective
9,15,19,25,Distributed-Individual
9,21,15,25,Hierarchical-Collective
9,15,15,21,Distributed-Individual
9,21,10,21,Hierarchical-Collective
9,15,19,21,Distributed-Individual
9,21,15,21,Hierarchical-Collective
9,15,19,25,Distributed-Individual
9,21,15,25,Hierarchical-Collective
9,15,15,17,Distributed-Individual
9,21,10,17,Hierarchical-Collective
9,21,11,25,Hierarchical-Collective
10,19,5,25,Hierarchical-Collective
18,21,15,8,Hierarchical-Collective
18,19,9,8,Hierarchical-Collective
11,21,8,17,Distributed-Collective
11,21,8,17,Hierarchical-Collective
20,21,12,12,Distributed-Collective
19,21,12,12,Hierarchical-Collective
11,21,8,21,Distributed-Collective
11,21,8,21,Hierarchical-Collective
11,21,8,17,Distributed-Collective
11,21,8,17,Hierarchical-Collective
20,21,12,8,Distributed-Collective
19,21,12,8,Hierarchical-Collective
11,21,8,17,Distributed-Collective
11,21,8,17,Hierarchical-Collective
11,21,17,17,Distributed-Collective
11,21,16,17,Hierarchical-Collective
18,12,15,12,Distributed-Collective
19,10,12,12,Hierarchical-Individual
17,22,6,12,Hierarchical-Collective
18,12,19,12,Distributed-Collective
19,10,16,12,Hierarchical-Individual
17,22,10,12,Hierarchical-Collective
11,22,5,17,Hierarchical-Collective
19,22,5,12,Hierarchical-Collective
11,22,5,21,Hierarchical-Collective
11,22,5,17,Hierarchical-Collective
19,22,9,8,Hierarchical-Collective
11,22,5,25,Hierarchical-Collective
19,22,5,12,Hierarchical-Collective
15,19,5,12,Hierarchical-Individual
14,13,14,21,Hierarchical-Individual
13,14,20,21,Hierarchical-Collective
9,14,18,21,Hierarchical-Collective
14,22,9,21,Hierarchical-Collective
9,22,11,21,Hierarchical-Collective
8,13,20,21,Hierarchical-Collective
8,21,10,12,Hierarchical-Individual
8,23,9,21,Distributed-Collective
17,22,11,8,Hierarchical-Collective
17,13,20,8,Hierarchical-Collective
16,21,10,5,Hierarchical-Individual
16,23,9,8,Distributed-Collective
9,22,11,25,Hierarchical-Collective
8,13,20,25,Hierarchical-Collective
8,21,10,17,Hierarchical-Individual
8,23,9,25,Distributed-Collective
9,22,11,25,Hierarchical-Collective
8,13,20,25,Hierarchical-Collective
8,21,10,17,Hierarchical-Individual
8,23,9,25,Distributed-Collective
9,22,11,25,Hierarchical-Collective
8,13,20,25,Hierarchical-Collective
8,21,10,17,Hierarchical-Individual
8,23,9,25,Distributed-Collective
16,20,8,17,Distributed-Collective
17,10,14,8,Hierarchical-Individual
16,20,12,8,Distributed-Collective
17,10,18,5,Hierarchical-Individual
16,20,5,12,Distributed-Collective
17,10,10,5,Hierarchical-Individual
11,22,10,17,Distributed-Individual
12,22,7,8,Hierarchical-Collective
10,12,17,8,Distributed-Collective
11,22,10,21,Distributed-Individual
12,22,7,12,Hierarchical-Collective
10,12,17,12,Distributed-Collective
9,23,5,8,Distributed-Individual
9,22,5,17,Hierarchical-Collective
8,23,5,8,Hierarchical-Individual
8,20,5,8,Distributed-Individual
10,23,6,17,Distributed-Collective
10,23,5,8,Distributed-Collective
9,23,6,12,Distributed-Individual
9,22,5,21,Hierarchical-Collective
8,23,9,12,Hierarchical-Individual
8,20,7,12,Distributed-Individual
10,23,10,21,Distributed-Collective
10,23,5,12,Distributed-Collective
18,23,6,5,Distributed-Individual
17,22,5,8,Hierarchical-Collective
16,23,9,5,Hierarchical-Individual
16,20,7,5,Distributed-Individual
18,23,10,8,Distributed-Collective
18,23,5,5,Distributed-Collective
9,21,12,12,Hierarchical-Individual
17,21,5,8,Hierarchical-Individual
12,23,11,17,Hierarchical-Collective
13,14,17,17,Hierarchical-Collective
9,24,14,21,Hierarchical-Individual
17,24,10,8,Hierarchical-Individual
17,24,14,17,Hierarchical-Individual
17,24,14,17,Hierarchical-Individual
20,11,25,17,Hierarchical-Individual
22,21,15,8,Distributed-Individual
23,20,10,17,Hierarchical-Collective
12,20,12,21,Hierarchical-Individual
13,19,10,21,Distributed-Collective
19,16,16,12,Distributed-Individual
18,23,5,12,Distributed-Individual
19,16,24,12,Distributed-Individual
18,23,13,12,Distributed-Individual
19,16,20,12,Distributed-Individual
18,23,9,12,Distributed-Individual
11,16,20,21,Distributed-Individual
10,23,9,21,Distributed-Individual
11,16,16,21,Distributed-Individual
10,23,5,21,Distributed-Individual
23,22,8,8,Hierarchical-Individual
20,22,6,17,Distributed-Individual
23,23,10,8,Hierarchical-Individual
20,23,5,12,Distributed-Collective
20,23,5,8,Distributed-Collective
12,23,9,17,Distributed-Collective
20,23,5,17,Distributed-Collective
11,23,12,21,Distributed-Individual
11,23,8,21,Distributed-Individual
6,21,9,8,Hierarchical-Individual
8,13,20,17,Hierarchical-Collective
6,21,9,17,Hierarchical-Individual
8,13,20,25,Hierarchical-Collective
14,24,5,12,Hierarchical-Individual
6,24,10,25,Hierarchical-Individual
14,24,10,12,Hierarchical-Individual
6,24,5,25,Hierarchical-Individual
18,12,14,5,Distributed-Collective
18,18,9,8,Distributed-Individual
18,12,18,5,Distributed-Collective
18,18,13,12,Distributed-Individual
18,12,18,5,Distributed-Collective
18,18,13,12,Distributed-Individual
9,12,10,12,Distributed-Collective
10,18,5,21,Distributed-Individual
18,12,14,8,Distributed-Collective
18,18,9,17,Distributed-Individual
16,23,11,12,Distributed-Individual
19,22,12,12,Hierarchical-Individual
16,23,7,8,Distributed-Individual
19,22,8,8,Hierarchical-Individual
16,23,7,12,Distributed-Individual
19,22,8,12,Hierarchical-Individual
10,21,6,21,Distributed-Individual
6,23,8,21,Distributed-Collective
7,21,9,12,Distributed-Individual
18,21,5,17,Distributed-Individual
14,23,5,17,Distributed-Collective
15,21,5,8,Distributed-Individual
18,21,6,12,Distributed-Individual
14,23,8,12,Distributed-Collective
15,21,9,5,Distributed-Individual
8,12,21,12,Distributed-Collective
11,19,9,12,Hierarchical-Individual
8,12,25,17,Distributed-Collective
11,19,13,17,Hierarchical-Individual
8,12,17,8,Distributed-Collective
11,19,5,8,Hierarchical-Individual
14,19,12,12,Hierarchical-Collective
18,16,14,17,Distributed-Collective
16,12,20,8,Distributed-Individual
14,21,11,8,Distributed-Individual
18,16,18,12,Distributed-Collective
16,12,24,5,Distributed-Individual
14,21,15,5,Distributed-Individual
8,22,7,12,Hierarchical-Individual
8,14,18,21,Distributed-Individual
17,22,11,5,Hierarchical-Individual
16,14,22,8,Distributed-Individual
8,22,7,12,Hierarchical-Individual
8,14,18,21,Distributed-Individual
17,22,5,5,Hierarchical-Individual
16,14,14,8,Distributed-Individual
17,22,5,5,Hierarchical-Individual
16,14,14,12,Distributed-Individual
17,22,11,5,Hierarchical-Individual
16,14,22,12,Distributed-Individual
8,22,7,8,Hierarchical-Individual
8,14,18,17,Distributed-Individual
17,22,11,5,Hierarchical-Individual
16,14,22,8,Distributed-Individual
11,22,10,17,Distributed-Individual
11,13,20,8,Distributed-Collective
8,24,11,8,Hierarchical-Individual
19,22,10,17,Distributed-Individual
19,13,20,8,Distributed-Collective
16,24,11,8,Hierarchical-Individual
19,22,6,17,Distributed-Individual
19,13,16,8,Distributed-Collective
16,24,7,8,Hierarchical-Individual
19,22,6,12,Distributed-Individual
19,13,16,5,Distributed-Collective
16,24,7,5,Hierarchical-Individual
11,22,10,17,Distributed-Individual
11,13,20,8,Distributed-Collective
8,24,11,8,Hierarchical-Individual
11,22,10,25,Distributed-Individual
11,13,20,17,Distributed-Collective
8,24,11,17,Hierarchical-Individual
11,22,10,17,Distributed-Individual
11,13,20,8,Distributed-Collective
8,24,11,8,Hierarchical-Individual
6,12,17,25,Hierarchical-Individual
7,19,11,25,Distributed-Collective
9,21,11,25,Hierarchical-Individual
6,22,8,25,Hierarchical-Collective
6,15,17,25,Distributed-Collective
20,14,9,12,Hierarchical-Collective
22,13,14,12,Distributed-Collective
18,19,10,12,Distributed-Collective
19,21,12,12,Distributed-Individual
16,23,12,5,Hierarchical-Individual
18,14,18,5,Distributed-Individual
16,23,8,5,Hierarchical-Individual
18,14,13,5,Distributed-Individual
14,10,20,17,Hierarchical-Individual
13,10,24,8,Hierarchical-Individual
14,22,15,8,Distributed-Collective
14,10,25,8,Hierarchical-Collective
8,23,8,21,Distributed-Individual
6,15,11,12,Distributed-Individual
6,23,5,21,Hierarchical-Individual
8,23,16,21,Distributed-Individual
6,15,20,12,Distributed-Individual
6,23,13,21,Hierarchical-Individual
17,23,16,12,Distributed-Individual
14,15,20,5,Distributed-Individual
14,23,13,12,Hierarchical-Individual
17,23,12,12,Distributed-Individual
14,15,15,5,Distributed-Individual
14,23,9,12,Hierarchical-Individual
17,23,12,8,Distributed-Individual
14,15,15,5,Distributed-Individual
14,23,9,8,Hierarchical-Individual
8,23,8,21,Distributed-Individual
6,15,11,12,Distributed-Individual
6,23,5,21,Hierarchical-Individual
10,20,5,17,Hierarchical-Individual
8,23,7,8,Distributed-Individual
18,20,9,17,Hierarchical-Individual
17,23,15,8,Distributed-Individual
10,20,9,21,Hierarchical-Individual
8,23,15,12,Distributed-Individual
18,20,9,12,Hierarchical-Individual
17,23,15,5,Distributed-Individual
6,19,11,25,Hierarchical-Individual
8,14,22,25,Distributed-Collective
13,14,13,5,Distributed-Collective
18,20,10,12,Hierarchical-Individual
6,24,9,8,Hierarchical-Individual
7,15,22,8,Hierarchical-Collective
6,12,19,17,Hierarchical-Individual
10,21,7,25,Distributed-Individual
12,21,8,17,Hierarchical-Individual
10,25,5,25,Distributed-Individual
8,21,5,25,Hierarchical-Collective
10,22,5,17,Distributed-Individual
18,21,15,12,Distributed-Individual
21,21,16,5,Hierarchical-Individual
19,25,10,12,Distributed-Individual
16,21,10,12,Hierarchical-Collective
18,22,9,5,Distributed-Individual
10,21,11,21,Distributed-Individual
12,21,12,12,Hierarchical-Individual
10,25,5,21,Distributed-Individual
8,21,6,21,Hierarchical-Collective
10,22,5,12,Distributed-Individual
9,21,9,21,Hierarchical-Collective
9,21,13,25,Hierarchical-Collective
17,21,5,12,Hierarchical-Collective
12,21,5,25,Hierarchical-Collective
21,21,5,12,Hierarchical-Collective
21,21,5,12,Hierarchical-Collective
10,20,10,21,Hierarchical-Individual
10,20,10,21,Hierarchical-Individual
18,14,13,5,Distributed-Individual
18,12,16,5,Hierarchical-Collective
10,14,9,8,Distributed-Individual
9,12,12,8,Hierarchical-Collective
12,14,22,12,Hierarchical-Individual
14,12,24,21,Distributed-Collective
11,21,14,25,Hierarchical-Individual
11,18,16,17,Distributed-Collective
19,21,10,17,Hierarchical-Individual
19,18,12,8,Distributed-Collective
10,22,7,21,Distributed-Individual
9,14,20,12,Hierarchical-Individual
10,22,7,21,Distributed-Individual
9,14,20,12,Hierarchical-Individual
12,24,5,12,Distributed-Collective
9,13,15,21,Distributed-Collective
12,22,5,12,Hierarchical-Individual
20,24,5,5,Distributed-Collective
17,13,15,12,Distributed-Collective
20,22,5,5,Hierarchical-Individual
20,24,12,5,Distributed-Collective
17,13,23,12,Distributed-Collective
20,22,9,5,Hierarchical-Individual
12,24,12,8,Distributed-Collective
9,13,23,17,Distributed-Collective
12,22,9,8,Hierarchical-Individual
9,18,9,12,Distributed-Collective
10,19,12,21,Hierarchical-Collective
17,18,9,8,Distributed-Collective
18,19,12,17,Hierarchical-Collective
9,18,9,12,Distributed-Collective
10,19,12,21,Hierarchical-Collective
10,23,7,21,Distributed-Individual
8,21,6,17,Hierarchical-Individual
11,19,11,8,Hierarchical-Collective
7,18,10,17,Hierarchical-Collective
16,21,5,8,Hierarchical-Individual
19,19,7,5,Hierarchical-Collective
16,18,6,8,Hierarchical-Collective
18,10,17,12,Distributed-Individual
19,12,16,12,Hierarchical-Collective
15,10,20,12,Hierarchical-Individual
9,10,21,17,Distributed-Individual
11,12,20,17,Hierarchical-Collective
7,10,24,17,Hierarchical-Individual
9,10,21,17,Distributed-Individual
11,12,20,17,Hierarchical-Collective
7,10,24,17,Hierarchical-Individual
10,21,13,17,Hierarchical-Collective
8,24,9,25,Distributed-Individual
10,21,9,17,Hierarchical-Collective
8,24,5,25,Distributed-Individual
9,11,20,8,Distributed-Individual
17,11,15,5,Distributed-Individual
16,21,5,12,Hierarchical-Collective
17,14,13,12,Distributed-Collective
16,21,5,12,Hierarchical-Collective
17,14,17,12,Distributed-Collective
7,21,9,17,Hierarchical-Collective
8,14,21,17,Distributed-Collective
17,13,20,8,Hierarchical-Individual
20,23,15,5,Hierarchical-Collective
17,21,17,5,Hierarchical-Individual
8,13,16,17,Hierarchical-Individual
12,23,11,8,Hierarchical-Collective
8,21,12,8,Hierarchical-Individual
8,13,20,21,Hierarchical-Individual
12,23,15,12,Hierarchical-Collective
8,21,17,12,Hierarchical-Individual
11,19,10,17,Distributed-Collective
11,21,8,8,Distributed-Collective
11,19,10,25,Distributed-Collective
11,21,8,17,Distributed-Collective
11,19,6,21,Distributed-Collective
11,21,5,12,Distributed-Collective
8,10,15,12,Distributed-Individual
8,14,15,21,Hierarchical-Individual
6,21,11,21,Distributed-Collective
9,19,5,12,Distributed-Collective
7,21,5,17,Distributed-Collective
9,21,5,25,Distributed-Collective
7,23,5,25,Hierarchical-Individual
10,23,5,17,Distributed-Individual
15,21,5,5,Distributed-Collective
17,21,5,8,Distributed-Collective
16,23,5,8,Hierarchical-Individual
19,23,5,5,Distributed-Individual
7,21,8,12,Distributed-Collective
9,21,9,21,Distributed-Collective
7,23,5,21,Hierarchical-Individual
10,23,5,12,Distributed-Individual
12,22,8,8,Hierarchical-Collective
9,14,16,17,Hierarchical-Collective
12,20,5,17,Distributed-Individual
20,22,8,5,Hierarchical-Collective
18,14,16,12,Hierarchical-Collective
20,20,5,12,Distributed-Individual
12,22,8,17,Hierarchical-Collective
9,14,16,25,Hierarchical-Collective
12,20,5,25,Distributed-Individual
12,22,8,17,Hierarchical-Collective
9,14,16,25,Hierarchical-Collective
12,20,5,25,Distributed-Individual
20,22,8,5,Hierarchical-Collective
18,14,16,12,Hierarchical-Collective
20,20,5,12,Distributed-Individual
9,22,11,8,Hierarchical-Individual
13,20,9,8,Hierarchical-Collective
12,21,15,8,Hierarchical-Collective
14,21,9,8,Distributed-Individual
13,21,10,17,Distributed-Individual
9,22,11,12,Hierarchical-Individual
13,20,9,12,Hierarchical-Collective
12,21,15,12,Hierarchical-Collective
14,21,9,12,Distributed-Individual
13,21,10,21,Distributed-Individual
21,12,17,12,Distributed-Collective
13,12,17,21,Distributed-Collective
13,12,17,21,Distributed-Collective
19,15,15,5,Distributed-Individual
11,15,11,17,Distributed-Individual
11,15,15,8,Distributed-Individual
11,15,15,8,Distributed-Individual
17,19,5,12,Distributed-Collective
17,19,5,5,Hierarchical-Collective
19,21,8,12,Distributed-Collective
17,19,12,8,Distributed-Collective
17,19,9,5,Hierarchical-Collective
19,21,16,8,Distributed-Collective
17,21,14,12,Hierarchical-Individual
16,22,12,12,Distributed-Individual
15,18,12,12,Hierarchical-Individual
18,20,16,5,Distributed-Individual
11,12,19,21,Distributed-Individual
10,23,13,12,Distributed-Collective
11,11,20,21,Hierarchical-Individual
22,14,18,5,Hierarchical-Collective
17,18,11,12,Hierarchical-Individual
18,15,20,5,Hierarchical-Collective
5,23,11,12,Hierarchical-Individual
5,23,11,21,Hierarchical-Individual
18,16,20,12,Hierarchical-Collective
17,22,16,5,Hierarchical-Collective
15,12,20,12,Hierarchical-Individual
18,16,20,8,Hierarchical-Collective
17,22,16,5,Hierarchical-Collective
15,12,20,8,Hierarchical-Individual
18,16,16,12,Hierarchical-Collective
17,22,12,5,Hierarchical-Collective
15,12,15,12,Hierarchical-Individual
10,16,20,21,Hierarchical-Collective
9,22,16,12,Hierarchical-Collective
7,12,20,21,Hierarchical-Individual
10,14,12,17,Hierarchical-Collective
10,14,13,25,Hierarchical-Individual
11,13,16,25,Distributed-Individual
8,22,8,25,Distributed-Collective
11,24,6,17,Hierarchical-Individual
10,14,17,17,Hierarchical-Collective
10,14,18,25,Hierarchical-Individual
11,13,20,25,Distributed-Individual
8,22,12,25,Distributed-Collective
11,24,10,17,Hierarchical-Individual
10,14,8,8,Hierarchical-Collective
10,14,9,17,Hierarchical-Individual
11,13,12,17,Distributed-Individual
8,22,5,17,Distributed-Collective
11,24,5,8,Hierarchical-Individual
20,23,13,5,Distributed-Individual
19,21,14,8,Hierarchical-Individual
11,23,13,8,Distributed-Individual
10,21,14,17,Hierarchical-Individual
7,14,19,17,Distributed-Collective
10,13,18,17,Distributed-Individual
7,14,19,25,Distributed-Collective
10,13,18,25,Distributed-Individual
15,14,23,12,Distributed-Collective
18,13,22,12,Distributed-Individual
15,14,15,17,Distributed-Collective
18,13,14,17,Distributed-Individual
11,21,5,17,Hierarchical-Collective
20,21,8,12,Hierarchical-Collective
20,21,8,12,Hierarchical-Collective
20,21,8,8,Hierarchical-Collective
10,21,11,25,Distributed-Collective
10,21,11,21,Distributed-Collective
10,21,11,25,Distributed-Collective
18,21,15,8,Distributed-Collective
20,24,5,8,Distributed-Individual
17,13,10,12,Hierarchical-Collective
17,13,19,17,Hierarchical-Collective
8,13,15,21,Hierarchical-Collective
14,18,13,25,Distributed-Collective
7,13,24,21,Hierarchical-Individual
20,11,10,5,Distributed-Collective
20,13,9,12,Hierarchical-Collective
11,11,15,8,Distributed-Collective
11,13,13,17,Hierarchical-Collective
19,22,15,17,Distributed-Collective
17,22,13,8,Hierarchical-Collective
10,22,15,21,Distributed-Collective
8,22,13,12,Hierarchical-Collective
10,22,11,25,Distributed-Collective
8,22,9,17,Hierarchical-Collective
19,22,11,8,Distributed-Collective
17,22,9,5,Hierarchical-Collective
19,22,11,8,Distributed-Collective
17,22,9,5,Hierarchical-Collective
10,22,15,17,Distributed-Collective
8,22,13,8,Hierarchical-Collective
14,14,17,5,Distributed-Collective
16,12,20,12,Distributed-Collective
18,22,8,12,Distributed-Individual
13,13,16,8,Distributed-Collective
21,13,20,8,Distributed-Collective
13,13,20,8,Distributed-Collective
19,21,5,12,Distributed-Individual
18,20,12,12,Distributed-Individual
16,21,5,12,Distributed-Individual
18,11,13,12,Distributed-Individual
17,21,10,5,Distributed-Individual
19,21,10,8,Distributed-Individual
18,20,16,8,Distributed-Individual
16,21,10,8,Distributed-Individual
18,11,17,8,Distributed-Individual
17,21,14,5,Distributed-Individual
19,21,5,8,Distributed-Individual
18,20,12,8,Distributed-Individual
16,21,5,8,Distributed-Individual
18,11,13,8,Distributed-Individual
17,21,10,5,Distributed-Individual
17,21,5,12,Distributed-Collective
16,12,14,12,Hierarchical-Individual
18,21,8,12,Distributed-Individual
17,21,5,12,Distributed-Collective
16,12,10,12,Hierarchical-Individual
18,21,5,12,Distributed-Individual
9,21,5,25,Distributed-Collective
8,12,10,25,Hierarchical-Individual
9,21,5,25,Distributed-Individual
9,21,5,17,Distributed-Collective
8,12,10,17,Hierarchical-Individual
9,21,5,17,Distributed-Individual
17,21,9,8,Distributed-Collective
16,12,18,8,Hierarchical-Individual
18,21,12,8,Distributed-Individual
17,21,5,8,Distributed-Collective
16,12,10,8,Hierarchical-Individual
18,21,5,8,Distributed-Individual
17,21,9,12,Distributed-Collective
16,12,18,12,Hierarchical-Individual
18,21,12,12,Distributed-Individual
9,21,5,21,Distributed-Collective
8,12,14,21,Hierarchical-Individual
9,21,8,21,Distributed-Individual
10,14,19,21,Hierarchical-Collective
18,14,15,12,Hierarchical-Collective
9,10,17,12,Hierarchical-Individual
9,13,19,21,Hierarchical-Individual
12,22,5,17,Hierarchical-Individual
12,22,5,25,Hierarchical-Individual
12,22,9,21,Hierarchical-Individual
12,22,9,17,Hierarchical-Individual
9,21,12,17,Distributed-Collective
6,22,12,8,Distributed-Collective
9,21,8,21,Distributed-Collective
6,22,8,12,Distributed-Collective
17,21,12,12,Distributed-Collective
14,22,12,5,Distributed-Collective
8,11,11,17,Hierarchical-Individual
7,10,15,25,Hierarchical-Collective
7,19,7,25,Hierarchical-Collective
15,20,15,17,Hierarchical-Collective
11,22,5,21,Distributed-Collective
9,24,7,21,Hierarchical-Collective
11,22,10,25,Distributed-Collective
9,24,11,25,Hierarchical-Collective
6,19,7,21,Distributed-Individual
5,11,16,21,Distributed-Individual
21,21,5,5,Hierarchical-Collective
19,13,21,8,Hierarchical-Collective
21,21,5,8,Hierarchical-Collective
19,13,17,17,Hierarchical-Collective
13,21,5,17,Hierarchical-Collective
10,13,21,25,Hierarchical-Collective
21,21,5,5,Hierarchical-Collective
19,13,21,12,Hierarchical-Collective
24,14,11,5,Distributed-Collective
16,22,11,8,Distributed-Collective
15,13,13,8,Distributed-Collective
17,19,5,5,Hierarchical-Individual
17,19,9,5,Hierarchical-Individual
9,19,5,12,Hierarchical-Individual
9,19,9,8,Hierarchical-Individual
9,19,9,8,Hierarchical-Individual
17,19,5,5,Hierarchical-Individual
21,21,6,8,Distributed-Collective
21,19,9,5,Distributed-Individual
7,12,18,21,Distributed-Collective
7,22,8,12,Distributed-Collective
8,22,11,21,Hierarchical-Collective
19,10,12,5,Distributed-Collective
17,22,5,12,Distributed-Individual
19,10,8,5,Distributed-Collective
17,22,5,12,Distributed-Individual
10,10,8,17,Distributed-Collective
9,22,5,25,Distributed-Individual
7,12,15,21,Hierarchical-Collective
9,21,6,21,Hierarchical-Individual
10,20,11,12,Hierarchical-Collective
8,21,5,12,Distributed-Collective
16,12,15,12,Hierarchical-Collective
17,21,6,12,Hierarchical-Individual
19,20,11,5,Hierarchical-Collective
16,21,5,5,Distributed-Collective
6,21,6,12,Hierarchical-Individual
14,21,6,5,Hierarchical-Individual
6,21,6,12,Hierarchical-Individual
7,21,15,17,Hierarchical-Individual
15,21,6,8,Hierarchical-Individual
10,15,16,17,Distributed-Collective
18,14,15,17,Hierarchical-Individual
15,15,20,17,Hierarchical-Individual
18,14,15,17,Hierarchical-Individual
15,15,20,17,Hierarchical-Individual
14,23,5,25,Hierarchical-Individual
11,19,7,17,Distributed-Collective
23,23,5,12,Hierarchical-Individual
20,19,5,5,Distributed-Collective
18,16,17,8,Hierarchical-Individual
16,24,8,8,Hierarchical-Collective
18,22,11,5,Distributed-Individual
22,20,5,17,Distributed-Collective
16,11,20,12,Distributed-Collective
19,22,16,12,Hierarchical-Collective
8,11,12,17,Distributed-Collective
10,22,8,17,Hierarchical-Collective
8,11,20,21,Distributed-Collective
10,22,16,21,Hierarchical-Collective
9,14,15,21,Distributed-Collective
10,21,9,21,Hierarchical-Collective
10,19,5,21,Hierarchical-Individual
9,21,7,21,Hierarchical-Collective
10,19,5,21,Distributed-Collective
14,23,9,17,Distributed-Individual
7,20,5,17,Hierarchical-Individual
21,15,18,5,Distributed-Collective
13,15,18,8,Distributed-Collective
8,22,5,21,Hierarchical-Individual
9,12,13,21,Distributed-Collective
10,23,5,21,Hierarchical-Individual
16,22,8,8,Hierarchical-Individual
17,12,17,8,Distributed-Collective
18,23,7,8,Hierarchical-Individual
12,21,5,21,Hierarchical-Collective
12,21,5,21,Hierarchical-Collective
17,12,10,12,Distributed-Individual
18,12,15,12,Hierarchical-Collective
17,12,18,12,Distributed-Individual
18,12,24,12,Hierarchical-Collective
20,13,9,12,Distributed-Collective
17,16,14,12,Distributed-Collective
20,13,9,12,Distributed-Collective
17,16,14,12,Distributed-Collective
20,13,18,8,Distributed-Collective
17,16,22,8,Distributed-Collective
11,13,13,25,Distributed-Collective
9,16,18,25,Distributed-Collective
8,23,12,17,Distributed-Collective
8,13,20,8,Hierarchical-Collective
11,15,19,8,Hierarchical-Individual
10,20,6,17,Hierarchical-Collective
7,22,7,17,Hierarchical-Individual
16,23,16,12,Distributed-Collective
16,13,24,5,Hierarchical-Collective
19,15,23,5,Hierarchical-Individual
18,20,10,12,Hierarchical-Collective
15,22,11,12,Hierarchical-Individual
8,23,16,17,Distributed-Collective
8,13,24,8,Hierarchical-Collective
11,15,23,8,Hierarchical-Individual
10,20,10,17,Hierarchical-Collective
7,22,11,17,Hierarchical-Individual
15,22,8,12,Distributed-Collective
9,11,19,25,Hierarchical-Collective
11,21,12,17,Hierarchical-Individual
10,19,6,25,Hierarchical-Collective
17,11,23,17,Hierarchical-Collective
19,21,16,8,Hierarchical-Individual
18,19,10,17,Hierarchical-Collective
9,12,22,25,Hierarchical-Individual
8,12,17,17,Distributed-Collective
9,12,18,21,Hierarchical-Individual
8,12,12,12,Distributed-Collective
9,12,14,21,Hierarchical-Individual
8,12,8,12,Distributed-Collective
16,21,8,5,Distributed-Collective
17,14,15,12,Hierarchical-Collective
17,15,18,5,Hierarchical-Individual
16,21,8,5,Distributed-Collective
17,14,15,8,Hierarchical-Collective
17,15,18,5,Hierarchical-Individual
8,21,12,12,Distributed-Collective
9,14,19,21,Hierarchical-Collective
8,15,22,12,Hierarchical-Individual
8,21,8,8,Distributed-Collective
9,14,15,17,Hierarchical-Collective
8,15,18,8,Hierarchical-Individual
17,14,20,12,Hierarchical-Individual
17,21,5,12,Distributed-Individual
15,20,6,12,Distributed-Collective
9,14,20,21,Hierarchical-Individual
8,21,5,21,Distributed-Individual
7,20,6,21,Distributed-Collective
18,24,12,12,Hierarchical-Individual
19,20,11,12,Hierarchical-Individual
21,23,12,5,Distributed-Individual
18,15,18,12,Hierarchical-Individual
20,14,21,12,Distributed-Collective
10,24,12,17,Hierarchical-Individual
11,20,11,17,Hierarchical-Individual
13,23,12,8,Distributed-Individual
10,15,18,17,Hierarchical-Individual
12,14,21,17,Distributed-Collective
18,24,8,12,Hierarchical-Individual
19,20,7,12,Hierarchical-Individual
21,23,8,5,Distributed-Individual
18,15,13,12,Hierarchical-Individual
20,14,17,12,Distributed-Collective
18,24,12,12,Hierarchical-Individual
19,20,11,12,Hierarchical-Individual
21,23,12,5,Distributed-Individual
18,15,18,12,Hierarchical-Individual
20,14,21,12,Distributed-Collective
6,16,17,12,Distributed-Collective
6,24,8,21,Hierarchical-Collective
11,13,14,21,Distributed-Individual
7,21,8,21,Distributed-Individual
15,16,17,8,Distributed-Collective
15,24,8,17,Hierarchical-Collective
19,13,14,17,Distributed-Individual
16,21,8,17,Distributed-Individual
6,16,17,12,Distributed-Collective
6,24,8,21,Hierarchical-Collective
11,13,14,21,Distributed-Individual
7,21,8,21,Distributed-Individual
6,16,12,8,Distributed-Collective
6,24,5,17,Hierarchical-Collective
11,13,10,17,Distributed-Individual
7,21,5,17,Distributed-Individual
7,16,17,21,Distributed-Collective
6,24,6,21,Distributed-Individual
15,16,17,12,Distributed-Collective
14,24,6,12,Distributed-Individual
11,22,5,25,Distributed-Individual
11,21,5,25,Hierarchical-Collective
22,20,5,12,Distributed-Collective
18,12,17,5,Hierarchical-Collective
20,10,14,5,Hierarchical-Collective
18,13,18,12,Distributed-Individual
17,21,7,8,Distributed-Individual
19,21,5,8,Hierarchical-Individual
17,10,14,8,Hierarchical-Individual
20,19,5,12,Distributed-Individual
20,19,5,8,Distributed-Individual
11,19,5,21,Distributed-Individual
20,19,5,12,Distributed-Individual
18,23,7,5,Distributed-Collective
21,20,5,12,Distributed-Individual
21,15,14,5,Distributed-Individual
21,21,7,5,Hierarchical-Individual
18,12,10,12,Distributed-Collective
10,23,7,12,Distributed-Collective
13,20,5,21,Distributed-Individual
13,15,14,12,Distributed-Individual
12,21,7,12,Hierarchical-Individual
10,12,10,21,Distributed-Collective
11,13,9,21,Distributed-Individual
7,12,13,12,Hierarchical-Individual
7,24,5,12,Distributed-Individual
19,13,13,12,Distributed-Individual
16,12,17,5,Hierarchical-Individual
15,24,6,5,Distributed-Individual
7,19,8,17,Distributed-Individual
11,12,24,25,Distributed-Individual
14,23,5,12,Hierarchical-Collective
14,23,5,12,Distributed-Individual
16,17,15,12,Hierarchical-Individual
10,13,17,12,Hierarchical-Individual
7,20,16,21,Hierarchical-Collective
18,13,12,5,Hierarchical-Individual
15,20,12,8,Hierarchical-Collective
10,13,17,17,Hierarchical-Individual
7,20,16,25,Hierarchical-Collective
18,19,5,12,Distributed-Collective
18,21,5,5,Hierarchical-Individual
16,11,17,12,Distributed-Collective
18,21,6,12,Hierarchical-Collective
18,20,5,12,Distributed-Collective
15,19,5,5,Hierarchical-Collective
18,19,5,17,Distributed-Collective
18,21,5,8,Hierarchical-Individual
16,11,17,17,Distributed-Collective
18,21,6,17,Hierarchical-Collective
18,20,5,17,Distributed-Collective
15,19,5,8,Hierarchical-Collective
18,19,10,8,Hierarchical-Individual
16,22,9,8,Hierarchical-Collective
17,22,12,8,Distributed-Individual
9,19,5,8,Distributed-Individual
17,19,5,5,Distributed-Individual
11,21,5,25,Distributed-Collective
8,18,15,21,Distributed-Individual
6,21,9,12,Distributed-Individual
9,18,10,21,Distributed-Collective
6,19,17,21,Distributed-Individual
10,24,15,21,Distributed-Individual
9,15,25,21,Distributed-Collective
10,24,10,21,Distributed-Individual
9,15,20,21,Distributed-Collective
10,24,10,21,Distributed-Individual
9,15,20,21,Distributed-Collective
14,13,21,8,Distributed-Collective
14,13,21,12,Distributed-Collective
16,13,19,12,Hierarchical-Collective
17,12,17,5,Hierarchical-Individual
14,23,14,5,Hierarchical-Individual
9,14,16,12,Hierarchical-Individual
9,21,5,12,Distributed-Individual
10,15,8,17,Distributed-Collective
10,24,8,8,Hierarchical-Individual
8,20,8,17,Hierarchical-Collective
17,13,17,17,Distributed-Individual
18,12,25,17,Hierarchical-Individual
13,20,6,17,Distributed-Individual
9,22,9,17,Hierarchical-Collective
10,20,12,17,Distributed-Collective
13,11,15,17,Distributed-Individual
18,15,17,12,Distributed-Individual
18,24,9,12,Distributed-Collective
18,15,21,12,Distributed-Individual
18,24,13,12,Distributed-Collective
9,15,13,21,Distributed-Individual
10,24,5,21,Distributed-Collective
18,15,17,12,Distributed-Individual
18,24,9,12,Distributed-Collective
9,15,21,21,Distributed-Individual
10,24,13,21,Distributed-Collective
16,20,5,5,Hierarchical-Collective
6,20,14,17,Distributed-Individual
6,21,12,17,Distributed-Individual
10,22,11,25,Distributed-Individual
12,20,10,17,Hierarchical-Individual
12,19,7,17,Distributed-Collective
11,22,5,8,Distributed-Individual
11,22,11,17,Hierarchical-Collective
20,20,6,17,Hierarchical-Individual
20,19,5,17,Distributed-Collective
20,22,5,8,Distributed-Individual
19,22,7,17,Hierarchical-Collective
16,24,5,17,Hierarchical-Individual
16,21,5,8,Hierarchical-Individual
15,23,5,17,Hierarchical-Individual
16,24,9,8,Hierarchical-Individual
16,21,5,5,Hierarchical-Individual
15,23,7,8,Hierarchical-Individual
7,24,9,25,Hierarchical-Individual
8,21,5,17,Hierarchical-Individual
7,23,7,25,Hierarchical-Individual
7,24,5,17,Hierarchical-Individual
8,21,5,8,Hierarchical-Individual
7,23,5,17,Hierarchical-Individual
18,21,6,5,Distributed-Individual
15,23,6,8,Distributed-Collective
15,23,11,8,Distributed-Individual
18,21,6,8,Distributed-Individual
15,23,6,17,Distributed-Collective
15,23,11,17,Distributed-Individual
9,21,10,17,Distributed-Individual
7,23,10,25,Distributed-Collective
7,23,15,25,Distributed-Individual
17,23,11,5,Distributed-Collective
18,23,7,12,Hierarchical-Collective
19,22,10,12,Hierarchical-Collective
17,23,11,5,Distributed-Collective
18,23,7,12,Hierarchical-Collective
19,22,10,12,Hierarchical-Collective
9,23,7,8,Distributed-Collective
10,23,5,17,Hierarchical-Collective
10,22,5,17,Hierarchical-Collective
9,23,14,25,Hierarchical-Individual
9,23,14,21,Hierarchical-Individual
7,13,15,17,Distributed-Collective
12,21,9,25,Distributed-Collective
13,21,12,25,Distributed-Collective
12,21,5,17,Distributed-Collective
13,21,8,17,Distributed-Collective
13,20,10,12,Hierarchical-Individual
13,22,16,21,Hierarchical-Individual
12,20,11,21,Distributed-Collective
16,23,12,17,Hierarchical-Individual
19,23,5,17,Hierarchical-Individual
7,21,5,21,Distributed-Collective
10,19,6,21,Hierarchical-Collective
8,21,8,21,Hierarchical-Individual
9,21,6,12,Distributed-Individual
7,21,5,21,Distributed-Collective
10,19,6,21,Hierarchical-Collective
8,21,8,21,Hierarchical-Individual
9,21,6,12,Distributed-Individual
10,11,18,25,Hierarchical-Individual
10,18,10,25,Distributed-Collective
19,11,13,12,Hierarchical-Individual
19,18,6,12,Distributed-Collective
14,18,5,25,Distributed-Collective
8,22,5,8,Distributed-Collective
9,10,10,17,Distributed-Individual
11,13,10,17,Distributed-Individual
12,19,5,8,Hierarchical-Collective
11,11,12,17,Hierarchical-Individual
12,20,5,8,Hierarchical-Individual
8,22,7,8,Distributed-Collective
9,10,14,17,Distributed-Individual
11,13,14,17,Distributed-Individual
12,19,8,8,Hierarchical-Collective
11,11,16,17,Hierarchical-Individual
12,20,5,8,Hierarchical-Individual
8,22,11,8,Distributed-Collective
9,10,18,17,Distributed-Individual
11,13,18,17,Distributed-Individual
12,19,12,8,Hierarchical-Collective
11,11,20,17,Hierarchical-Individual
12,20,10,8,Hierarchical-Individual
20,21,5,12,Hierarchical-Collective
12,21,5,17,Hierarchical-Collective
12,21,5,21,Hierarchical-Collective
12,21,5,17,Hierarchical-Collective
10,24,12,21,Hierarchical-Collective
15,20,5,12,Hierarchical-Individual
7,20,5,21,Hierarchical-Individual
12,11,11,25,Hierarchical-Collective
9,11,14,25,Distributed-Collective
12,11,20,17,Hierarchical-Collective
9,11,22,17,Distributed-Collective
20,11,11,17,Hierarchical-Collective
18,11,14,17,Distributed-Collective
9,18,9,17,Hierarchical-Collective
9,11,20,17,Distributed-Collective
9,18,10,17,Distributed-Individual
8,18,12,8,Hierarchical-Individual
9,18,5,21,Hierarchical-Collective
9,11,11,21,Distributed-Collective
9,18,5,21,Distributed-Individual
8,18,5,12,Hierarchical-Individual
9,18,5,17,Hierarchical-Collective
9,11,15,17,Distributed-Collective
9,18,5,17,Distributed-Individual
8,18,8,8,Hierarchical-Individual
17,18,9,17,Hierarchical-Collective
17,11,20,17,Distributed-Collective
17,18,10,17,Distributed-Individual
17,18,12,8,Hierarchical-Individual
9,21,17,21,Hierarchical-Individual
9,24,14,21,Distributed-Individual
12,13,19,21,Distributed-Collective
10,15,24,21,Distributed-Individual
17,21,5,12,Distributed-Collective
8,21,5,21,Distributed-Collective
8,21,5,25,Distributed-Collective
18,13,17,8,Distributed-Individual
16,19,10,8,Hierarchical-Individual
20,14,25,8,Distributed-Collective
18,13,17,17,Distributed-Individual
16,19,10,17,Hierarchical-Individual
20,14,25,17,Distributed-Collective
20,12,21,12,Hierarchical-Individual
19,14,19,12,Distributed-Individual
20,22,5,12,Hierarchical-Collective
12,12,21,21,Hierarchical-Individual
11,14,19,21,Distributed-Individual
11,22,5,21,Hierarchical-Collective
20,21,12,12,Distributed-Collective
21,23,8,12,Distributed-Individual
21,22,12,12,Hierarchical-Individual
18,24,12,12,Hierarchical-Collective
11,22,12,21,Hierarchical-Collective
10,21,11,21,Distributed-Collective
11,21,7,21,Hierarchical-Collective
21,22,5,12,Distributed-Collective
21,22,8,12,Distributed-Collective
13,22,5,21,Distributed-Collective
9,19,10,21,Distributed-Individual
8,13,15,21,Distributed-Individual
6,22,12,21,Hierarchical-Individual
19,15,19,5,Hierarchical-Collective
19,15,23,8,Hierarchical-Collective
19,15,23,5,Hierarchical-Collective
7,16,16,25,Hierarchical-Individual
7,21,7,17,Hierarchical-Collective
7,16,12,21,Hierarchical-Individual
7,21,5,12,Hierarchical-Collective
10,12,17,21,Hierarchical-Individual
6,12,25,25,Hierarchical-Collective
14,12,25,12,Hierarchical-Collective
19,25,5,8,Distributed-Collective
18,16,13,8,Distributed-Individual
22,22,5,5,Distributed-Individual
11,25,7,21,Distributed-Collective
10,16,17,21,Distributed-Individual
13,22,8,12,Distributed-Individual
18,20,8,5,Distributed-Collective
16,11,18,8,Distributed-Individual
18,13,18,8,Hierarchical-Individual
17,12,19,5,Distributed-Collective
19,12,24,8,Hierarchical-Collective
10,20,8,12,Distributed-Collective
7,11,18,21,Distributed-Individual
10,13,18,21,Hierarchical-Individual
9,12,19,12,Distributed-Collective
11,12,24,21,Hierarchical-Collective
10,13,22,12,Distributed-Individual
14,23,15,12,Distributed-Individual
14,22,12,12,Hierarchical-Individual
13,23,12,12,Hierarchical-Individual
13,20,14,12,Distributed-Collective
10,21,8,21,Distributed-Collective
10,22,10,21,Distributed-Collective
19,21,12,8,Distributed-Collective
18,22,15,8,Distributed-Collective
10,21,5,17,Distributed-Collective
10,22,6,17,Distributed-Collective
19,21,8,8,Distributed-Collective
18,22,10,8,Distributed-Collective
12,18,14,21,Hierarchical-Individual
12,19,11,21,Distributed-Collective
12,18,10,21,Hierarchical-Individual
12,19,7,21,Distributed-Collective
20,18,10,8,Hierarchical-Individual
20,19,7,8,Distributed-Collective
20,18,10,17,Hierarchical-Individual
20,19,7,17,Distributed-Collective
20,18,6,8,Hierarchical-Individual
20,19,5,8,Distributed-Collective
12,18,10,17,Hierarchical-Individual
12,19,7,17,Distributed-Collective
8,21,7,21,Hierarchical-Collective
8,21,8,21,Distributed-Individual
9,11,16,21,Distributed-Individual
8,21,5,17,Hierarchical-Collective
8,21,5,17,Distributed-Individual
9,11,12,17,Distributed-Individual
15,20,15,12,Hierarchical-Collective
15,20,7,17,Hierarchical-Collective
9,13,15,25,Distributed-Collective
10,20,8,25,Distributed-Collective
9,13,23,25,Distributed-Collective
10,20,16,25,Distributed-Collective
11,20,11,12,Hierarchical-Individual
9,14,25,21,Hierarchical-Individual
9,23,15,21,Hierarchical-Collective
19,20,7,5,Hierarchical-Individual
17,14,21,12,Hierarchical-Individual
18,23,11,12,Hierarchical-Collective
10,21,12,21,Distributed-Individual
7,22,8,21,Hierarchical-Collective
10,21,17,25,Distributed-Individual
7,22,12,25,Hierarchical-Collective
10,21,17,25,Distributed-Individual
7,22,12,25,Hierarchical-Collective
8,21,6,17,Distributed-Collective
5,12,15,17,Hierarchical-Individual
9,20,7,17,Hierarchical-Individual
15,22,9,5,Distributed-Individual
19,22,14,8,Distributed-Collective
17,11,24,5,Hierarchical-Individual
14,21,9,8,Hierarchical-Individual
19,11,17,8,Distributed-Collective
6,22,5,8,Distributed-Individual
10,22,10,17,Distributed-Collective
9,11,20,8,Hierarchical-Individual
6,21,5,17,Hierarchical-Individual
10,11,12,17,Distributed-Collective
6,14,17,21,Distributed-Collective
9,22,15,21,Distributed-Individual
8,16,17,21,Hierarchical-Collective
9,14,18,21,Hierarchical-Individual
6,14,13,21,Distributed-Collective
9,22,10,21,Distributed-Individual
8,16,13,21,Hierarchical-Collective
9,14,14,21,Hierarchical-Individual
15,20,8,5,Distributed-Collective
18,18,7,12,Hierarchical-Collective
15,21,5,5,Distributed-Individual
18,20,8,12,Hierarchical-Collective
7,20,17,8,Distributed-Collective
10,18,15,17,Hierarchical-Collective
6,21,9,8,Distributed-Individual
10,20,17,17,Hierarchical-Collective
18,14,18,8,Distributed-Individual
21,20,9,12,Distributed-Individual
18,20,16,12,Distributed-Collective
18,14,18,12,Distributed-Collective
21,20,5,17,Distributed-Individual
18,20,12,17,Distributed-Collective
18,14,14,17,Distributed-Collective
14,11,15,25,Hierarchical-Individual
8,11,18,25,Hierarchical-Individual
7,19,17,17,Distributed-Collective
10,12,25,17,Distributed-Individual
10,20,15,25,Distributed-Collective
5,23,10,25,Hierarchical-Individual
8,11,18,21,Hierarchical-Individual
7,19,17,12,Distributed-Collective
10,12,25,12,Distributed-Individual
10,20,15,21,Distributed-Collective
5,23,10,21,Hierarchical-Individual
9,22,9,17,Distributed-Individual
8,19,9,17,Hierarchical-Individual
18,22,9,8,Distributed-Individual
16,19,9,8,Hierarchical-Individual
10,13,20,17,Distributed-Collective
10,13,20,21,Distributed-Collective
18,13,20,17,Distributed-Collective
12,21,15,17,Hierarchical-Collective
11,21,8,8,Hierarchical-Collective
20,21,7,17,Hierarchical-Collective
19,21,5,8,Hierarchical-Collective
12,21,15,21,Hierarchical-Collective
11,21,8,12,Hierarchical-Collective
16,13,14,8,Distributed-Collective
16,22,12,17,Hierarchical-Collective
7,13,14,8,Distributed-Collective
7,22,12,17,Hierarchical-Collective
16,13,10,8,Distributed-Collective
16,22,8,17,Hierarchical-Collective
8,14,18,12,Distributed-Individual
8,14,18,12,Distributed-Individual
8,14,18,12,Distributed-Individual
10,21,5,21,Hierarchical-Collective
12,23,10,21,Hierarchical-Collective
19,22,5,5,Hierarchical-Individual
21,13,8,8,Distributed-Collective
11,22,5,17,Hierarchical-Individual
13,13,8,25,Distributed-Collective
11,22,13,12,Hierarchical-Individual
13,13,17,21,Distributed-Collective
21,12,20,12,Hierarchical-Collective
6,15,18,17,Distributed-Collective
21,20,5,5,Distributed-Collective
22,22,8,12,Hierarchical-Individual
12,20,5,8,Distributed-Collective
14,22,5,17,Hierarchical-Individual
17,23,8,8,Hierarchical-Collective
18,24,10,8,Hierarchical-Collective
20,21,6,5,Distributed-Collective
9,12,10,8,Distributed-Individual
16,21,5,12,Hierarchical-Collective
18,20,6,12,Hierarchical-Individual
16,20,7,12,Distributed-Individual
7,21,9,21,Hierarchical-Collective
10,20,10,21,Hierarchical-Individual
8,20,11,21,Distributed-Individual
16,21,9,8,Hierarchical-Collective
18,20,10,8,Hierarchical-Individual
16,20,11,8,Distributed-Individual
7,21,9,21,Hierarchical-Collective
10,20,10,21,Hierarchical-Individual
8,20,11,21,Distributed-Individual
16,21,5,17,Hierarchical-Collective
18,20,5,17,Hierarchical-Individual
16,20,5,17,Distributed-Individual
7,21,5,21,Hierarchical-Collective
10,20,6,21,Hierarchical-Individual
8,20,7,21,Distributed-Individual
7,21,5,25,Hierarchical-Collective
10,20,6,25,Hierarchical-Individual
8,20,7,25,Distributed-Individual
10,20,12,8,Hierarchical-Individual
19,14,14,5,Distributed-Individual
22,14,18,8,Distributed-Individual
21,24,11,8,Hierarchical-Collective
22,15,16,8,Hierarchical-Individual
21,20,15,5,Distributed-Individual
16,15,24,5,Distributed-Collective
19,12,22,12,Distributed-Collective
21,20,15,8,Distributed-Individual
16,15,24,8,Distributed-Collective
19,12,22,17,Distributed-Collective
12,20,11,12,Distributed-Individual
7,15,20,12,Distributed-Collective
10,12,18,21,Distributed-Collective
13,14,17,25,Hierarchical-Collective
22,14,17,12,Hierarchical-Collective
19,12,12,5,Hierarchical-Individual
14,11,12,12,Distributed-Individual
17,10,12,12,Hierarchical-Individual
10,12,21,12,Hierarchical-Individual
6,11,20,21,Distributed-Individual
8,10,21,21,Hierarchical-Individual
19,12,21,5,Hierarchical-Individual
14,11,20,8,Distributed-Individual
17,10,21,8,Hierarchical-Individual
21,21,12,5,Hierarchical-Individual
18,20,13,12,Distributed-Collective
14,20,11,21,Hierarchical-Collective
14,20,7,25,Hierarchical-Collective
8,21,5,17,Distributed-Individual
12,23,5,17,Distributed-Individual
10,21,6,8,Hierarchical-Collective
9,12,12,17,Hierarchical-Individual
16,21,8,17,Distributed-Individual
20,23,7,17,Distributed-Individual
18,21,10,8,Hierarchical-Collective
18,12,16,17,Hierarchical-Individual
16,21,8,12,Distributed-Individual
20,23,7,12,Distributed-Individual
18,21,10,5,Hierarchical-Collective
18,12,16,12,Hierarchical-Individual
10,10,23,25,Distributed-Collective
6,14,19,25,Distributed-Collective
9,21,16,17,Distributed-Collective
18,10,23,12,Distributed-Collective
14,14,19,12,Distributed-Collective
17,21,16,5,Distributed-Collective
18,10,19,12,Distributed-Collective
14,14,15,12,Distributed-Collective
17,21,12,5,Distributed-Collective
7,20,16,17,Distributed-Collective
5,10,18,17,Hierarchical-Collective
8,15,13,8,Distributed-Collective
17,22,10,8,Hierarchical-Collective
16,16,20,8,Hierarchical-Collective
16,15,19,5,Distributed-Collective
9,22,10,21,Hierarchical-Collective
8,16,20,21,Hierarchical-Collective
8,15,19,12,Distributed-Collective
12,13,14,21,Hierarchical-Collective
9,21,7,21,Distributed-Individual
9,24,9,12,Distributed-Collective
12,24,11,21,Hierarchical-Collective
9,24,9,17,Distributed-Collective
12,24,11,25,Hierarchical-Collective
17,23,16,17,Distributed-Individual
17,23,12,12,Distributed-Individual
17,23,12,12,Distributed-Individual
12,23,13,21,Hierarchical-Individual
10,14,18,21,Distributed-Individual
9,19,9,17,Hierarchical-Individual
15,24,10,12,Distributed-Individual
14,13,13,12,Hierarchical-Collective
16,23,12,12,Hierarchical-Individual
16,12,20,12,Hierarchical-Individual
7,24,6,17,Distributed-Individual
6,13,9,17,Hierarchical-Collective
7,23,8,17,Hierarchical-Individual
8,12,16,17,Hierarchical-Individual
11,24,10,25,Distributed-Individual
9,22,12,25,Hierarchical-Collective
11,14,13,17,Hierarchical-Collective
10,24,5,17,Distributed-Collective
11,13,17,17,Hierarchical-Individual
7,14,15,17,Distributed-Individual
11,24,14,21,Distributed-Individual
9,22,16,21,Hierarchical-Collective
11,14,18,12,Hierarchical-Collective
10,24,9,12,Distributed-Collective
11,13,21,12,Hierarchical-Individual
7,14,19,12,Distributed-Individual
10,23,12,12,Distributed-Collective
19,22,7,8,Distributed-Individual
18,19,12,5,Distributed-Collective
10,22,5,21,Hierarchical-Collective
7,11,13,21,Distributed-Collective
11,18,5,21,Distributed-Individual
7,19,5,21,Distributed-Collective
8,19,6,21,Distributed-Collective
8,19,5,21,Distributed-Individual
7,11,13,21,Distributed-Collective
11,18,5,21,Distributed-Individual
7,19,5,21,Distributed-Collective
8,19,6,21,Distributed-Collective
8,19,5,21,Distributed-Individual
16,11,18,17,Distributed-Collective
19,18,9,17,Distributed-Individual
15,19,5,17,Distributed-Collective
17,19,10,17,Distributed-Collective
16,19,5,17,Distributed-Individual
7,11,18,25,Distributed-Collective
11,18,9,25,Distributed-Individual
7,19,5,25,Distributed-Collective
8,19,10,25,Distributed-Collective
8,19,5,25,Distributed-Individual
13,22,10,17,Hierarchical-Collective
13,20,8,17,Hierarchical-Individual
12,19,8,17,Distributed-Individual
9,13,13,17,Distributed-Collective
13,22,10,21,Hierarchical-Collective
13,20,8,21,Hierarchical-Individual
12,19,8,21,Distributed-Individual
9,13,13,21,Distributed-Collective
7,22,10,12,Distributed-Individual
5,21,6,21,Distributed-Collective
9,21,8,21,Hierarchical-Collective
5,15,18,21,Hierarchical-Individual
8,23,12,12,Distributed-Collective
16,14,25,5,Distributed-Collective
17,22,15,12,Distributed-Individual
20,25,15,5,Distributed-Collective
20,14,22,12,Hierarchical-Collective
16,22,16,12,Distributed-Collective
7,14,20,12,Distributed-Collective
9,22,11,21,Distributed-Individual
12,25,11,12,Distributed-Collective
12,14,18,21,Hierarchical-Collective
8,22,12,21,Distributed-Collective
16,21,14,12,Hierarchical-Collective
16,13,25,12,Hierarchical-Individual
7,21,10,21,Hierarchical-Collective
8,13,20,21,Hierarchical-Individual
13,21,6,12,Hierarchical-Collective
13,21,10,12,Hierarchical-Collective
13,21,15,17,Hierarchical-Collective
9,23,14,21,Hierarchical-Individual
9,23,10,21,Hierarchical-Individual
9,23,10,21,Hierarchical-Individual
9,23,10,21,Hierarchical-Individual
13,13,16,17,Distributed-Individual
20,22,8,12,Hierarchical-Collective
21,12,14,5,Distributed-Collective
18,20,5,12,Hierarchical-Collective
20,24,15,12,Hierarchical-Individual
19,25,11,12,Hierarchical-Collective
20,21,15,12,Distributed-Collective
17,16,20,8,Distributed-Collective
16,15,18,8,Hierarchical-Individual
21,22,5,5,Distributed-Collective
20,19,9,5,Distributed-Individual
19,20,10,8,Hierarchical-Individual
21,22,5,5,Distributed-Collective
20,19,9,5,Distributed-Individual
19,20,10,12,Hierarchical-Individual
7,22,6,17,Distributed-Individual
10,11,12,17,Distributed-Collective
10,10,18,17,Distributed-Individual
15,22,10,17,Distributed-Individual
18,11,17,17,Distributed-Collective
18,10,22,17,Distributed-Individual
8,12,20,12,Distributed-Collective
12,18,10,21,Distributed-Individual
12,18,10,17,Distributed-Individual
12,18,10,21,Distributed-Individual
20,14,14,12,Hierarchical-Collective
19,21,7,5,Distributed-Individual
17,21,5,5,Hierarchical-Collective
11,14,14,17,Hierarchical-Collective
11,21,7,8,Distributed-Individual
8,21,5,8,Hierarchical-Collective
11,14,14,17,Hierarchical-Collective
11,21,7,8,Distributed-Individual
8,21,5,8,Hierarchical-Collective
11,14,18,21,Hierarchical-Collective
11,21,11,12,Distributed-Individual
8,21,9,12,Hierarchical-Collective
20,13,15,8,Distributed-Collective
17,22,8,17,Hierarchical-Individual
16,20,11,8,Distributed-Individual
20,11,20,8,Hierarchical-Individual
12,13,20,12,Distributed-Collective
9,22,12,21,Hierarchical-Individual
8,20,15,12,Distributed-Individual
12,11,24,12,Hierarchical-Individual
12,13,15,17,Distributed-Collective
9,22,8,25,Hierarchical-Individual
8,20,11,17,Distributed-Individual
12,11,20,17,Hierarchical-Individual
12,13,20,17,Distributed-Collective
9,22,12,25,Hierarchical-Individual
8,20,15,17,Distributed-Individual
12,11,24,17,Hierarchical-Individual
5,23,16,17,Distributed-Individual
14,14,18,21,Distributed-Collective
6,19,9,17,Hierarchical-Individual
7,23,12,25,Hierarchical-Collective
8,23,10,25,Hierarchical-Collective
10,11,22,17,Distributed-Individual
7,23,15,25,Hierarchical-Collective
14,19,5,5,Hierarchical-Individual
16,23,5,12,Hierarchical-Collective
16,23,5,12,Hierarchical-Collective
18,11,14,5,Distributed-Individual
15,23,7,12,Hierarchical-Collective
6,19,9,12,Hierarchical-Individual
7,23,12,21,Hierarchical-Collective
8,23,10,21,Hierarchical-Collective
10,11,22,12,Distributed-Individual
7,23,15,21,Hierarchical-Collective
10,14,20,17,Hierarchical-Collective
8,12,24,17,Distributed-Individual
9,21,8,8,Hierarchical-Individual
6,23,9,8,Distributed-Individual
8,12,19,17,Hierarchical-Individual
18,14,20,17,Hierarchical-Collective
16,12,24,17,Distributed-Individual
17,21,8,8,Hierarchical-Individual
14,23,9,8,Distributed-Individual
16,12,19,17,Hierarchical-Individual
18,14,12,12,Hierarchical-Collective
16,12,16,12,Distributed-Individual
17,21,5,5,Hierarchical-Individual
14,23,5,5,Distributed-Individual
16,12,11,12,Hierarchical-Individual
13,23,5,17,Distributed-Collective
10,14,15,17,Distributed-Collective
9,21,5,8,Hierarchical-Individual
12,20,9,21,Distributed-Collective
14,21,12,12,Hierarchical-Individual
14,10,18,12,Hierarchical-Collective
9,11,16,21,Distributed-Collective
9,14,17,21,Hierarchical-Collective
17,11,12,12,Distributed-Collective
17,14,12,12,Hierarchical-Collective
9,11,16,21,Distributed-Collective
9,14,17,21,Hierarchical-Collective
17,23,5,8,Hierarchical-Collective
22,16,15,8,Hierarchical-Collective
18,21,10,17,Distributed-Collective
18,16,19,17,Hierarchical-Collective
17,23,5,5,Hierarchical-Collective
22,16,15,5,Hierarchical-Collective
18,21,10,12,Distributed-Collective
18,16,19,12,Hierarchical-Collective
17,23,5,5,Hierarchical-Collective
22,16,15,5,Hierarchical-Collective
18,21,10,8,Distributed-Collective
18,16,19,8,Hierarchical-Collective
10,19,7,17,Distributed-Individual
6,20,5,17,Distributed-Collective
7,13,18,17,Hierarchical-Collective
18,19,7,17,Distributed-Individual
14,20,5,17,Distributed-Collective
15,13,18,17,Hierarchical-Collective
7,22,5,21,Distributed-Collective
9,21,9,21,Distributed-Individual
9,22,5,21,Distributed-Collective
6,21,12,21,Distributed-Individual
7,14,17,21,Distributed-Collective
21,11,8,8,Hierarchical-Collective
19,22,5,5,Hierarchical-Individual
17,12,16,8,Distributed-Collective
21,11,8,12,Hierarchical-Collective
19,22,5,5,Hierarchical-Individual
17,12,16,12,Distributed-Collective
23,20,12,17,Hierarchical-Individual
20,12,19,8,Hierarchical-Individual
11,11,24,17,Hierarchical-Collective
19,22,6,5,Hierarchical-Individual
16,11,14,8,Hierarchical-Collective
19,22,9,5,Distributed-Individual
11,22,5,12,Hierarchical-Individual
8,11,10,21,Hierarchical-Collective
11,22,5,12,Distributed-Individual
11,22,5,8,Hierarchical-Individual
8,11,10,17,Hierarchical-Collective
11,22,5,8,Distributed-Individual
11,22,6,17,Hierarchical-Individual
8,11,14,25,Hierarchical-Collective
11,22,9,17,Distributed-Individual
19,22,5,5,Hierarchical-Individual
16,11,10,8,Hierarchical-Collective
19,22,5,5,Distributed-Individual
19,24,9,12,Distributed-Individual
22,23,7,12,Hierarchical-Collective
20,22,11,5,Hierarchical-Individual
6,12,13,8,Hierarchical-Individual
9,24,5,8,Distributed-Collective
5,22,6,8,Hierarchical-Individual
6,21,5,8,Hierarchical-Individual
8,12,16,17,Hierarchical-Collective
6,24,5,17,Hierarchical-Individual
9,24,5,8,Distributed-Individual
16,24,16,5,Distributed-Individual
16,24,16,5,Distributed-Individual
8,24,12,17,Distributed-Individual
19,23,9,5,Distributed-Collective
20,20,13,12,Hierarchical-Individual
19,24,15,12,Distributed-Collective
11,23,5,12,Distributed-Collective
11,20,9,21,Hierarchical-Individual
11,24,11,21,Distributed-Collective
19,23,9,8,Distributed-Collective
20,20,13,17,Hierarchical-Individual
19,24,15,17,Distributed-Collective
19,23,5,5,Distributed-Collective
20,20,9,12,Hierarchical-Individual
19,24,11,12,Distributed-Collective
7,24,12,21,Hierarchical-Collective
9,22,6,21,Distributed-Collective
17,24,5,8,Hierarchical-Collective
18,20,5,5,Hierarchical-Individual
17,24,10,8,Hierarchical-Collective
18,20,5,5,Hierarchical-Individual
8,24,14,21,Hierarchical-Collective
9,20,9,12,Hierarchical-Individual
8,24,14,21,Hierarchical-Collective
9,20,9,12,Hierarchical-Individual
17,24,14,8,Hierarchical-Collective
18,20,9,5,Hierarchical-Individual
10,18,5,21,Hierarchical-Collective
9,18,10,21,Hierarchical-Individual
11,12,13,21,Distributed-Collective
9,20,9,12,Distributed-Collective
10,18,5,17,Hierarchical-Collective
9,18,10,17,Hierarchical-Individual
11,12,13,17,Distributed-Collective
9,20,9,8,Distributed-Collective
10,11,24,8,Hierarchical-Individual
11,13,18,17,Hierarchical-Collective
10,11,17,17,Hierarchical-Collective
10,20,13,21,Hierarchical-Individual
7,19,10,21,Distributed-Individual
18,14,23,12,Hierarchical-Individual
17,22,12,12,Distributed-Collective
17,21,10,12,Distributed-Individual
10,21,5,21,Hierarchical-Collective
12,21,12,21,Hierarchical-Individual
8,22,5,21,Distributed-Collective
10,21,5,21,Hierarchical-Collective
12,21,12,21,Hierarchical-Individual
8,22,5,21,Distributed-Collective
10,21,5,25,Hierarchical-Collective
12,21,12,25,Hierarchical-Individual
8,22,5,25,Distributed-Collective
17,18,13,17,Distributed-Individual
16,13,20,17,Hierarchical-Collective
15,22,17,12,Hierarchical-Individual
18,15,18,12,Distributed-Individual
6,22,17,25,Hierarchical-Individual
9,15,18,25,Distributed-Individual
10,21,7,21,Distributed-Collective
7,11,20,21,Distributed-Individual
10,21,7,21,Distributed-Collective
7,11,20,21,Distributed-Individual
12,23,10,17,Distributed-Collective
11,12,16,17,Hierarchical-Individual
12,23,14,21,Distributed-Collective
11,12,20,21,Hierarchical-Individual
10,23,5,12,Hierarchical-Individual
8,14,20,21,Hierarchical-Individual
10,23,5,8,Hierarchical-Individual
8,14,15,17,Hierarchical-Individual
16,14,25,5,Distributed-Collective
8,14,25,8,Distributed-Collective
8,14,21,12,Distributed-Collective
12,23,8,17,Distributed-Individual
12,15,16,17,Distributed-Individual
12,23,8,17,Distributed-Individual
12,21,6,8,Distributed-Collective
8,23,10,17,Hierarchical-Collective
12,16,15,8,Distributed-Individual
21,23,8,17,Distributed-Individual
20,15,16,17,Distributed-Individual
20,23,8,17,Distributed-Individual
20,21,6,8,Distributed-Collective
17,23,10,17,Hierarchical-Collective
20,16,15,8,Distributed-Individual
14,23,7,5,Hierarchical-Collective
8,14,17,17,Hierarchical-Collective
20,21,5,12,Hierarchical-Individual
11,21,7,21,Hierarchical-Individual
21,13,21,5,Hierarchical-Collective
22,13,18,12,Hierarchical-Collective
12,13,21,8,Hierarchical-Collective
13,13,18,17,Hierarchical-Collective
22,20,8,8,Distributed-Collective
18,10,11,17,Distributed-Collective
18,21,5,17,Distributed-Collective
22,13,11,17,Hierarchical-Collective
21,20,5,17,Distributed-Collective
20,19,5,17,Hierarchical-Collective
14,20,12,17,Distributed-Individual
12,21,8,8,Hierarchical-Collective
8,12,14,25,Hierarchical-Collective
8,12,10,17,Hierarchical-Collective
9,12,15,12,Distributed-Individual
13,20,6,21,Distributed-Individual
18,12,19,8,Distributed-Individual
21,20,10,17,Distributed-Individual
9,12,15,12,Distributed-Individual
13,20,6,21,Distributed-Individual
15,21,5,12,Distributed-Collective
15,16,14,12,Distributed-Individual
16,21,5,12,Distributed-Individual
11,14,20,17,Hierarchical-Collective
9,18,10,17,Distributed-Individual
6,20,15,17,Distributed-Collective
9,18,10,21,Distributed-Individual
6,20,15,21,Distributed-Collective
22,19,5,12,Hierarchical-Individual
14,19,10,21,Hierarchical-Individual
19,24,9,8,Hierarchical-Collective
12,21,11,25,Hierarchical-Collective
10,11,21,25,Hierarchical-Individual
18,13,22,17,Hierarchical-Individual
17,14,21,17,Hierarchical-Individual
21,13,23,17,Distributed-Individual
19,13,19,8,Hierarchical-Individual
19,16,21,17,Distributed-Individual
9,13,22,25,Hierarchical-Individual
9,14,21,25,Hierarchical-Individual
12,13,23,25,Distributed-Individual
11,13,19,17,Hierarchical-Individual
11,16,21,25,Distributed-Individual
9,13,14,25,Hierarchical-Individual
9,14,12,25,Hierarchical-Individual
12,13,15,25,Distributed-Individual
11,13,10,17,Hierarchical-Individual
11,16,13,25,Distributed-Individual
18,13,18,12,Hierarchical-Individual
17,14,17,12,Hierarchical-Individual
21,13,19,12,Distributed-Individual
19,13,15,5,Hierarchical-Individual
19,16,17,12,Distributed-Individual
19,21,15,5,Hierarchical-Individual
17,10,19,12,Hierarchical-Individual
22,11,22,12,Hierarchical-Individual
19,18,13,12,Hierarchical-Individual
21,13,21,12,Distributed-Individual
20,22,14,12,Hierarchical-Individual
11,20,7,21,Hierarchical-Individual
12,21,13,25,Distributed-Collective
15,20,15,17,Distributed-Individual
14,23,8,25,Hierarchical-Individual
16,14,24,17,Distributed-Collective
16,21,16,17,Hierarchical-Collective
15,13,17,17,Distributed-Collective
17,15,25,17,Hierarchical-Individual
14,24,11,17,Hierarchical-Individual
16,14,20,17,Distributed-Collective
16,21,12,17,Hierarchical-Collective
15,13,13,17,Distributed-Collective
17,15,20,17,Hierarchical-Individual
14,24,7,17,Hierarchical-Individual
23,20,10,8,Hierarchical-Individual
22,12,17,17,Distributed-Collective
21,20,7,17,Hierarchical-Individual
6,19,10,12,Hierarchical-Individual
9,21,10,12,Hierarchical-Collective
12,20,13,21,Distributed-Collective
12,14,25,21,Distributed-Individual
20,20,9,12,Distributed-Collective
20,14,20,12,Distributed-Individual
20,20,13,8,Distributed-Collective
20,14,25,8,Distributed-Individual
20,20,5,12,Distributed-Collective
20,14,16,12,Distributed-Individual
11,20,5,25,Distributed-Collective
11,20,5,17,Distributed-Collective
9,16,12,21,Hierarchical-Individual
10,13,19,12,Hierarchical-Individual
5,11,18,21,Distributed-Collective
5,10,18,21,Hierarchical-Individual
5,11,22,21,Distributed-Collective
5,10,22,21,Hierarchical-Individual
21,21,10,8,Distributed-Collective
21,22,9,5,Distributed-Individual
21,23,9,5,Hierarchical-Individual
13,21,14,17,Distributed-Collective
12,22,13,8,Distributed-Individual
12,23,13,8,Hierarchical-Individual
13,21,6,21,Distributed-Collective
12,22,5,12,Distributed-Individual
12,23,5,12,Hierarchical-Individual
8,20,5,25,Distributed-Individual
16,20,5,17,Distributed-Individual
8,20,9,25,Distributed-Individual
19,22,5,5,Distributed-Collective
20,20,8,8,Hierarchical-Individual
17,10,16,5,Hierarchical-Individual
19,12,20,5,Hierarchical-Individual
11,22,9,12,Distributed-Collective
11,20,12,21,Hierarchical-Individual
8,10,20,12,Hierarchical-Individual
11,12,24,12,Hierarchical-Individual
13,14,20,12,Hierarchical-Individual
18,13,24,12,Distributed-Collective
17,22,10,5,Distributed-Individual
10,13,24,25,Distributed-Collective
9,22,10,17,Distributed-Individual
17,11,24,5,Hierarchical-Collective
17,19,13,12,Distributed-Individual
10,21,5,17,Hierarchical-Collective
5,21,8,8,Hierarchical-Individual
9,14,15,17,Distributed-Collective
15,10,21,12,Distributed-Individual
16,11,16,12,Distributed-Collective
18,12,18,17,Distributed-Individual
16,23,12,8,Distributed-Individual
10,12,18,21,Distributed-Individual
7,23,12,12,Distributed-Individual
10,10,19,21,Distributed-Collective
12,21,11,21,Distributed-Collective
6,21,15,21,Distributed-Individual
6,21,11,21,Distributed-Individual
7,16,18,21,Distributed-Collective
8,12,16,12,Hierarchical-Individual
10,20,16,21,Distributed-Collective
8,21,8,21,Hierarchical-Individual
9,22,15,21,Hierarchical-Individual
7,13,20,12,Distributed-Collective
10,20,16,21,Distributed-Collective
8,21,8,21,Hierarchical-Individual
9,22,15,21,Hierarchical-Individual
7,13,20,12,Distributed-Collective
10,15,9,25,Distributed-Collective
11,22,5,25,Hierarchical-Collective
11,20,11,21,Distributed-Individual
14,15,16,21,Hierarchical-Collective
12,12,15,12,Distributed-Collective
11,20,7,17,Distributed-Individual
14,15,12,17,Hierarchical-Collective
12,12,10,8,Distributed-Collective
7,14,19,12,Hierarchical-Collective
9,19,9,21,Distributed-Collective
7,20,10,21,Hierarchical-Individual
16,21,12,12,Hierarchical-Collective
18,20,8,5,Distributed-Individual
19,14,15,12,Distributed-Individual
18,22,10,12,Hierarchical-Individual
14,11,22,21,Distributed-Collective
8,11,9,25,Hierarchical-Collective
20,11,16,8,Distributed-Individual
22,19,5,8,Distributed-Collective
20,19,5,5,Hierarchical-Individual
19,18,5,8,Hierarchical-Collective
9,12,20,21,Distributed-Collective
11,21,11,21,Hierarchical-Collective
13,14,16,21,Hierarchical-Collective
7,13,21,12,Hierarchical-Individual
5,22,7,21,Hierarchical-Individual
9,21,12,21,Hierarchical-Individual
8,21,11,21,Hierarchical-Collective
18,23,9,5,Hierarchical-Individual
17,15,14,12,Hierarchical-Collective
10,21,8,12,Distributed-Collective
7,12,12,21,Hierarchical-Collective
10,15,20,21,Distributed-Collective
9,20,10,21,Distributed-Individual
6,13,18,21,Distributed-Individual
7,21,9,12,Hierarchical-Collective
19,21,12,5,Distributed-Collective
15,12,17,12,Hierarchical-Collective
19,15,24,12,Distributed-Collective
18,20,15,12,Distributed-Individual
14,13,22,12,Distributed-Individual
15,21,13,5,Hierarchical-Collective
19,21,12,5,Distributed-Collective
15,12,17,12,Hierarchical-Collective
19,15,24,12,Distributed-Collective
18,20,15,12,Distributed-Individual
14,13,22,12,Distributed-Individual
15,21,13,5,Hierarchical-Collective
8,22,8,17,Hierarchical-Collective
10,16,9,8,Hierarchical-Collective
10,18,17,17,Hierarchical-Collective
18,18,12,17,Hierarchical-Collective
18,18,17,12,Hierarchical-Collective
22,22,9,5,Distributed-Collective
22,13,21,12,Distributed-Collective
18,12,10,12,Distributed-Individual
14,21,10,17,Hierarchical-Individual
13,16,20,17,Hierarchical-Individual
11,12,23,17,Hierarchical-Individual
11,13,22,17,Hierarchical-Individual
12,15,23,8,Hierarchical-Collective
9,11,16,17,Hierarchical-Individual
6,21,11,17,Hierarchical-Individual
15,15,23,5,Distributed-Collective
14,22,10,8,Distributed-Collective
13,19,11,21,Distributed-Individual
18,20,5,5,Hierarchical-Collective
15,12,14,5,Distributed-Individual
10,20,5,12,Hierarchical-Collective
7,12,14,12,Distributed-Individual
7,13,14,17,Distributed-Individual
10,15,9,17,Distributed-Collective
7,13,22,17,Distributed-Individual
10,15,17,17,Distributed-Collective
8,10,22,21,Distributed-Individual
7,14,20,21,Hierarchical-Individual
8,13,19,21,Distributed-Individual
7,22,12,21,Hierarchical-Individual
21,14,13,5,Distributed-Collective
21,15,18,12,Distributed-Individual
20,15,14,12,Hierarchical-Individual
10,12,16,8,Hierarchical-Individual
13,20,8,17,Distributed-Collective
10,19,10,8,Hierarchical-Individual
9,13,21,17,Hierarchical-Collective
10,12,16,12,Hierarchical-Individual
13,20,8,21,Distributed-Collective
10,19,10,12,Hierarchical-Individual
9,13,21,21,Hierarchical-Collective
6,11,12,8,Distributed-Individual
10,13,18,21,Hierarchical-Individual
11,21,10,21,Hierarchical-Collective
11,20,17,21,Hierarchical-Collective
19,13,18,8,Hierarchical-Individual
19,21,10,8,Hierarchical-Collective
19,20,17,8,Hierarchical-Collective
10,13,14,21,Hierarchical-Individual
11,21,6,21,Hierarchical-Collective
11,20,12,21,Hierarchical-Collective
19,13,14,12,Hierarchical-Individual
19,21,6,12,Hierarchical-Collective
19,20,12,12,Hierarchical-Collective
11,24,5,17,Hierarchical-Collective
12,13,8,17,Hierarchical-Individual
6,21,12,25,Hierarchical-Individual
7,22,10,17,Distributed-Individual
9,22,8,25,Distributed-Individual
16,13,23,8,Hierarchical-Collective
16,22,16,8,Distributed-Individual
18,12,22,8,Distributed-Collective
15,16,25,8,Hierarchical-Individual
19,19,12,12,Hierarchical-Individual
20,11,19,5,Distributed-Individual
17,22,10,12,Distributed-Individual
21,19,10,12,Hierarchical-Individual
19,22,10,12,Distributed-Individual
19,13,25,12,Hierarchical-Collective
14,12,23,12,Hierarchical-Individual
15,10,24,12,Distributed-Collective
16,14,21,5,Hierarchical-Collective
17,19,8,12,Hierarchical-Individual
14,12,19,8,Hierarchical-Individual
15,10,20,8,Distributed-Collective
16,14,17,5,Hierarchical-Collective
17,19,5,8,Hierarchical-Individual
6,12,16,25,Hierarchical-Individual
9,23,5,25,Hierarchical-Collective
9,12,18,25,Hierarchical-Collective
6,22,12,25,Distributed-Collective
19,11,15,8,Distributed-Collective
18,21,5,8,Distributed-Collective
19,20,9,8,Distributed-Individual
10,11,15,17,Distributed-Collective
9,21,5,17,Distributed-Collective
11,20,9,17,Distributed-Individual
11,14,15,25,Distributed-Collective
11,21,11,25,Hierarchical-Individual
6,14,13,25,Distributed-Individual
8,16,21,17,Distributed-Collective
19,14,15,17,Distributed-Collective
19,21,11,17,Hierarchical-Individual
14,14,13,17,Distributed-Individual
16,16,21,8,Distributed-Collective
19,23,11,5,Hierarchical-Collective
15,22,8,12,Distributed-Individual
10,23,7,8,Hierarchical-Collective
7,22,5,17,Distributed-Individual
13,18,10,8,Hierarchical-Collective
15,22,10,5,Hierarchical-Individual
5,11,24,25,Distributed-Individual
7,12,23,17,Hierarchical-Collective
17,11,17,12,Distributed-Collective
15,22,11,5,Hierarchical-Collective
15,21,9,12,Distributed-Collective
18,22,15,12,Distributed-Individual
14,22,12,5,Hierarchical-Collective
14,19,11,5,Hierarchical-Individual
18,11,19,12,Distributed-Collective
18,13,20,5,Distributed-Collective
8,13,23,8,Hierarchical-Collective
10,12,17,17,Hierarchical-Collective
16,13,19,5,Hierarchical-Collective
19,12,13,8,Hierarchical-Collective
8,13,19,17,Hierarchical-Collective
10,12,13,25,Hierarchical-Collective
16,13,19,5,Hierarchical-Collective
19,12,13,8,Hierarchical-Collective
8,13,18,21,Hierarchical-Collective
6,12,21,21,Distributed-Collective
17,13,22,12,Hierarchical-Collective
15,12,25,12,Distributed-Collective
16,22,8,8,Distributed-Individual
18,16,20,8,Distributed-Collective
8,22,8,21,Distributed-Individual
10,16,20,21,Distributed-Collective
5,13,11,21,Distributed-Collective
9,15,14,21,Hierarchical-Collective
9,22,5,21,Distributed-Collective
8,14,21,21,Distributed-Individual
6,20,5,12,Distributed-Individual
7,11,19,21,Distributed-Individual
7,11,20,21,Distributed-Individual
8,22,9,21,Distributed-Collective
17,14,25,12,Distributed-Individual
15,20,10,5,Distributed-Individual
15,11,23,12,Distributed-Individual
15,11,25,12,Distributed-Individual
16,22,13,12,Distributed-Collective
21,22,15,12,Hierarchical-Collective
22,13,19,12,Hierarchical-Collective
21,21,9,5,Hierarchical-Individual
18,22,8,17,Hierarchical-Collective
19,15,13,8,Distributed-Collective
18,24,12,17,Hierarchical-Individual
20,24,8,17,Distributed-Collective
18,22,8,17,Hierarchical-Collective
19,15,13,8,Distributed-Collective
18,24,12,17,Hierarchical-Individual
20,24,8,17,Distributed-Collective
9,16,20,12,Distributed-Collective
9,16,20,12,Distributed-Collective
17,23,10,12,Hierarchical-Individual
13,25,12,12,Hierarchical-Collective
12,19,9,17,Hierarchical-Collective
11,10,15,17,Distributed-Individual
13,13,17,8,Distributed-Individual
10,19,5,17,Distributed-Individual
10,19,5,17,Distributed-Individual
10,19,5,17,Distributed-Individual
15,21,12,8,Hierarchical-Individual
16,12,21,17,Hierarchical-Individual
15,21,8,8,Hierarchical-Individual
16,12,17,17,Hierarchical-Individual
5,11,15,21,Hierarchical-Individual
12,14,18,17,Hierarchical-Individual
16,14,15,5,Hierarchical-Individual
16,21,6,8,Hierarchical-Collective
19,12,13,8,Distributed-Collective
18,22,11,8,Hierarchical-Collective
16,14,15,8,Hierarchical-Individual
16,21,6,17,Hierarchical-Collective
19,12,13,17,Distributed-Collective
18,22,11,17,Hierarchical-Collective
16,14,19,5,Hierarchical-Individual
16,21,10,12,Hierarchical-Collective
19,12,18,12,Distributed-Collective
18,22,15,12,Hierarchical-Collective
18,21,5,17,Hierarchical-Collective
10,21,5,17,Hierarchical-Collective
14,11,10,8,Distributed-Individual
15,12,12,8,Hierarchical-Collective
6,11,14,21,Distributed-Individual
7,12,16,21,Hierarchical-Collective
13,21,8,25,Distributed-Individual
8,12,17,17,Distributed-Individual
11,22,13,25,Distributed-Individual
13,21,15,25,Distributed-Individual
21,21,8,12,Distributed-Individual
16,12,17,5,Distributed-Individual
20,22,13,12,Distributed-Individual
21,21,15,12,Distributed-Individual
13,21,5,21,Distributed-Individual
8,12,9,12,Distributed-Individual
11,22,5,21,Distributed-Individual
13,21,7,21,Distributed-Individual
13,21,5,21,Distributed-Individual
8,12,9,12,Distributed-Individual
11,22,5,21,Distributed-Individual
13,21,7,21,Distributed-Individual
13,21,5,21,Distributed-Individual
8,12,13,12,Distributed-Individual
11,22,9,21,Distributed-Individual
13,21,11,21,Distributed-Individual
6,13,17,12,Hierarchical-Individual
22,25,5,12,Hierarchical-Collective
18,24,7,12,Hierarchical-Individual
17,21,5,5,Distributed-Collective
14,25,5,21,Hierarchical-Collective
10,24,11,21,Hierarchical-Individual
9,21,7,12,Distributed-Collective
8,12,23,17,Hierarchical-Collective
6,11,22,8,Hierarchical-Collective
8,12,20,17,Hierarchical-Collective
16,12,19,8,Hierarchical-Collective
14,11,18,5,Hierarchical-Collective
17,12,16,8,Hierarchical-Collective
21,21,15,8,Distributed-Collective
18,19,15,8,Distributed-Individual
20,18,15,8,Hierarchical-Collective
21,21,11,17,Distributed-Collective
18,19,11,17,Distributed-Individual
20,18,11,17,Hierarchical-Collective
12,21,11,21,Distributed-Collective
10,19,11,21,Distributed-Individual
12,18,11,21,Hierarchical-Collective
11,19,10,21,Hierarchical-Individual
8,19,8,21,Hierarchical-Individual
7,21,10,21,Distributed-Individual
10,21,11,21,Hierarchical-Collective
17,19,8,12,Hierarchical-Individual
16,21,10,12,Distributed-Individual
18,21,11,12,Hierarchical-Collective
11,19,16,17,Hierarchical-Individual
9,20,16,8,Distributed-Individual
12,11,23,17,Hierarchical-Individual
11,19,12,21,Hierarchical-Individual
9,20,12,12,Distributed-Individual
12,11,19,21,Hierarchical-Individual
11,19,16,21,Hierarchical-Individual
9,20,16,12,Distributed-Individual
12,11,23,21,Hierarchical-Individual
11,19,12,21,Hierarchical-Individual
9,20,12,12,Distributed-Individual
12,11,19,21,Hierarchical-Individual
14,22,8,8,Hierarchical-Individual
17,19,8,5,Distributed-Individual
15,21,14,12,Distributed-Individual
8,13,18,21,Hierarchical-Individual
8,21,5,12,Hierarchical-Individual
5,23,14,25,Distributed-Collective
7,13,19,17,Hierarchical-Collective
6,13,20,25,Distributed-Individual
8,24,12,21,Hierarchical-Individual
10,14,15,21,Hierarchical-Collective
23,14,8,17,Hierarchical-Collective
20,23,8,17,Hierarchical-Collective
8,19,12,21,Distributed-Collective
13,22,10,17,Hierarchical-Collective
8,14,20,25,Distributed-Individual
9,21,12,25,Distributed-Collective
8,13,18,25,Distributed-Collective
18,18,15,5,Distributed-Individual
19,12,23,8,Distributed-Individual
19,20,9,8,Distributed-Individual
7,13,22,21,Hierarchical-Collective
11,22,9,21,Hierarchical-Collective
6,22,12,21,Hierarchical-Collective
7,13,18,25,Hierarchical-Collective
11,22,5,25,Hierarchical-Collective
6,22,8,25,Hierarchical-Collective
15,13,22,8,Hierarchical-Collective
19,22,9,8,Hierarchical-Collective
14,22,12,8,Hierarchical-Collective
7,13,18,21,Hierarchical-Collective
11,22,5,21,Hierarchical-Collective
6,22,8,21,Hierarchical-Collective
10,20,10,21,Hierarchical-Individual
9,22,5,21,Hierarchical-Collective
18,20,10,8,Hierarchical-Individual
18,22,5,8,Hierarchical-Collective
11,22,15,25,Hierarchical-Individual
8,23,9,25,Distributed-Individual
9,19,12,17,Distributed-Collective
7,22,9,8,Distributed-Collective
18,20,10,8,Distributed-Individual
18,20,10,8,Distributed-Individual
7,21,5,25,Hierarchical-Collective
10,13,9,25,Distributed-Individual
7,19,14,21,Hierarchical-Individual
9,12,22,21,Distributed-Collective
12,14,13,21,Distributed-Collective
12,14,18,21,Hierarchical-Individual
13,20,11,21,Hierarchical-Collective
13,20,10,12,Distributed-Individual
19,15,15,12,Hierarchical-Individual
22,22,5,5,Distributed-Collective
19,15,20,12,Hierarchical-Individual
22,22,8,5,Distributed-Collective
16,18,11,5,Hierarchical-Individual
14,18,5,5,Distributed-Individual
16,20,8,12,Hierarchical-Individual
14,20,7,12,Distributed-Collective
13,20,8,12,Distributed-Collective
17,12,19,12,Hierarchical-Individual
22,21,10,12,Hierarchical-Collective
21,22,10,12,Hierarchical-Individual
20,13,13,12,Distributed-Collective
19,22,6,12,Hierarchical-Individual
10,25,5,21,Hierarchical-Individual
9,13,21,21,Hierarchical-Collective
21,23,5,8,Distributed-Individual
20,24,8,5,Hierarchical-Individual
20,24,5,17,Hierarchical-Individual
19,12,16,17,Distributed-Individual
18,14,10,17,Distributed-Collective
20,24,14,17,Hierarchical-Individual
19,12,24,17,Distributed-Individual
18,14,19,17,Distributed-Collective
20,24,10,12,Hierarchical-Individual
19,12,20,12,Distributed-Individual
18,14,15,12,Distributed-Collective
12,24,10,17,Hierarchical-Individual
11,12,20,17,Distributed-Individual
10,14,15,17,Distributed-Collective
6,21,5,17,Hierarchical-Collective
5,16,18,17,Hierarchical-Individual
17,22,5,8,Hierarchical-Individual
20,22,8,8,Distributed-Collective
22,16,18,5,Hierarchical-Collective
11,19,5,17,Distributed-Collective
14,23,5,17,Hierarchical-Collective
14,11,12,8,Hierarchical-Collective
12,21,5,8,Distributed-Collective
13,21,6,12,Distributed-Collective
16,21,5,12,Distributed-Individual
18,21,5,12,Distributed-Individual
21,22,5,5,Hierarchical-Individual
18,15,16,12,Hierarchical-Individual
17,16,14,12,Hierarchical-Individual
16,20,6,12,Distributed-Collective
14,21,5,12,Hierarchical-Collective
17,24,9,8,Hierarchical-Individual
19,24,12,8,Hierarchical-Collective
17,16,19,8,Hierarchical-Collective
9,24,9,21,Hierarchical-Individual
10,24,12,21,Hierarchical-Collective
9,16,19,21,Hierarchical-Collective
10,22,9,12,Hierarchical-Individual
16,20,10,8,Distributed-Collective
18,12,19,8,Hierarchical-Collective
19,12,12,5,Distributed-Collective
19,19,6,8,Hierarchical-Individual
14,20,8,21,Hierarchical-Individual
13,20,13,21,Hierarchical-Collective
12,12,19,21,Hierarchical-Individual
11,11,20,21,Hierarchical-Collective
12,12,23,21,Hierarchical-Individual
11,11,24,21,Hierarchical-Collective
23,19,12,5,Distributed-Collective
22,23,12,12,Hierarchical-Collective
23,22,10,12,Hierarchical-Individual
23,21,11,5,Distributed-Collective
20,20,17,12,Distributed-Individual
18,11,18,12,Distributed-Collective
21,23,5,8,Distributed-Individual
17,14,12,5,Hierarchical-Individual
10,11,20,21,Hierarchical-Individual
10,22,11,21,Hierarchical-Collective
9,15,24,21,Hierarchical-Collective
5,20,14,21,Hierarchical-Collective
9,20,15,21,Hierarchical-Individual
6,21,16,21,Distributed-Individual
8,12,20,21,Hierarchical-Collective
10,11,12,17,Hierarchical-Individual
10,22,5,17,Hierarchical-Collective
9,15,16,17,Hierarchical-Collective
5,20,6,17,Hierarchical-Collective
9,20,6,17,Hierarchical-Individual
6,21,8,17,Distributed-Individual
8,12,12,17,Hierarchical-Collective
18,11,20,8,Hierarchical-Individual
18,22,11,8,Hierarchical-Collective
18,15,24,8,Hierarchical-Collective
14,20,14,8,Hierarchical-Collective
17,20,15,8,Hierarchical-Individual
14,21,16,8,Distributed-Individual
17,12,20,8,Hierarchical-Collective
15,14,19,17,Hierarchical-Collective
17,12,25,8,Hierarchical-Collective
18,20,16,17,Hierarchical-Individual
16,20,10,17,Distributed-Individual
15,14,15,8,Hierarchical-Collective
17,12,20,5,Hierarchical-Collective
18,20,12,8,Hierarchical-Individual
16,20,6,8,Distributed-Individual
20,20,11,5,Distributed-Collective
22,19,16,12,Hierarchical-Individual
10,13,18,17,Distributed-Individual
7,20,12,8,Distributed-Individual
10,13,18,25,Distributed-Individual
7,20,12,17,Distributed-Individual
19,22,6,17,Hierarchical-Collective
17,22,8,17,Distributed-Individual
18,24,8,8,Hierarchical-Collective
11,22,5,25,Hierarchical-Collective
9,22,5,25,Distributed-Individual
10,24,5,17,Hierarchical-Collective
9,22,5,17,Distributed-Individual
17,22,5,8,Distributed-Individual
15,24,10,8,Distributed-Individual
14,24,9,8,Distributed-Individual
6,24,6,17,Distributed-Individual
6,24,5,17,Distributed-Individual
6,16,20,25,Distributed-Individual
7,16,24,17,Hierarchical-Collective
17,25,11,8,Distributed-Individual
17,23,5,17,Hierarchical-Individual
14,22,5,17,Distributed-Individual
10,12,18,21,Distributed-Collective
9,10,15,12,Hierarchical-Individual
8,12,18,12,Distributed-Collective
9,10,12,21,Hierarchical-Collective
18,12,14,17,Distributed-Collective
17,10,10,8,Hierarchical-Individual
16,12,14,8,Distributed-Collective
17,10,8,17,Hierarchical-Collective
13,13,19,17,Hierarchical-Collective
11,11,22,17,Distributed-Individual
11,12,19,21,Hierarchical-Collective
8,21,12,21,Hierarchical-Individual
7,13,23,12,Distributed-Collective
8,24,8,12,Hierarchical-Individual
9,22,10,12,Distributed-Individual
8,24,12,8,Hierarchical-Individual
9,22,15,8,Distributed-Individual
12,22,7,12,Distributed-Collective
8,22,6,12,Distributed-Individual
21,22,11,5,Distributed-Collective
17,22,10,5,Distributed-Individual
18,14,12,5,Hierarchical-Individual
18,14,20,5,Hierarchical-Individual
6,13,18,17,Hierarchical-Collective
7,22,10,17,Distributed-Collective
21,22,5,17,Hierarchical-Individual
19,22,5,12,Hierarchical-Individual
21,19,5,5,Distributed-Collective
19,22,10,17,Hierarchical-Individual
21,19,8,8,Distributed-Collective
10,14,16,21,Hierarchical-Individual
9,13,13,12,Hierarchical-Individual
10,21,8,17,Hierarchical-Individual
12,14,18,25,Hierarchical-Collective
12,13,19,25,Hierarchical-Collective
13,14,18,25,Distributed-Individual
11,12,18,17,Distributed-Collective
9,19,17,17,Hierarchical-Collective
9,22,8,8,Distributed-Collective
14,19,13,8,Distributed-Individual
11,10,17,17,Distributed-Collective
6,22,7,21,Hierarchical-Collective
6,22,5,21,Hierarchical-Collective
16,14,20,5,Hierarchical-Collective
17,22,7,5,Distributed-Individual
9,21,5,21,Hierarchical-Individual
10,15,14,12,Hierarchical-Collective
9,14,14,12,Distributed-Individual
18,21,16,12,Distributed-Individual
18,21,12,12,Distributed-Individual
12,19,15,17,Distributed-Collective
7,21,12,8,Distributed-Collective
10,13,20,8,Hierarchical-Collective
10,12,20,17,Distributed-Collective
7,15,18,17,Distributed-Collective
9,20,12,17,Hierarchical-Collective
8,21,8,8,Hierarchical-Individual
6,12,15,17,Hierarchical-Collective
6,15,21,17,Hierarchical-Individual
15,21,17,5,Distributed-Collective
19,13,24,5,Hierarchical-Collective
19,12,24,8,Distributed-Collective
15,15,22,8,Distributed-Collective
18,20,16,8,Hierarchical-Collective
16,21,12,5,Hierarchical-Individual
14,12,19,8,Hierarchical-Collective
14,15,25,8,Hierarchical-Individual
19,18,10,17,Distributed-Individual
22,20,14,17,Hierarchical-Collective
19,18,10,8,Distributed-Individual
22,20,14,8,Hierarchical-Collective
9,21,11,21,Distributed-Individual
10,20,9,21,Hierarchical-Individual
9,21,7,21,Distributed-Individual
10,20,5,21,Hierarchical-Individual
5,23,5,12,Distributed-Collective
8,23,9,21,Distributed-Collective
12,14,18,12,Hierarchical-Collective
10,12,19,21,Hierarchical-Individual
20,16,23,17,Distributed-Collective
12,16,18,17,Distributed-Individual
11,13,18,17,Hierarchical-Individual
10,22,8,17,Distributed-Collective
14,21,8,8,Hierarchical-Individual
14,21,5,17,Hierarchical-Individual
10,22,12,17,Distributed-Individual
8,22,5,21,Distributed-Collective
5,20,8,12,Distributed-Collective
10,12,13,21,Distributed-Individual
11,23,5,21,Hierarchical-Collective
14,12,13,21,Distributed-Individual
13,12,16,21,Hierarchical-Individual
11,22,8,21,Distributed-Individual
8,19,5,25,Distributed-Individual
9,20,5,25,Hierarchical-Collective
6,22,5,25,Hierarchical-Collective
19,21,10,12,Distributed-Individual
24,20,7,12,Hierarchical-Individual
9,15,24,8,Distributed-Individual
10,15,22,17,Hierarchical-Individual
7,22,7,8,Hierarchical-Collective
5,18,10,8,Distributed-Collective
7,19,8,17,Hierarchical-Individual
12,22,6,17,Hierarchical-Individual
13,13,9,17,Hierarchical-Collective
14,21,5,12,Hierarchical-Collective
15,13,16,12,Distributed-Individual
14,21,5,12,Distributed-Individual
16,23,5,12,Distributed-Collective
18,20,14,12,Distributed-Individual
15,12,20,12,Hierarchical-Collective
15,20,13,17,Distributed-Individual
9,15,21,21,Distributed-Individual
8,22,6,21,Distributed-Collective
7,15,21,12,Distributed-Collective
17,20,15,5,Hierarchical-Individual
21,9,19,12,Distributed-Collective
21,19,12,5,Hierarchical-Individual
10,20,6,12,Distributed-Individual
10,20,10,17,Distributed-Individual
23,23,6,5,Hierarchical-Individual
20,14,18,12,Hierarchical-Collective
22,12,18,5,Hierarchical-Collective
22,24,12,12,Distributed-Collective
8,23,5,12,Hierarchical-Individual
8,15,15,17,Distributed-Individual
7,22,8,8,Hierarchical-Individual
9,21,16,17,Hierarchical-Collective
5,22,7,21,Distributed-Individual
8,22,5,12,Hierarchical-Individual
5,13,16,21,Distributed-Individual
13,11,18,8,Hierarchical-Collective
17,10,19,17,Distributed-Individual
14,18,5,17,Distributed-Individual
9,13,22,12,Distributed-Individual
8,10,22,21,Distributed-Individual
6,19,8,21,Distributed-Collective
14,13,20,12,Distributed-Individual
17,23,10,12,Hierarchical-Individual
18,22,8,12,Distributed-Collective
19,16,15,12,Distributed-Individual
18,16,16,12,Hierarchical-Collective
22,21,8,12,Distributed-Collective
11,16,15,21,Distributed-Individual
9,16,16,21,Hierarchical-Collective
13,21,8,21,Distributed-Collective
13,14,18,12,Distributed-Collective
12,12,17,21,Hierarchical-Individual
21,14,18,5,Distributed-Collective
20,12,17,12,Hierarchical-Individual
13,14,18,12,Distributed-Collective
12,12,17,21,Hierarchical-Individual
21,14,14,5,Distributed-Collective
20,12,13,12,Hierarchical-Individual
21,13,16,12,Distributed-Collective
19,22,6,12,Hierarchical-Collective
22,20,10,5,Hierarchical-Collective
19,20,5,12,Distributed-Individual
12,23,9,8,Distributed-Individual
11,22,12,8,Distributed-Collective
22,12,15,12,Distributed-Individual
21,14,16,12,Distributed-Collective
23,12,13,12,Hierarchical-Individual
22,12,20,12,Distributed-Individual
21,14,20,12,Distributed-Collective
23,12,17,12,Hierarchical-Individual
9,22,5,25,Hierarchical-Individual
6,22,5,17,Distributed-Collective
9,20,6,25,Distributed-Collective
10,23,6,25,Hierarchical-Individual
14,22,7,25,Hierarchical-Collective
12,15,12,25,Hierarchical-Individual
10,15,18,25,Hierarchical-Collective
12,21,10,25,Distributed-Individual
7,13,15,17,Hierarchical-Collective
9,24,6,17,Hierarchical-Individual
7,13,15,17,Hierarchical-Collective
9,24,6,17,Hierarchical-Individual
11,15,15,17,Hierarchical-Individual
18,22,14,5,Distributed-Collective
15,12,24,8,Distributed-Collective
10,20,5,21,Hierarchical-Collective
10,20,12,8,Hierarchical-Collective
7,14,17,17,Distributed-Collective
10,21,7,17,Distributed-Collective
15,11,11,21,Hierarchical-Collective
13,21,6,12,Hierarchical-Collective
13,12,10,12,Hierarchical-Individual
13,21,6,21,Distributed-Individual
12,14,13,21,Hierarchical-Collective
20,21,6,12,Distributed-Individual
20,21,10,8,Distributed-Individual
17,12,18,8,Hierarchical-Collective
21,12,18,12,Distributed-Individual
18,14,18,12,Hierarchical-Collective
18,22,15,12,Hierarchical-Individual
6,14,16,17,Distributed-Individual
6,22,5,8,Hierarchical-Collective
6,12,17,8,Distributed-Individual
6,13,14,17,Distributed-Collective
18,24,9,12,Hierarchical-Collective
9,15,16,17,Hierarchical-Collective
8,19,12,17,Hierarchical-Individual
6,19,12,8,Hierarchical-Individual
9,22,8,17,Hierarchical-Collective
9,15,20,21,Hierarchical-Collective
8,19,16,21,Hierarchical-Individual
6,19,16,12,Hierarchical-Individual
9,22,12,21,Hierarchical-Collective
10,22,5,17,Hierarchical-Individual
10,21,6,8,Hierarchical-Collective
8,21,5,17,Hierarchical-Collective
18,22,8,12,Hierarchical-Individual
18,21,10,5,Hierarchical-Collective
16,21,6,12,Hierarchical-Collective
9,20,6,21,Hierarchical-Individual
7,24,9,21,Distributed-Individual
9,20,6,17,Hierarchical-Individual
7,24,9,17,Distributed-Individual
11,20,10,25,Hierarchical-Collective
14,12,18,12,Distributed-Collective
19,14,19,5,Hierarchical-Collective
17,24,9,12,Distributed-Individual
18,12,24,12,Distributed-Individual
12,23,13,25,Hierarchical-Collective
10,24,12,25,Hierarchical-Individual
10,15,17,25,Hierarchical-Individual
21,13,17,5,Distributed-Individual
18,12,12,12,Hierarchical-Collective
21,21,6,12,Distributed-Individual
20,21,9,12,Distributed-Collective
16,24,12,12,Hierarchical-Collective
15,23,14,12,Distributed-Individual
16,23,8,12,Distributed-Individual
11,23,5,25,Hierarchical-Individual
10,22,15,21,Hierarchical-Individual
6,24,5,17,Hierarchical-Individual
8,22,6,17,Distributed-Collective
9,23,5,17,Distributed-Individual
7,16,15,8,Distributed-Collective
8,15,13,17,Hierarchical-Individual
12,22,6,21,Hierarchical-Individual
13,21,8,21,Hierarchical-Individual
9,20,5,12,Hierarchical-Collective
10,10,9,21,Hierarchical-Collective
12,22,10,21,Hierarchical-Individual
13,21,12,21,Hierarchical-Individual
9,20,9,12,Hierarchical-Collective
10,10,13,21,Hierarchical-Collective
16,20,8,12,Distributed-Collective
18,21,7,5,Distributed-Individual
13,20,16,8,Hierarchical-Individual
5,21,6,21,Hierarchical-Collective
11,21,8,17,Hierarchical-Collective
11,23,9,12,Hierarchical-Collective
11,20,12,21,Hierarchical-Collective
19,21,12,12,Hierarchical-Individual
20,14,13,12,Distributed-Individual
19,24,9,12,Hierarchical-Individual
14,11,18,8,Distributed-Individual
16,21,11,8,Hierarchical-Collective
14,18,9,8,Distributed-Individual
14,20,5,8,Distributed-Individual
6,21,5,21,Distributed-Individual
6,18,8,21,Hierarchical-Individual
8,11,15,21,Hierarchical-Collective
8,20,9,21,Distributed-Collective
10,20,10,21,Hierarchical-Collective
14,13,24,12,Hierarchical-Collective
14,15,19,21,Distributed-Collective
12,22,5,12,Hierarchical-Collective
13,12,14,12,Hierarchical-Individual
6,23,8,17,Hierarchical-Collective
10,22,10,17,Hierarchical-Individual
9,13,12,25,Hierarchical-Individual
22,23,12,17,Distributed-Individual
19,12,14,17,Hierarchical-Individual
11,20,10,17,Hierarchical-Collective
9,22,6,8,Hierarchical-Individual
17,22,9,8,Hierarchical-Collective
7,22,5,17,Distributed-Individual
6,12,10,17,Hierarchical-Collective
8,20,9,21,Distributed-Individual
6,23,13,21,Distributed-Individual
6,24,9,21,Distributed-Collective
17,20,14,8,Hierarchical-Individual
14,15,19,25,Distributed-Collective
12,19,5,21,Hierarchical-Individual
9,10,19,21,Hierarchical-Collective
9,21,6,8,Hierarchical-Individual
12,22,7,17,Distributed-Collective
14,12,9,17,Hierarchical-Collective
10,24,5,17,Distributed-Collective
10,14,11,8,Hierarchical-Individual
14,23,5,8,Hierarchical-Collective
9,19,8,12,Hierarchical-Individual
12,22,5,21,Hierarchical-Collective
10,19,5,21,Distributed-Collective
17,22,8,5,Distributed-Collective
18,12,23,12,Hierarchical-Collective
8,21,12,25,Hierarchical-Collective
